country;emission_2022;population_2050;repartition_method;source_of_budget;probability_of_reach;curve_type;remaining_carbon_budget;time_to_neutrality;temperature;scope
Afghanistan;36.29291;76885.134;equality;lamboll;33%;linear;3818.64845088358;210.434955526222;1.5°C;consumption_based
Albania;10.69817;2240.166;equality;lamboll;33%;linear;111.262164485817;20.8002236804644;1.5°C;consumption_based
Algeria;229.2533;59565.554;equality;lamboll;33%;linear;2958.43810987079;25.809339362799;1.5°C;consumption_based
Andorra;0.7052279;82.195;equality;lamboll;33%;linear;4.08237318569772;11.5774579698214;1.5°C;consumption_based
Angola;63.06419;74295.394;equality;lamboll;33%;linear;3690.02401954434;117.024384822649;1.5°C;consumption_based
Argentina;329.7293;48308.943;equality;lamboll;33%;linear;2399.35681650465;14.5534947395008;1.5°C;consumption_based
Armenia;13.76886;2495.207;equality;lamboll;33%;linear;123.929267590063;18.0013839330291;1.5°C;consumption_based
Aruba;0.8570806;100.002;equality;lamboll;33%;linear;4.96679218098599;11.5900235776798;1.5°C;consumption_based
Australia;516.071;32506.969;equality;lamboll;33%;linear;1614.52130414146;6.25697357201414;1.5°C;consumption_based
Austria;104.6011;8724.332;equality;lamboll;33%;linear;433.31077340379;8.28501370260524;1.5°C;consumption_based
Azerbaijan;61.16201;11224.923;equality;lamboll;33%;linear;557.507447736743;18.2305142599709;1.5°C;consumption_based
Bahamas;3.216727;424.265;equality;lamboll;33%;linear;21.071939407872;13.1014782465979;1.5°C;consumption_based
Bahrain;29.84191;2139.464;equality;lamboll;33%;linear;106.260605454901;7.12156865662425;1.5°C;consumption_based
Bangladesh;198.2366;214709.096;equality;lamboll;33%;linear;10663.9413131674;107.588016674695;1.5°C;consumption_based
Barbados;4.262979;264.216;equality;lamboll;33%;linear;13.1227971729705;6.15663233291577;1.5°C;consumption_based
Belarus;37.69015;7453.546;equality;lamboll;33%;linear;370.194736039473;19.6441105190334;1.5°C;consumption_based
Belgium;135.3539;11870.906;equality;lamboll;33%;linear;589.591439191413;8.71185003448608;1.5°C;consumption_based
Belize;1.471538;516.627;equality;lamboll;33%;linear;25.6592762553374;34.874092623279;1.5°C;consumption_based
Benin;17.1341;24433.809;equality;lamboll;33%;linear;1213.55224388417;141.653456427145;1.5°C;consumption_based
Bermuda;0;56.937;equality;lamboll;33%;linear;2.82788590636986;inf;1.5°C;consumption_based
Bhutan;3.675114;882.34;equality;lamboll;33%;linear;43.8231176673584;23.848575944778;1.5°C;consumption_based
Bosnia and Herzegovina;26.34888;2455.167;equality;lamboll;33%;linear;121.940603774073;9.25584721430837;1.5°C;consumption_based
Botswana;18.26959;3437.43;equality;lamboll;33%;linear;170.726589935068;18.6897012943441;1.5°C;consumption_based
Brazil;1077.661;217489.3;equality;lamboll;33%;linear;10802.025506371;20.0471679059946;1.5°C;consumption_based
British Virgin Islands;0.2776416;40.34;equality;lamboll;33%;linear;2.00356389453186;14.4327355449029;1.5°C;consumption_based
Bulgaria;57.15165;5402.217;equality;lamboll;33%;linear;268.311525325389;9.38945858344909;1.5°C;consumption_based
Burkina Faso;29.78411;37304.383;equality;lamboll;33%;linear;1852.79412212662;124.414939518194;1.5°C;consumption_based
Burundi;4.499215;24131.72;equality;lamboll;33%;linear;1198.54841112921;532.78112343118;1.5°C;consumption_based
Cambodia;40.78146;21931.455;equality;lamboll;33%;linear;1089.26800675632;53.4197650969987;1.5°C;consumption_based
Cameroon;38.30513;51096.317;equality;lamboll;33%;linear;2537.79712158538;132.504294938322;1.5°C;consumption_based
Canada;672.7777;45621.882;equality;lamboll;33%;linear;2265.89875001965;6.73595082006925;1.5°C;consumption_based
Cayman Islands;0;103.958;equality;lamboll;33%;linear;5.16327455001841;inf;1.5°C;consumption_based
Central African Republic;9.32562;10616.752;equality;lamboll;33%;linear;527.30146218143;113.086628488278;1.5°C;consumption_based
Chad;49.86327;38857.686;equality;lamboll;33%;linear;1929.94191112186;77.4093600809519;1.5°C;consumption_based
Chile;120.2864;20320.306;equality;lamboll;33%;linear;1009.24718461673;16.7807363861041;1.5°C;consumption_based
China;12046.22;1260289.093;equality;lamboll;33%;linear;62594.6882351785;10.3924199018744;1.5°C;consumption_based
Colombia;192.7321;59385.356;equality;lamboll;33%;linear;2949.48822869412;30.6071300908787;1.5°C;consumption_based
Congo;20.37865;11006.472;equality;lamboll;33%;linear;546.657657545261;53.6500364396328;1.5°C;consumption_based
Costa Rica;20.15067;5354.15;equality;lamboll;33%;linear;265.92418507456;26.3935824540385;1.5°C;consumption_based
Croatia;23.31505;3234.159;equality;lamboll;33%;linear;160.63074371778;13.7791464069586;1.5°C;consumption_based
Cuba;41.99676;9382;equality;lamboll;33%;linear;465.975122917647;22.1910034449156;1.5°C;consumption_based
Cyprus;10.44542;1508.481;equality;lamboll;33%;linear;74.9216179273007;14.3453528775867;1.5°C;consumption_based
Denmark;60.05671;6124.838;equality;lamboll;33%;linear;304.201890844242;10.1304880285397;1.5°C;consumption_based
Djibouti;1.718966;1530.539;equality;lamboll;33%;linear;76.0171710355204;88.445229324513;1.5°C;consumption_based
Dominican Republic;36.86521;12996.293;equality;lamboll;33%;linear;645.485954822933;35.0187048885891;1.5°C;consumption_based
Ecuador;64.94059;21337.238;equality;lamboll;33%;linear;1059.7550735209;32.6376792548666;1.5°C;consumption_based
Egypt;359.3699;161630.192;equality;lamboll;33%;linear;8027.67518486494;44.6763915668226;1.5°C;consumption_based
El Salvador;15.27658;6663.345;equality;lamboll;33%;linear;330.947879494531;43.3274829175811;1.5°C;consumption_based
Eritrea;6.147011;5696.062;equality;lamboll;33%;linear;282.905903922036;92.0466561462264;1.5°C;consumption_based
Estonia;12.3808;1174.267;equality;lamboll;33%;linear;58.3222350951968;9.42140008645593;1.5°C;consumption_based
Ethiopia;15.46353;225021.874;equality;lamboll;33%;linear;11176.1453204337;1445.48435194729;1.5°C;consumption_based
Fiji;3.433959;1000.261;equality;lamboll;33%;linear;49.6798915396214;28.9344698289184;1.5°C;consumption_based
Finland;64.9849;5351.645;equality;lamboll;33%;linear;265.799769418739;8.18035480300006;1.5°C;consumption_based
France;561.8057;68219.675;equality;lamboll;33%;linear;3388.26171855968;12.0620410884392;1.5°C;consumption_based
French Polynesia;0;284.75;equality;lamboll;33%;linear;14.1426578822;inf;1.5°C;consumption_based
Gabon;14.30998;4084.533;equality;lamboll;33%;linear;202.866208349625;28.3531085787157;1.5°C;consumption_based
Gambia;2.508158;4301.896;equality;lamboll;33%;linear;213.66196092293;170.373605588588;1.5°C;consumption_based
Georgia;17.8212;3664.014;equality;lamboll;33%;linear;181.980321255807;20.4229032002117;1.5°C;consumption_based
Germany;872.121;78294.613;equality;lamboll;33%;linear;3888.65294355837;8.91769133768907;1.5°C;consumption_based
Ghana;54.33566;50553.047;equality;lamboll;33%;linear;2510.81456935478;92.4186646248443;1.5°C;consumption_based
Greece;83.41989;8812.07;equality;lamboll;33%;linear;437.668450374004;10.4931437903839;1.5°C;consumption_based
Greenland;0;49.898;equality;lamboll;33%;linear;2.47828039686045;inf;1.5°C;consumption_based
Guatemala;40.88083;24670.857;equality;lamboll;33%;linear;1225.32568994443;59.9462236918592;1.5°C;consumption_based
Guinea;25.79336;23404.584;equality;lamboll;33%;linear;1162.43379942831;90.1343446087139;1.5°C;consumption_based
Guyana;3.330323;940.608;equality;lamboll;33%;linear;46.7171102555236;28.0556031685356;1.5°C;consumption_based
Haiti;14.31872;14710.861;equality;lamboll;33%;linear;730.643281038096;102.054273152642;1.5°C;consumption_based
Honduras;16.61826;14846.778;equality;lamboll;33%;linear;737.393860955129;88.7450143342478;1.5°C;consumption_based
Hungary;60.08714;8725.347;equality;lamboll;33%;linear;433.361185336189;14.4244237730798;1.5°C;consumption_based
Iceland;6.905605;432.993;equality;lamboll;33%;linear;21.5054323595695;6.22839920892361;1.5°C;consumption_based
India;2949.414;1679589.259;equality;lamboll;33%;linear;83420.0395879007;56.5671957805182;1.5°C;consumption_based
Indonesia;847.1642;320712.949;equality;lamboll;33%;linear;15928.8270977996;37.6050524745961;1.5°C;consumption_based
Iraq;404.6027;71928.75;equality;lamboll;33%;linear;3572.48008127933;17.659200402169;1.5°C;consumption_based
Ireland;58.80573;5970.042;equality;lamboll;33%;linear;296.5136489846;10.0845155390333;1.5°C;consumption_based
Israel;96.33576;13092.722;equality;lamboll;33%;linear;650.275287068491;13.5001849171791;1.5°C;consumption_based
Italy;480.3724;51891.098;equality;lamboll;33%;linear;2577.27145266272;10.7303061235938;1.5°C;consumption_based
Jamaica;12.76953;2454.94;equality;lamboll;33%;linear;121.92932938131;19.0969173307568;1.5°C;consumption_based
Japan;1258.371;105123.167;equality;lamboll;33%;linear;5221.14481606452;8.29825991867982;1.5°C;consumption_based
Jordan;33.45501;16367.355;equality;lamboll;33%;linear;812.916250049218;48.5975792593825;1.5°C;consumption_based
Kazakhstan;260.4604;26544.264;equality;lamboll;33%;linear;1318.37206141105;10.1233973487797;1.5°C;consumption_based
Kenya;79.74114;83593.239;equality;lamboll;33%;linear;4151.81942209649;104.132432069481;1.5°C;consumption_based
Kuwait;120.129;6367.756;equality;lamboll;33%;linear;316.266881774631;5.26545433283604;1.5°C;consumption_based
Kyrgyzstan;24.1211;9642.952;equality;lamboll;33%;linear;478.935807236087;39.7109424724484;1.5°C;consumption_based
Latvia;16.48173;1513.81;equality;lamboll;33%;linear;75.1862929891242;9.12359236428751;1.5°C;consumption_based
Lebanon;35.63768;6999.26;equality;lamboll;33%;linear;347.631745771964;19.5092242689179;1.5°C;consumption_based
Lesotho;4.251056;2993.076;equality;lamboll;33%;linear;148.656891601136;69.9388065464845;1.5°C;consumption_based
Liberia;4.860882;8910.53;equality;lamboll;33%;linear;442.558656151288;182.0898578288;1.5°C;consumption_based
Libya;56.0342;9260.606;equality;lamboll;33%;linear;459.945855802803;16.4166118478644;1.5°C;consumption_based
Liechtenstein;1.370673;43.013;equality;lamboll;33%;linear;2.13632359433561;3.11718928487774;1.5°C;consumption_based
Lithuania;26.37468;2258.774;equality;lamboll;33%;linear;112.186366690811;8.50712628102487;1.5°C;consumption_based
Luxembourg;8.842451;791.464;equality;lamboll;33%;linear;39.3095858756014;8.89110629521191;1.5°C;consumption_based
Madagascar;31.88092;53185.475;equality;lamboll;33%;linear;2641.55918253661;165.714112549864;1.5°C;consumption_based
Malawi;16.42;37361.682;equality;lamboll;33%;linear;1855.6399874611;226.021922955067;1.5°C;consumption_based
Malaysia;233.1968;44289.772;equality;lamboll;33%;linear;2199.73693793376;18.8659273020364;1.5°C;consumption_based
Maldives;2.901473;589.962;equality;lamboll;33%;linear;29.3016004547795;20.1977412540316;1.5°C;consumption_based
Mali;73.55506;46154.079;equality;lamboll;33%;linear;2292.33134035129;62.3296708710805;1.5°C;consumption_based
Malta;2.956266;535.722;equality;lamboll;33%;linear;26.6076662544966;18.0008607171998;1.5°C;consumption_based
Mauritania;8.741203;9415.598;equality;lamboll;33%;linear;467.643832380425;106.997591150881;1.5°C;consumption_based
Mauritius;9.153498;1107.197;equality;lamboll;33%;linear;54.9910742026274;12.0153135342636;1.5°C;consumption_based
Mexico;597.8052;148946.274;equality;lamboll;33%;linear;7397.70393682323;24.749546965544;1.5°C;consumption_based
Monaco;1.08342;36.757;equality;lamboll;33%;linear;1.82560728981922;3.37008231308121;1.5°C;consumption_based
Mongolia;44.70931;4501.493;equality;lamboll;33%;linear;223.575330845015;10.0012874654077;1.5°C;consumption_based
Montenegro;4.889849;533.295;equality;lamboll;33%;linear;26.4871246190968;10.8335143351448;1.5°C;consumption_based
Morocco;84.54553;43440.431;equality;lamboll;33%;linear;2157.55277923903;51.0388373989501;1.5°C;consumption_based
Mozambique;46.50852;63530.951;equality;lamboll;33%;linear;3155.38719903006;135.690716411963;1.5°C;consumption_based
Myanmar;76.01056;58623.231;equality;lamboll;33%;linear;2911.63582083294;76.6113503395564;1.5°C;consumption_based
Namibia;15.53063;4512.3;equality;lamboll;33%;linear;224.112081341004;28.8606555356742;1.5°C;consumption_based
Nepal;51.71283;34642.027;equality;lamboll;33%;linear;1720.56307710951;66.5429866093003;1.5°C;consumption_based
Netherlands;199.7464;18958.475;equality;lamboll;33%;linear;941.609221749748;9.42804698106947;1.5°C;consumption_based
New Caledonia;0;340.581;equality;lamboll;33%;linear;16.9156121656806;inf;1.5°C;consumption_based
New Zealand;79.7114;5755.288;equality;lamboll;33%;linear;285.847477427676;7.17206014265654;1.5°C;consumption_based
Nicaragua;16.31699;8756.43;equality;lamboll;33%;linear;434.904982473862;53.3070109712467;1.5°C;consumption_based
Niger;34.38707;52513.876;equality;lamboll;33%;linear;2608.20292304221;151.696723392962;1.5°C;consumption_based
Nigeria;449.8309;359185.556;equality;lamboll;33%;linear;17839.6433177727;79.3171092415958;1.5°C;consumption_based
Norway;76.82043;5899.829;equality;lamboll;33%;linear;293.026384935845;7.62886604346904;1.5°C;consumption_based
Oman;65.19586;7827.002;equality;lamboll;33%;linear;388.743148478647;11.9253936823181;1.5°C;consumption_based
Pakistan;578.9303;371863.793;equality;lamboll;33%;linear;18469.3324079937;63.8050294067999;1.5°C;consumption_based
Panama;21.22502;5630.68;equality;lamboll;33%;linear;279.658580804726;26.351784903357;1.5°C;consumption_based
Papua New Guinea;17.17362;14906.59;equality;lamboll;33%;linear;740.364539280853;86.2211390820169;1.5°C;consumption_based
Paraguay;29.96962;8640.464;equality;lamboll;33%;linear;429.14530744676;28.6386886084482;1.5°C;consumption_based
Peru;99.16215;40583.876;equality;lamboll;33%;linear;2015.67646637972;40.6541501244118;1.5°C;consumption_based
Philippines;260.8678;134373.439;equality;lamboll;33%;linear;6673.91598325431;51.1670354352228;1.5°C;consumption_based
Poland;340.3965;32814.096;equality;lamboll;33%;linear;1629.77535888206;9.57574686509443;1.5°C;consumption_based
Portugal;63.02308;9770.27;equality;lamboll;33%;linear;485.259301235195;15.3994156183796;1.5°C;consumption_based
Qatar;162.3337;4164.46;equality;lamboll;33%;linear;206.83593694155;2.54828094156112;1.5°C;consumption_based
Romania;116.8046;16027.266;equality;lamboll;33%;linear;796.025074012345;13.6300295367194;1.5°C;consumption_based
Rwanda;8.712675;22707.91;equality;lamboll;33%;linear;1127.8321417025;258.894574100951;1.5°C;consumption_based
Samoa;0.6925006;272.726;equality;lamboll;33%;linear;13.5454627342612;39.1204360956833;1.5°C;consumption_based
San Marino;0.566147;33.696;equality;lamboll;33%;linear;1.6735768217686;5.9121635256165;1.5°C;consumption_based
Sao Tome and Principe;0.2998609;365.115;equality;lamboll;33%;linear;18.1341405887952;120.950351238159;1.5°C;consumption_based
Saudi Arabia;703.8256;47693.909;equality;lamboll;33%;linear;2368.80996681923;6.73124128141754;1.5°C;consumption_based
Senegal;28.29428;30364.954;equality;lamboll;33%;linear;1508.13399835202;106.603454716079;1.5°C;consumption_based
Serbia;73.73461;5532.87;equality;lamboll;33%;linear;274.800658530949;7.45377668725579;1.5°C;consumption_based
Seychelles;0.9971907;141.747;equality;lamboll;33%;linear;7.04013811002001;14.1199433769689;1.5°C;consumption_based
Sierra Leone;7.612386;12948.325;equality;lamboll;33%;linear;643.103531598022;168.962407213198;1.5°C;consumption_based
Singapore;98.39144;6081.692;equality;lamboll;33%;linear;302.058961548419;6.13994391277167;1.5°C;consumption_based
Slovakia;47.49821;4936.488;equality;lamboll;33%;linear;245.180196395384;10.3237657332933;1.5°C;consumption_based
Slovenia;16.40035;1981.553;equality;lamboll;33%;linear;98.417651113071;12.001896436731;1.5°C;consumption_based
Somalia;27.54213;37206.512;equality;lamboll;33%;linear;1847.93317017021;134.189561240921;1.5°C;consumption_based
South Africa;442.3963;79177.328;equality;lamboll;33%;linear;3932.4946863239;17.7781535981377;1.5°C;consumption_based
South Sudan;0;18341.974;equality;lamboll;33%;linear;910.989510680269;inf;1.5°C;consumption_based
Spain;347.0203;44928.558;equality;lamboll;33%;linear;2231.46347650422;12.8607085896948;1.5°C;consumption_based
Sri Lanka;52.34435;24813.69;equality;lamboll;33%;linear;1232.41976633877;47.0889319033964;1.5°C;consumption_based
Sudan;0;85206.383;equality;lamboll;33%;linear;4231.93932975838;inf;1.5°C;consumption_based
Suriname;3.667079;733.905;equality;lamboll;33%;linear;36.4508071397224;19.8800228409164;1.5°C;consumption_based
Sweden;98.71911;11309.63;equality;lamboll;33%;linear;561.71458424676;11.3800577060867;1.5°C;consumption_based
Switzerland;98.65993;9342.586;equality;lamboll;33%;linear;464.017550598879;9.40640340204741;1.5°C;consumption_based
Tajikistan;16.7698;15574.642;equality;lamboll;33%;linear;773.544630179956;92.2544848692239;1.5°C;consumption_based
Thailand;283.2797;66382.735;equality;lamboll;33%;linear;3297.02655097363;23.277534895537;1.5°C;consumption_based
Togo;13.54584;15584.778;equality;lamboll;33%;linear;774.048054166941;114.28572228329;1.5°C;consumption_based
Trinidad and Tobago;32.59566;1399.8;equality;lamboll;33%;linear;69.5237664741123;4.26582965180716;1.5°C;consumption_based
Tunisia;31.10463;13145.141;equality;lamboll;33%;linear;652.878777792027;41.9795238067148;1.5°C;consumption_based
Turkmenistan;101.6677;9639.708;equality;lamboll;33%;linear;478.774687720126;9.41842271872239;1.5°C;consumption_based
Uganda;50.1081;85431.202;equality;lamboll;33%;linear;4243.10539895036;169.358063824027;1.5°C;consumption_based
Ukraine;252.1204;31990.132;equality;lamboll;33%;linear;1588.85159783114;12.6039114473176;1.5°C;consumption_based
Uruguay;31.57455;3254.354;equality;lamboll;33%;linear;161.633767338258;10.2382309384145;1.5°C;consumption_based
Uzbekistan;165.7009;52210.754;equality;lamboll;33%;linear;2593.14778435014;31.2991394054002;1.5°C;consumption_based
Vanuatu;0.5712391;534.388;equality;lamboll;33%;linear;26.541410571916;92.9257488568831;1.5°C;consumption_based
Viet Nam;237.3877;110008.908;equality;lamboll;33%;linear;5463.80456484077;46.0327520325676;1.5°C;consumption_based
Yemen;45.34253;70976.403;equality;lamboll;33%;linear;3525.17993095048;155.491099898946;1.5°C;consumption_based
Zambia;39.16851;38083.386;equality;lamboll;33%;linear;1891.48480840654;96.5819127869068;1.5°C;consumption_based
Zimbabwe;22.44673;25866.385;equality;lamboll;33%;linear;1284.70389360586;114.466908418808;1.5°C;consumption_based
Afghanistan;36.29291;76885.134;equality;lamboll;33%;exponential;3818.64845088358;315.2033938769;1.5°C;consumption_based
Albania;10.69817;2240.166;equality;lamboll;33%;exponential;111.262164485817;31.1559506883546;1.5°C;consumption_based
Algeria;229.2533;59565.554;equality;lamboll;33%;exponential;2958.43810987079;38.6589354441222;1.5°C;consumption_based
Andorra;0.7052279;82.195;equality;lamboll;33%;exponential;4.08237318569772;17.3414822429545;1.5°C;consumption_based
Angola;63.06419;74295.394;equality;lamboll;33%;exponential;3690.02401954434;175.286863203006;1.5°C;consumption_based
Argentina;329.7293;48308.943;equality;lamboll;33%;exponential;2399.35681650465;21.7991869420604;1.5°C;consumption_based
Armenia;13.76886;2495.207;equality;lamboll;33%;exponential;123.929267590063;26.9636634084057;1.5°C;consumption_based
Aruba;0.8570806;100.002;equality;lamboll;33%;exponential;4.96679218098599;17.3603038414536;1.5°C;consumption_based
Australia;516.071;32506.969;equality;lamboll;33%;exponential;1614.52130414146;9.37210883222858;1.5°C;consumption_based
Austria;104.6011;8724.332;equality;lamboll;33%;exponential;433.31077340379;12.4098414678658;1.5°C;consumption_based
Azerbaijan;61.16201;11224.923;equality;lamboll;33%;exponential;557.507447736743;27.3068699660406;1.5°C;consumption_based
Bahamas;3.216727;424.265;equality;lamboll;33%;exponential;21.071939407872;19.6242606072994;1.5°C;consumption_based
Bahrain;29.84191;2139.464;equality;lamboll;33%;exponential;106.260605454901;10.6671565314899;1.5°C;consumption_based
Bangladesh;198.2366;214709.096;equality;lamboll;33%;exponential;10663.9413131674;161.152446900025;1.5°C;consumption_based
Barbados;4.262979;264.216;equality;lamboll;33%;exponential;13.1227971729705;9.22181108806088;1.5°C;consumption_based
Belarus;37.69015;7453.546;equality;lamboll;33%;exponential;370.194736039473;29.4242479335648;1.5°C;consumption_based
Belgium;135.3539;11870.906;equality;lamboll;33%;exponential;589.591439191413;13.0491851553362;1.5°C;consumption_based
Belize;1.471538;516.627;equality;lamboll;33%;exponential;25.6592762553374;52.236722391234;1.5°C;consumption_based
Benin;17.1341;24433.809;equality;lamboll;33%;exponential;1213.55224388417;212.177915539636;1.5°C;consumption_based
Bermuda;0;56.937;equality;lamboll;33%;exponential;2.82788590636986;inf;1.5°C;consumption_based
Bhutan;3.675114;882.34;equality;lamboll;33%;exponential;43.8231176673584;35.7219743180374;1.5°C;consumption_based
Bosnia and Herzegovina;26.34888;2455.167;equality;lamboll;33%;exponential;121.940603774073;13.8640201094942;1.5°C;consumption_based
Botswana;18.26959;3437.43;equality;lamboll;33%;exponential;170.726589935068;27.9946706752752;1.5°C;consumption_based
Brazil;1077.661;217489.3;equality;lamboll;33%;exponential;10802.025506371;30.0279739446719;1.5°C;consumption_based
British Virgin Islands;0.2776416;40.34;equality;lamboll;33%;exponential;2.00356389453186;21.6183058337677;1.5°C;consumption_based
Bulgaria;57.15165;5402.217;equality;lamboll;33%;exponential;268.311525325389;14.0641520548185;1.5°C;consumption_based
Burkina Faso;29.78411;37304.383;equality;lamboll;33%;exponential;1852.79412212662;186.356924813461;1.5°C;consumption_based
Burundi;4.499215;24131.72;equality;lamboll;33%;exponential;1198.54841112921;798.034803101569;1.5°C;consumption_based
Cambodia;40.78146;21931.455;equality;lamboll;33%;exponential;1089.26800675632;80.0156571733761;1.5°C;consumption_based
Cameroon;38.30513;51096.317;equality;lamboll;33%;exponential;2537.79712158538;198.473696365624;1.5°C;consumption_based
Canada;672.7777;45621.882;equality;lamboll;33%;exponential;2265.89875001965;10.089552632377;1.5°C;consumption_based
Cayman Islands;0;103.958;equality;lamboll;33%;exponential;5.16327455001841;inf;1.5°C;consumption_based
Central African Republic;9.32562;10616.752;equality;lamboll;33%;exponential;527.30146218143;169.388631334873;1.5°C;consumption_based
Chad;49.86327;38857.686;equality;lamboll;33%;exponential;1929.94191112186;115.948859134835;1.5°C;consumption_based
Chile;120.2864;20320.306;equality;lamboll;33%;exponential;1009.24718461673;25.1352967829268;1.5°C;consumption_based
China;12046.22;1260289.093;equality;lamboll;33%;exponential;62594.6882351785;15.5664538501849;1.5°C;consumption_based
Colombia;192.7321;59385.356;equality;lamboll;33%;exponential;2949.48822869412;45.8453837070553;1.5°C;consumption_based
Congo;20.37865;11006.472;equality;lamboll;33%;exponential;546.657657545261;80.3605728197777;1.5°C;consumption_based
Costa Rica;20.15067;5354.15;equality;lamboll;33%;exponential;265.92418507456;39.5340533861357;1.5°C;consumption_based
Croatia;23.31505;3234.159;equality;lamboll;33%;exponential;160.63074371778;20.6393167966757;1.5°C;consumption_based
Cuba;41.99676;9382;equality;lamboll;33%;exponential;465.975122917647;33.2391526012407;1.5°C;consumption_based
Cyprus;10.44542;1508.481;equality;lamboll;33%;exponential;74.9216179273007;21.4874182954535;1.5°C;consumption_based
Denmark;60.05671;6124.838;equality;lamboll;33%;exponential;304.201890844242;15.1741149669744;1.5°C;consumption_based
Djibouti;1.718966;1530.539;equality;lamboll;33%;exponential;76.0171710355204;132.479113964664;1.5°C;consumption_based
Dominican Republic;36.86521;12996.293;equality;lamboll;33%;exponential;645.485954822933;52.4533322064047;1.5°C;consumption_based
Ecuador;64.94059;21337.238;equality;lamboll;33%;exponential;1059.7550735209;48.8868745388538;1.5°C;consumption_based
Egypt;359.3699;161630.192;equality;lamboll;33%;exponential;8027.67518486494;66.9192540413329;1.5°C;consumption_based
El Salvador;15.27658;6663.345;equality;lamboll;33%;exponential;330.947879494531;64.8987694540285;1.5°C;consumption_based
Eritrea;6.147011;5696.062;equality;lamboll;33%;exponential;282.905903922036;137.873569244988;1.5°C;consumption_based
Estonia;12.3808;1174.267;equality;lamboll;33%;exponential;58.3222350951968;14.1119961505302;1.5°C;consumption_based
Ethiopia;15.46353;225021.874;equality;lamboll;33%;exponential;11176.1453204337;2165.14206202288;1.5°C;consumption_based
Fiji;3.433959;1000.261;equality;lamboll;33%;exponential;49.6798915396214;43.3399625423326;1.5°C;consumption_based
Finland;64.9849;5351.645;equality;lamboll;33%;exponential;265.799769418739;12.2530764462348;1.5°C;consumption_based
France;561.8057;68219.675;equality;lamboll;33%;exponential;3388.26171855968;18.0673228867858;1.5°C;consumption_based
French Polynesia;0;284.75;equality;lamboll;33%;exponential;14.1426578822;inf;1.5°C;consumption_based
Gabon;14.30998;4084.533;equality;lamboll;33%;exponential;202.866208349625;42.4691612124196;1.5°C;consumption_based
Gambia;2.508158;4301.896;equality;lamboll;33%;exponential;213.66196092293;255.196854411745;1.5°C;consumption_based
Georgia;17.8212;3664.014;equality;lamboll;33%;exponential;181.980321255807;30.5907751182717;1.5°C;consumption_based
Germany;872.121;78294.613;equality;lamboll;33%;exponential;3888.65294355837;13.357507872954;1.5°C;consumption_based
Ghana;54.33566;50553.047;equality;lamboll;33%;exponential;2510.81456935478;138.430788147704;1.5°C;consumption_based
Greece;83.41989;8812.07;equality;lamboll;33%;exponential;437.668450374004;15.7173247519479;1.5°C;consumption_based
Greenland;0;49.898;equality;lamboll;33%;exponential;2.47828039686045;inf;1.5°C;consumption_based
Guatemala;40.88083;24670.857;equality;lamboll;33%;exponential;1225.32568994443;89.7914184956948;1.5°C;consumption_based
Guinea;25.79336;23404.584;equality;lamboll;33%;exponential;1162.43379942831;135.009182549981;1.5°C;consumption_based
Guyana;3.330323;940.608;equality;lamboll;33%;exponential;46.7171102555236;42.0235379330029;1.5°C;consumption_based
Haiti;14.31872;14710.861;equality;lamboll;33%;exponential;730.643281038096;152.863639868731;1.5°C;consumption_based
Honduras;16.61826;14846.778;equality;lamboll;33%;exponential;737.393860955129;132.928151779059;1.5°C;consumption_based
Hungary;60.08714;8725.347;equality;lamboll;33%;exponential;433.361185336189;21.6058559122174;1.5°C;consumption_based
Iceland;6.905605;432.993;equality;lamboll;33%;exponential;21.5054323595695;9.3293082613753;1.5°C;consumption_based
India;2949.414;1679589.259;equality;lamboll;33%;exponential;83420.0395879007;84.7300870120728;1.5°C;consumption_based
Indonesia;847.1642;320712.949;equality;lamboll;33%;exponential;15928.8270977996;56.3273346734195;1.5°C;consumption_based
Iraq;404.6027;71928.75;equality;lamboll;33%;exponential;3572.48008127933;26.4511182849676;1.5°C;consumption_based
Ireland;58.80573;5970.042;equality;lamboll;33%;exponential;296.5136489846;15.1052543317195;1.5°C;consumption_based
Israel;96.33576;13092.722;equality;lamboll;33%;exponential;650.275287068491;20.22146982767;1.5°C;consumption_based
Italy;480.3724;51891.098;equality;lamboll;33%;exponential;2577.27145266272;16.072562179782;1.5°C;consumption_based
Jamaica;12.76953;2454.94;equality;lamboll;33%;exponential;121.92932938131;28.6046257865704;1.5°C;consumption_based
Japan;1258.371;105123.167;equality;lamboll;33%;exponential;5221.14481606452;12.4296825263643;1.5°C;consumption_based
Jordan;33.45501;16367.355;equality;lamboll;33%;exponential;812.916250049218;72.7926683019652;1.5°C;consumption_based
Kazakhstan;260.4604;26544.264;equality;lamboll;33%;exponential;1318.37206141105;15.1634940778751;1.5°C;consumption_based
Kenya;79.74114;83593.239;equality;lamboll;33%;exponential;4151.81942209649;155.976443737106;1.5°C;consumption_based
Kuwait;120.129;6367.756;equality;lamboll;33%;exponential;316.266881774631;7.88694573990081;1.5°C;consumption_based
Kyrgyzstan;24.1211;9642.952;equality;lamboll;33%;exponential;478.935807236087;59.4816759889797;1.5°C;consumption_based
Latvia;16.48173;1513.81;equality;lamboll;33%;exponential;75.1862929891242;13.6659200482234;1.5°C;consumption_based
Lebanon;35.63768;6999.26;equality;lamboll;33%;exponential;347.631745771964;29.2222063872;1.5°C;consumption_based
Lesotho;4.251056;2993.076;equality;lamboll;33%;exponential;148.656891601136;104.758969972576;1.5°C;consumption_based
Liberia;4.860882;8910.53;equality;lamboll;33%;exponential;442.558656151288;272.746231892298;1.5°C;consumption_based
Libya;56.0342;9260.606;equality;lamboll;33%;exponential;459.945855802803;24.5898869675282;1.5°C;consumption_based
Liechtenstein;1.370673;43.013;equality;lamboll;33%;exponential;2.13632359433561;4.66913227174247;1.5°C;consumption_based
Lithuania;26.37468;2258.774;equality;lamboll;33%;exponential;112.186366690811;12.7425363776328;1.5°C;consumption_based
Luxembourg;8.842451;791.464;equality;lamboll;33%;exponential;39.3095858756014;13.3176870380827;1.5°C;consumption_based
Madagascar;31.88092;53185.475;equality;lamboll;33%;exponential;2641.55918253661;248.217557574493;1.5°C;consumption_based
Malawi;16.42;37361.682;equality;lamboll;33%;exponential;1855.6399874611;338.550584563614;1.5°C;consumption_based
Malaysia;233.1968;44289.772;equality;lamboll;33%;exponential;2199.73693793376;28.2586336446169;1.5°C;consumption_based
Maldives;2.901473;589.962;equality;lamboll;33%;exponential;29.3016004547795;30.2535126637977;1.5°C;consumption_based
Mali;73.55506;46154.079;equality;lamboll;33%;exponential;2292.33134035129;93.3615033142469;1.5°C;consumption_based
Malta;2.956266;535.722;equality;lamboll;33%;exponential;26.6076662544966;26.9628797011328;1.5°C;consumption_based
Mauritania;8.741203;9415.598;equality;lamboll;33%;exponential;467.643832380425;160.268068501614;1.5°C;consumption_based
Mauritius;9.153498;1107.197;equality;lamboll;33%;exponential;54.9910742026274;17.9973312657317;1.5°C;consumption_based
Mexico;597.8052;148946.274;equality;lamboll;33%;exponential;7397.70393682323;37.0715083002603;1.5°C;consumption_based
Monaco;1.08342;36.757;equality;lamboll;33%;exponential;1.82560728981922;5.04793217491543;1.5°C;consumption_based
Mongolia;44.70931;4501.493;equality;lamboll;33%;exponential;223.575330845015;14.9805898186065;1.5°C;consumption_based
Montenegro;4.889849;533.295;equality;lamboll;33%;exponential;26.4871246190968;16.2271542649016;1.5°C;consumption_based
Morocco;84.54553;43440.431;equality;lamboll;33%;exponential;2157.55277923903;76.4493462003546;1.5°C;consumption_based
Mozambique;46.50852;63530.951;equality;lamboll;33%;exponential;3155.38719903006;203.24652918849;1.5°C;consumption_based
Myanmar;76.01056;58623.231;equality;lamboll;33%;exponential;2911.63582083294;114.75354736638;1.5°C;consumption_based
Namibia;15.53063;4512.3;equality;lamboll;33%;exponential;224.112081341004;43.2293986120719;1.5°C;consumption_based
Nepal;51.71283;34642.027;equality;lamboll;33%;exponential;1720.56307710951;99.672486282076;1.5°C;consumption_based
Netherlands;199.7464;18958.475;equality;lamboll;33%;exponential;941.609221749748;14.1219523088866;1.5°C;consumption_based
New Caledonia;0;340.581;equality;lamboll;33%;exponential;16.9156121656806;inf;1.5°C;consumption_based
New Zealand;79.7114;5755.288;equality;lamboll;33%;exponential;285.847477427676;10.7427860186132;1.5°C;consumption_based
Nicaragua;16.31699;8756.43;equality;lamboll;33%;exponential;434.904982473862;79.8467665866302;1.5°C;consumption_based
Niger;34.38707;52513.876;equality;lamboll;33%;exponential;2608.20292304221;227.221385030345;1.5°C;consumption_based
Nigeria;449.8309;359185.556;equality;lamboll;33%;exponential;17839.6433177727;118.806412000028;1.5°C;consumption_based
Norway;76.82043;5899.829;equality;lamboll;33%;exponential;293.026384935845;11.4270201085202;1.5°C;consumption_based
Oman;65.19586;7827.002;equality;lamboll;33%;exponential;388.743148478647;17.8626433644786;1.5°C;consumption_based
Pakistan;578.9303;371863.793;equality;lamboll;33%;exponential;18469.3324079937;95.571392904506;1.5°C;consumption_based
Panama;21.22502;5630.68;equality;lamboll;33%;exponential;279.658580804726;39.4714462503698;1.5°C;consumption_based
Papua New Guinea;17.17362;14906.59;equality;lamboll;33%;exponential;740.364539280853;129.147724505293;1.5°C;consumption_based
Paraguay;29.96962;8640.464;equality;lamboll;33%;exponential;429.14530744676;42.8969218682956;1.5°C;consumption_based
Peru;99.16215;40583.876;equality;lamboll;33%;exponential;2015.67646637972;60.8944747908047;1.5°C;consumption_based
Philippines;260.8678;134373.439;equality;lamboll;33%;exponential;6673.91598325431;76.6413696976888;1.5°C;consumption_based
Poland;340.3965;32814.096;equality;lamboll;33%;exponential;1629.77535888206;14.3431869635734;1.5°C;consumption_based
Portugal;63.02308;9770.27;equality;lamboll;33%;exponential;485.259301235195;23.0662631809256;1.5°C;consumption_based
Qatar;162.3337;4164.46;equality;lamboll;33%;exponential;206.83593694155;3.8169837293586;1.5°C;consumption_based
Romania;116.8046;16027.266;equality;lamboll;33%;exponential;796.025074012345;20.4159596863222;1.5°C;consumption_based
Rwanda;8.712675;22707.91;equality;lamboll;33%;exponential;1127.8321417025;387.789415541117;1.5°C;consumption_based
Samoa;0.6925006;272.726;equality;lamboll;33%;exponential;13.5454627342612;58.5971764836724;1.5°C;consumption_based
San Marino;0.566147;33.696;equality;lamboll;33%;exponential;1.6735768217686;8.85562954010905;1.5°C;consumption_based
Sao Tome and Principe;0.2998609;365.115;equality;lamboll;33%;exponential;18.1341405887952;181.167435350922;1.5°C;consumption_based
Saudi Arabia;703.8256;47693.909;equality;lamboll;33%;exponential;2368.80996681923;10.0824983739107;1.5°C;consumption_based
Senegal;28.29428;30364.954;equality;lamboll;33%;exponential;1508.13399835202;159.677704882654;1.5°C;consumption_based
Serbia;73.73461;5532.87;equality;lamboll;33%;exponential;274.800658530949;11.1647596909383;1.5°C;consumption_based
Seychelles;0.9971907;141.747;equality;lamboll;33%;exponential;7.04013811002001;21.1497850375704;1.5°C;consumption_based
Sierra Leone;7.612386;12948.325;equality;lamboll;33%;exponential;643.103531598022;253.083068152974;1.5°C;consumption_based
Singapore;98.39144;6081.692;equality;lamboll;33%;exponential;302.058961548419;9.19681406865072;1.5°C;consumption_based
Slovakia;47.49821;4936.488;equality;lamboll;33%;exponential;245.180196395384;15.4636190959187;1.5°C;consumption_based
Slovenia;16.40035;1981.553;equality;lamboll;33%;exponential;98.417651113071;17.9772342496839;1.5°C;consumption_based
Somalia;27.54213;37206.512;equality;lamboll;33%;exponential;1847.93317017021;200.997999691739;1.5°C;consumption_based
South Africa;442.3963;79177.328;equality;lamboll;33%;exponential;3932.4946863239;26.6292942490705;1.5°C;consumption_based
South Sudan;0;18341.974;equality;lamboll;33%;exponential;910.989510680269;inf;1.5°C;consumption_based
Spain;347.0203;44928.558;equality;lamboll;33%;exponential;2231.46347650422;19.2636198914608;1.5°C;consumption_based
Sri Lanka;52.34435;24813.69;equality;lamboll;33%;exponential;1232.41976633877;70.5329165150954;1.5°C;consumption_based
Sudan;0;85206.383;equality;lamboll;33%;exponential;4231.93932975838;inf;1.5°C;consumption_based
Suriname;3.667079;733.905;equality;lamboll;33%;exponential;36.4508071397224;29.7776130117618;1.5°C;consumption_based
Sweden;98.71911;11309.63;equality;lamboll;33%;exponential;561.71458424676;17.0458030725154;1.5°C;consumption_based
Switzerland;98.65993;9342.586;equality;lamboll;33%;exponential;464.017550598879;14.0895331247907;1.5°C;consumption_based
Tajikistan;16.7698;15574.642;equality;lamboll;33%;exponential;773.544630179956;138.184868851416;1.5°C;consumption_based
Thailand;283.2797;66382.735;equality;lamboll;33%;exponential;3297.02655097363;34.8666312676697;1.5°C;consumption_based
Togo;13.54584;15584.778;equality;lamboll;33%;exponential;774.048054166941;171.18471332524;1.5°C;consumption_based
Trinidad and Tobago;32.59566;1399.8;equality;lamboll;33%;exponential;69.5237664741123;6.38964178070115;1.5°C;consumption_based
Tunisia;31.10463;13145.141;equality;lamboll;33%;exponential;652.878777792027;62.8797071481017;1.5°C;consumption_based
Turkmenistan;101.6677;9639.708;equality;lamboll;33%;exponential;478.774687720126;14.1075364522254;1.5°C;consumption_based
Uganda;50.1081;85431.202;equality;lamboll;33%;exponential;4243.10539895036;253.675708792127;1.5°C;consumption_based
Ukraine;252.1204;31990.132;equality;lamboll;33%;exponential;1588.85159783114;18.8789721478729;1.5°C;consumption_based
Uruguay;31.57455;3254.354;equality;lamboll;33%;exponential;161.633767338258;15.3354994231536;1.5°C;consumption_based
Uzbekistan;165.7009;52210.754;equality;lamboll;33%;exponential;2593.14778435014;46.8819210256114;1.5°C;consumption_based
Vanuatu;0.5712391;534.388;equality;lamboll;33%;exponential;26.541410571916;139.190332447369;1.5°C;consumption_based
Viet Nam;237.3877;110008.908;equality;lamboll;33%;exponential;5463.80456484077;68.9509004522353;1.5°C;consumption_based
Yemen;45.34253;70976.403;equality;lamboll;33%;exponential;3525.17993095048;232.904853108841;1.5°C;consumption_based
Zambia;39.16851;38083.386;equality;lamboll;33%;exponential;1891.48480840654;144.666776588657;1.5°C;consumption_based
Zimbabwe;22.44673;25866.385;equality;lamboll;33%;exponential;1284.70389360586;171.456105902087;1.5°C;consumption_based
Afghanistan;36.29291;76885.134;responsability;lamboll;33%;linear;9797.42592222009;539.908534323651;1.5°C;consumption_based
Albania;10.69817;2240.166;responsability;lamboll;33%;linear;-0.0929092658859645;1;1.5°C;consumption_based
Algeria;229.2533;59565.554;responsability;lamboll;33%;linear;3900.01204378761;34.0236065852715;1.5°C;consumption_based
Andorra;0.7052279;82.195;responsability;lamboll;33%;linear;-20.58736219642;-20;1.5°C;consumption_based
Angola;63.06419;74295.394;responsability;lamboll;33%;linear;8320.36179599363;263.869615894333;1.5°C;consumption_based
Argentina;329.7293;48308.943;responsability;lamboll;33%;linear;-3147.59737883339;-8;1.5°C;consumption_based
Armenia;13.76886;2495.207;responsability;lamboll;33%;linear;-59.7257751139749;-3;1.5°C;consumption_based
Aruba;0.8570806;100.002;responsability;lamboll;33%;linear;-43.8860810458835;-21;1.5°C;consumption_based
Australia;516.071;32506.969;responsability;lamboll;33%;linear;-12121.0102151141;-21;1.5°C;consumption_based
Austria;104.6011;8724.332;responsability;lamboll;33%;linear;-2560.99521212368;-21;1.5°C;consumption_based
Azerbaijan;61.16201;11224.923;responsability;lamboll;33%;linear;-304.458601482394;-3;1.5°C;consumption_based
Bahamas;3.216727;424.265;responsability;lamboll;33%;linear;-69.3438495108176;-17;1.5°C;consumption_based
Bahrain;29.84191;2139.464;responsability;lamboll;33%;linear;-777.571765124735;-22;1.5°C;consumption_based
Bangladesh;198.2366;214709.096;responsability;lamboll;33%;linear;25858.6466347985;260.886704420864;1.5°C;consumption_based
Barbados;4.262979;264.216;responsability;lamboll;33%;linear;-142.971469246771;-24;1.5°C;consumption_based
Belarus;37.69015;7453.546;responsability;lamboll;33%;linear;806.933075903358;42.8193082756825;1.5°C;consumption_based
Belgium;135.3539;11870.906;responsability;lamboll;33%;linear;-2913.02882629217;-20;1.5°C;consumption_based
Belize;1.471538;516.627;responsability;lamboll;33%;linear;23.6065506030732;32.0841875684804;1.5°C;consumption_based
Benin;17.1341;24433.809;responsability;lamboll;33%;linear;2996.39295749156;349.757846340521;1.5°C;consumption_based
Bermuda;0;56.937;responsability;lamboll;33%;linear;7.83349858509559;inf;1.5°C;consumption_based
Bhutan;3.675114;882.34;responsability;lamboll;33%;linear;51.4794227969553;28.0151433653243;1.5°C;consumption_based
Bosnia and Herzegovina;26.34888;2455.167;responsability;lamboll;33%;linear;-375.664904944687;-13;1.5°C;consumption_based
Botswana;18.26959;3437.43;responsability;lamboll;33%;linear;-172.815163560863;-8;1.5°C;consumption_based
Brazil;1077.661;217489.3;responsability;lamboll;33%;linear;140.235473151563;0.260258974114425;1.5°C;consumption_based
British Virgin Islands;0.2776416;40.34;responsability;lamboll;33%;linear;-9.28752051011722;-19;1.5°C;consumption_based
Bulgaria;57.15165;5402.217;responsability;lamboll;33%;linear;-923.444355926737;-16;1.5°C;consumption_based
Burkina Faso;29.78411;37304.383;responsability;lamboll;33%;linear;4526.04793892446;303.923665264764;1.5°C;consumption_based
Burundi;4.499215;24131.72;responsability;lamboll;33%;linear;3209.9125028067;1426.87668973663;1.5°C;consumption_based
Cambodia;40.78146;21931.455;responsability;lamboll;33%;linear;2125.27876702421;104.227694007238;1.5°C;consumption_based
Cameroon;38.30513;51096.317;responsability;lamboll;33%;linear;5985.60069148385;312.52214476149;1.5°C;consumption_based
Canada;672.7777;45621.882;responsability;lamboll;33%;linear;-16639.1781396368;-22;1.5°C;consumption_based
Cayman Islands;0;103.958;responsability;lamboll;33%;linear;14.3027354077202;inf;1.5°C;consumption_based
Central African Republic;9.32562;10616.752;responsability;lamboll;33%;linear;881.202200765316;188.985225811327;1.5°C;consumption_based
Chad;49.86327;38857.686;responsability;lamboll;33%;linear;4487.36434987196;179.986765804648;1.5°C;consumption_based
Chile;120.2864;20320.306;responsability;lamboll;33%;linear;-163.62501542267;0;1.5°C;consumption_based
China;12046.22;1260289.093;responsability;lamboll;33%;linear;-62274.8855273212;-4;1.5°C;consumption_based
Colombia;192.7321;59385.356;responsability;lamboll;33%;linear;3313.48356707585;34.3843455976026;1.5°C;consumption_based
Congo;20.37865;11006.472;responsability;lamboll;33%;linear;1064.77507576594;104.499078767822;1.5°C;consumption_based
Costa Rica;20.15067;5354.15;responsability;lamboll;33%;linear;195.526662620994;19.4064676381475;1.5°C;consumption_based
Croatia;23.31505;3234.159;responsability;lamboll;33%;linear;-537.75184661847;-16;1.5°C;consumption_based
Cuba;41.99676;9382;responsability;lamboll;33%;linear;-144.980642853736;-2;1.5°C;consumption_based
Cyprus;10.44542;1508.481;responsability;lamboll;33%;linear;-206.248793356401;-14;1.5°C;consumption_based
Denmark;60.05671;6124.838;responsability;lamboll;33%;linear;-1842.14212185065;-22;1.5°C;consumption_based
Djibouti;1.718966;1530.539;responsability;lamboll;33%;linear;153.891900397591;179.051709455092;1.5°C;consumption_based
Dominican Republic;36.86521;12996.293;responsability;lamboll;33%;linear;847.850644781034;45.9973316186743;1.5°C;consumption_based
Ecuador;64.94059;21337.238;responsability;lamboll;33%;linear;1200.42359460084;36.9699010927014;1.5°C;consumption_based
Egypt;359.3699;161630.192;responsability;lamboll;33%;linear;13873.4791785031;77.2100233130435;1.5°C;consumption_based
El Salvador;15.27658;6663.345;responsability;lamboll;33%;linear;440.861555934643;57.7173105413179;1.5°C;consumption_based
Eritrea;6.147011;5696.062;responsability;lamboll;33%;linear;605.2699148721;196.931456563881;1.5°C;consumption_based
Estonia;12.3808;1174.267;responsability;lamboll;33%;linear;-413.158677419175;-24;1.5°C;consumption_based
Ethiopia;15.46353;225021.874;responsability;lamboll;33%;linear;30573.9530778655;3954.3303602561;1.5°C;consumption_based
Fiji;3.433959;1000.261;responsability;lamboll;33%;linear;42.8340017703655;24.9472994700085;1.5°C;consumption_based
Finland;64.9849;5351.645;responsability;lamboll;33%;linear;-1833.64577594808;-22;1.5°C;consumption_based
France;561.8057;68219.675;responsability;lamboll;33%;linear;-13564.1439585826;-19;1.5°C;consumption_based
French Polynesia;0;284.75;responsability;lamboll;33%;linear;39.1764357466317;inf;1.5°C;consumption_based
Gabon;14.30998;4084.533;responsability;lamboll;33%;linear;38.1427233169337;5.33092615320688;1.5°C;consumption_based
Gambia;2.508158;4301.896;responsability;lamboll;33%;linear;525.761705000674;419.241295804071;1.5°C;consumption_based
Georgia;17.8212;3664.014;responsability;lamboll;33%;linear;-220.288874510065;-10;1.5°C;consumption_based
Germany;872.121;78294.613;responsability;lamboll;33%;linear;-25198.8114098265;-23;1.5°C;consumption_based
Ghana;54.33566;50553.047;responsability;lamboll;33%;linear;6080.21040228078;223.801842189118;1.5°C;consumption_based
Greece;83.41989;8812.07;responsability;lamboll;33%;linear;-3766.48786454848;-23;1.5°C;consumption_based
Greenland;0;49.898;responsability;lamboll;33%;linear;6.86505984507613;inf;1.5°C;consumption_based
Guatemala;40.88083;24670.857;responsability;lamboll;33%;linear;2472.18305016625;120.945834522746;1.5°C;consumption_based
Guinea;25.79336;23404.584;responsability;lamboll;33%;linear;2698.16807161508;209.214159893483;1.5°C;consumption_based
Guyana;3.330323;940.608;responsability;lamboll;33%;linear;-1177.18991415709;-28;1.5°C;consumption_based
Haiti;14.31872;14710.861;responsability;lamboll;33%;linear;1680.11061001099;234.673296217957;1.5°C;consumption_based
Honduras;16.61826;14846.778;responsability;lamboll;33%;linear;1590.76307020722;191.447608860039;1.5°C;consumption_based
Hungary;60.08714;8725.347;responsability;lamboll;33%;linear;-1016.03212653182;-15;1.5°C;consumption_based
Iceland;6.905605;432.993;responsability;lamboll;33%;linear;-137.010639002664;-20;1.5°C;consumption_based
India;2949.414;1679589.259;responsability;lamboll;33%;linear;167963.608846168;113.896257932028;1.5°C;consumption_based
Indonesia;847.1642;320712.949;responsability;lamboll;33%;linear;25253.0971015321;59.6179515176211;1.5°C;consumption_based
Iraq;404.6027;71928.75;responsability;lamboll;33%;linear;3713.26672327668;18.3551257728961;1.5°C;consumption_based
Ireland;58.80573;5970.042;responsability;lamboll;33%;linear;-1298.89090405551;-17;1.5°C;consumption_based
Israel;96.33576;13092.722;responsability;lamboll;33%;linear;-1091.84611366458;-9;1.5°C;consumption_based
Italy;480.3724;51891.098;responsability;lamboll;33%;linear;-13544.0774171408;-21;1.5°C;consumption_based
Jamaica;12.76953;2454.94;responsability;lamboll;33%;linear;-178.538749027793;-11;1.5°C;consumption_based
Japan;1258.371;105123.167;responsability;lamboll;33%;linear;-41554.4127446604;-23;1.5°C;consumption_based
Jordan;33.45501;16367.355;responsability;lamboll;33%;linear;1255.3185780766;75.0451772739926;1.5°C;consumption_based
Kazakhstan;260.4604;26544.264;responsability;lamboll;33%;linear;-6999.84398292316;-16;1.5°C;consumption_based
Kenya;79.74114;83593.239;responsability;lamboll;33%;linear;9606.28616138306;240.936765172483;1.5°C;consumption_based
Kuwait;120.129;6367.756;responsability;lamboll;33%;linear;-2090.90618063484;-18;1.5°C;consumption_based
Kyrgyzstan;24.1211;9642.952;responsability;lamboll;33%;linear;762.309905695711;63.2068940218905;1.5°C;consumption_based
Latvia;16.48173;1513.81;responsability;lamboll;33%;linear;-326.708888603657;-18;1.5°C;consumption_based
Lebanon;35.63768;6999.26;responsability;lamboll;33%;linear;-17.1399432520827;1;1.5°C;consumption_based
Lesotho;4.251056;2993.076;responsability;lamboll;33%;linear;255.564204885989;120.235633163143;1.5°C;consumption_based
Liberia;4.860882;8910.53;responsability;lamboll;33%;linear;1152.8797903715;474.350041976538;1.5°C;consumption_based
Libya;56.0342;9260.606;responsability;lamboll;33%;linear;-457.658135640484;-5;1.5°C;consumption_based
Liechtenstein;1.370673;43.013;responsability;lamboll;33%;linear;-14.3926847879021;-20;1.5°C;consumption_based
Lithuania;26.37468;2258.774;responsability;lamboll;33%;linear;-640.705232942362;-21;1.5°C;consumption_based
Luxembourg;8.842451;791.464;responsability;lamboll;33%;linear;-437.680040667174;-24;1.5°C;consumption_based
Madagascar;31.88092;53185.475;responsability;lamboll;33%;linear;6447.32690311356;404.46303953045;1.5°C;consumption_based
Malawi;16.42;37361.682;responsability;lamboll;33%;linear;4821.32243514429;587.249992100401;1.5°C;consumption_based
Malaysia;233.1968;44289.772;responsability;lamboll;33%;linear;454.125643638167;3.89478452224188;1.5°C;consumption_based
Maldives;2.901473;589.962;responsability;lamboll;33%;linear;32.0911036924647;22.1205599310866;1.5°C;consumption_based
Mali;73.55506;46154.079;responsability;lamboll;33%;linear;5087.95618558723;138.34415159439;1.5°C;consumption_based
Malta;2.956266;535.722;responsability;lamboll;33%;linear;-59.9827087056821;-14;1.5°C;consumption_based
Mauritania;8.741203;9415.598;responsability;lamboll;33%;linear;1075.73658860971;246.130100996329;1.5°C;consumption_based
Mauritius;9.153498;1107.197;responsability;lamboll;33%;linear;-97.4650510312086;-9;1.5°C;consumption_based
Mexico;597.8052;148946.274;responsability;lamboll;33%;linear;1412.52719845901;4.72571064440057;1.5°C;consumption_based
Monaco;1.08342;36.757;responsability;lamboll;33%;linear;-11.3652130284848;-19;1.5°C;consumption_based
Mongolia;44.70931;4501.493;responsability;lamboll;33%;linear;-96.9375667097017;-1;1.5°C;consumption_based
Montenegro;4.889849;533.295;responsability;lamboll;33%;linear;-81.2186028893768;-15;1.5°C;consumption_based
Morocco;84.54553;43440.431;responsability;lamboll;33%;linear;3970.51692576818;93.926123019589;1.5°C;consumption_based
Mozambique;46.50852;63530.951;responsability;lamboll;33%;linear;7709.91552416649;331.548521611373;1.5°C;consumption_based
Myanmar;76.01056;58623.231;responsability;lamboll;33%;linear;6566.36226904811;172.775000448572;1.5°C;consumption_based
Namibia;15.53063;4512.3;responsability;lamboll;33%;linear;116.630904493507;15.0194685590356;1.5°C;consumption_based
Nepal;51.71283;34642.027;responsability;lamboll;33%;linear;3691.65770406876;142.775311429244;1.5°C;consumption_based
Netherlands;199.7464;18958.475;responsability;lamboll;33%;linear;-5114.88967272476;-20;1.5°C;consumption_based
New Caledonia;0;340.581;responsability;lamboll;33%;linear;46.8577687902496;inf;1.5°C;consumption_based
New Zealand;79.7114;5755.288;responsability;lamboll;33%;linear;-1659.64920965633;-20;1.5°C;consumption_based
Nicaragua;16.31699;8756.43;responsability;lamboll;33%;linear;742.76387054391;91.0417755411886;1.5°C;consumption_based
Niger;34.38707;52513.876;responsability;lamboll;33%;linear;6625.72946189758;385.361675879775;1.5°C;consumption_based
Nigeria;449.8309;359185.556;responsability;lamboll;33%;linear;38386.0407818338;170.668759224117;1.5°C;consumption_based
Norway;76.82043;5899.829;responsability;lamboll;33%;linear;-1806.2111694658;-20;1.5°C;consumption_based
Oman;65.19586;7827.002;responsability;lamboll;33%;linear;-278.699726060552;-3;1.5°C;consumption_based
Pakistan;578.9303;371863.793;responsability;lamboll;33%;linear;40466.2405593091;139.796588844319;1.5°C;consumption_based
Panama;21.22502;5630.68;responsability;lamboll;33%;linear;233.224299446336;21.9763561538539;1.5°C;consumption_based
Papua New Guinea;17.17362;14906.59;responsability;lamboll;33%;linear;1699.71275965104;197.944610356004;1.5°C;consumption_based
Paraguay;29.96962;8640.464;responsability;lamboll;33%;linear;139.787552114431;9.32861692036346;1.5°C;consumption_based
Peru;99.16215;40583.876;responsability;lamboll;33%;linear;2914.44960452421;58.7814928281448;1.5°C;consumption_based
Philippines;260.8678;134373.439;responsability;lamboll;33%;linear;13119.7113667952;100.585134438173;1.5°C;consumption_based
Poland;340.3965;32814.096;responsability;lamboll;33%;linear;-7725.67390999893;-19;1.5°C;consumption_based
Portugal;63.02308;9770.27;responsability;lamboll;33%;linear;-1629.19024255577;-17;1.5°C;consumption_based
Qatar;162.3337;4164.46;responsability;lamboll;33%;linear;-2357.49782104682;-15;1.5°C;consumption_based
Romania;116.8046;16027.266;responsability;lamboll;33%;linear;-2322.61623043661;-17;1.5°C;consumption_based
Rwanda;8.712675;22707.91;responsability;lamboll;33%;linear;2923.4674511617;671.083783375761;1.5°C;consumption_based
Samoa;0.6925006;272.726;responsability;lamboll;33%;linear;19.5386517150514;56.429270140853;1.5°C;consumption_based
San Marino;0.566147;33.696;responsability;lamboll;33%;linear;-18.6510752138946;-24;1.5°C;consumption_based
Sao Tome and Principe;0.2998609;365.115;responsability;lamboll;33%;linear;40.8037977392676;272.151505843326;1.5°C;consumption_based
Saudi Arabia;703.8256;47693.909;responsability;lamboll;33%;linear;-7977.80350291765;-10;1.5°C;consumption_based
Senegal;28.29428;30364.954;responsability;lamboll;33%;linear;3518.68094867578;248.720303091351;1.5°C;consumption_based
Serbia;73.73461;5532.87;responsability;lamboll;33%;linear;-1663.9236526621;-20;1.5°C;consumption_based
Seychelles;0.9971907;141.747;responsability;lamboll;33%;linear;-11.4861680372158;-11;1.5°C;consumption_based
Sierra Leone;7.612386;12948.325;responsability;lamboll;33%;linear;1608.79285793329;422.677688160661;1.5°C;consumption_based
Singapore;98.39144;6081.692;responsability;lamboll;33%;linear;-2976.07466895064;-21;1.5°C;consumption_based
Slovakia;47.49821;4936.488;responsability;lamboll;33%;linear;-1334.47597982083;-22;1.5°C;consumption_based
Slovenia;16.40035;1981.553;responsability;lamboll;33%;linear;-363.491744835662;-17;1.5°C;consumption_based
Somalia;27.54213;37206.512;responsability;lamboll;33%;linear;4242.90677032232;308.103024008842;1.5°C;consumption_based
South Africa;442.3963;79177.328;responsability;lamboll;33%;linear;-2079.31583483061;-3;1.5°C;consumption_based
South Sudan;0;18341.974;responsability;lamboll;33%;linear;2523.52297059663;inf;1.5°C;consumption_based
Spain;347.0203;44928.558;responsability;lamboll;33%;linear;-8957.01144784612;-17;1.5°C;consumption_based
Sri Lanka;52.34435;24813.69;responsability;lamboll;33%;linear;2402.99416053323;91.8148438382837;1.5°C;consumption_based
Sudan;0;85206.383;responsability;lamboll;33%;linear;11722.8529896484;inf;1.5°C;consumption_based
Suriname;3.667079;733.905;responsability;lamboll;33%;linear;-8.20145617161813;-1;1.5°C;consumption_based
Sweden;98.71911;11309.63;responsability;lamboll;33%;linear;-1940.77813453669;-17;1.5°C;consumption_based
Switzerland;98.65993;9342.586;responsability;lamboll;33%;linear;-2530.99603443764;-20;1.5°C;consumption_based
Tajikistan;16.7698;15574.642;responsability;lamboll;33%;linear;1723.47754699576;205.545390761459;1.5°C;consumption_based
Thailand;283.2797;66382.735;responsability;lamboll;33%;linear;130.58241233777;0.921932721178183;1.5°C;consumption_based
Togo;13.54584;15584.778;responsability;lamboll;33%;linear;1839.29487076829;271.56601152358;1.5°C;consumption_based
Trinidad and Tobago;32.59566;1399.8;responsability;lamboll;33%;linear;-737.00016690734;-21;1.5°C;consumption_based
Tunisia;31.10463;13145.141;responsability;lamboll;33%;linear;705.2267200594;45.3454498612843;1.5°C;consumption_based
Turkmenistan;101.6677;9639.708;responsability;lamboll;33%;linear;-957.427495870793;-9;1.5°C;consumption_based
Uganda;50.1081;85431.202;responsability;lamboll;33%;linear;10616.1278467095;423.729011744985;1.5°C;consumption_based
Ukraine;252.1204;31990.132;responsability;lamboll;33%;linear;-7840.84631290863;-24;1.5°C;consumption_based
Uruguay;31.57455;3254.354;responsability;lamboll;33%;linear;-688.418220876931;-18;1.5°C;consumption_based
Uzbekistan;165.7009;52210.754;responsability;lamboll;33%;linear;999.548451147302;12.064490309314;1.5°C;consumption_based
Vanuatu;0.5712391;534.388;responsability;lamboll;33%;linear;51.1899642878702;179.224301305251;1.5°C;consumption_based
Viet Nam;237.3877;110008.908;responsability;lamboll;33%;linear;9266.44825867118;78.0701633544719;1.5°C;consumption_based
Yemen;45.34253;70976.403;responsability;lamboll;33%;linear;8740.31717793341;385.524018087805;1.5°C;consumption_based
Zambia;39.16851;38083.386;responsability;lamboll;33%;linear;4240.50590965118;216.526281426134;1.5°C;consumption_based
Zimbabwe;22.44673;25866.385;responsability;lamboll;33%;linear;2744.58614575553;244.542180153237;1.5°C;consumption_based
Afghanistan;36.29291;76885.134;responsability;lamboll;33%;exponential;9797.42592222009;808.710710520296;1.5°C;consumption_based
Albania;10.69817;2240.166;responsability;lamboll;33%;exponential;-0.0929092658859645;1;1.5°C;consumption_based
Algeria;229.2533;59565.554;responsability;lamboll;33%;exponential;3900.01204378761;50.9628081551009;1.5°C;consumption_based
Andorra;0.7052279;82.195;responsability;lamboll;33%;exponential;-20.58736219642;-20;1.5°C;consumption_based
Angola;63.06419;74295.394;responsability;lamboll;33%;exponential;8320.36179599363;395.241362172475;1.5°C;consumption_based
Argentina;329.7293;48308.943;responsability;lamboll;33%;exponential;-3147.59737883339;-8;1.5°C;consumption_based
Armenia;13.76886;2495.207;responsability;lamboll;33%;exponential;-59.7257751139749;-3;1.5°C;consumption_based
Aruba;0.8570806;100.002;responsability;lamboll;33%;exponential;-43.8860810458835;-21;1.5°C;consumption_based
Australia;516.071;32506.969;responsability;lamboll;33%;exponential;-12121.0102151141;-21;1.5°C;consumption_based
Austria;104.6011;8724.332;responsability;lamboll;33%;exponential;-2560.99521212368;-21;1.5°C;consumption_based
Azerbaijan;61.16201;11224.923;responsability;lamboll;33%;exponential;-304.458601482394;-3;1.5°C;consumption_based
Bahamas;3.216727;424.265;responsability;lamboll;33%;exponential;-69.3438495108176;-17;1.5°C;consumption_based
Bahrain;29.84191;2139.464;responsability;lamboll;33%;exponential;-777.571765124735;-22;1.5°C;consumption_based
Bangladesh;198.2366;214709.096;responsability;lamboll;33%;exponential;25858.6466347985;390.773360087361;1.5°C;consumption_based
Barbados;4.262979;264.216;responsability;lamboll;33%;exponential;-142.971469246771;-24;1.5°C;consumption_based
Belarus;37.69015;7453.546;responsability;lamboll;33%;exponential;806.933075903358;64.1375918663598;1.5°C;consumption_based
Belgium;135.3539;11870.906;responsability;lamboll;33%;exponential;-2913.02882629217;-20;1.5°C;consumption_based
Belize;1.471538;516.627;responsability;lamboll;33%;exponential;23.6065506030732;48.0578180848281;1.5°C;consumption_based
Benin;17.1341;24433.809;responsability;lamboll;33%;exponential;2996.39295749156;523.890434105518;1.5°C;consumption_based
Bermuda;0;56.937;responsability;lamboll;33%;exponential;7.83349858509559;inf;1.5°C;consumption_based
Bhutan;3.675114;882.34;responsability;lamboll;33%;exponential;51.4794227969553;41.962934563872;1.5°C;consumption_based
Bosnia and Herzegovina;26.34888;2455.167;responsability;lamboll;33%;exponential;-375.664904944687;-13;1.5°C;consumption_based
Botswana;18.26959;3437.43;responsability;lamboll;33%;exponential;-172.815163560863;-8;1.5°C;consumption_based
Brazil;1077.661;217489.3;responsability;lamboll;33%;exponential;140.235473151563;0.389833104118317;1.5°C;consumption_based
British Virgin Islands;0.2776416;40.34;responsability;lamboll;33%;exponential;-9.28752051011722;-19;1.5°C;consumption_based
Bulgaria;57.15165;5402.217;responsability;lamboll;33%;exponential;-923.444355926737;-16;1.5°C;consumption_based
Burkina Faso;29.78411;37304.383;responsability;lamboll;33%;exponential;4526.04793892446;455.236966365237;1.5°C;consumption_based
Burundi;4.499215;24131.72;responsability;lamboll;33%;exponential;3209.9125028067;2137.27027491295;1.5°C;consumption_based
Cambodia;40.78146;21931.455;responsability;lamboll;33%;exponential;2125.27876702421;156.119133367797;1.5°C;consumption_based
Cameroon;38.30513;51096.317;responsability;lamboll;33%;exponential;5985.60069148385;468.116337631154;1.5°C;consumption_based
Canada;672.7777;45621.882;responsability;lamboll;33%;exponential;-16639.1781396368;-22;1.5°C;consumption_based
Cayman Islands;0;103.958;responsability;lamboll;33%;exponential;14.3027354077202;inf;1.5°C;consumption_based
Central African Republic;9.32562;10616.752;responsability;lamboll;33%;exponential;881.202200765316;283.074570093941;1.5°C;consumption_based
Chad;49.86327;38857.686;responsability;lamboll;33%;exponential;4487.36434987196;269.596081566793;1.5°C;consumption_based
Chile;120.2864;20320.306;responsability;lamboll;33%;exponential;-163.62501542267;0;1.5°C;consumption_based
China;12046.22;1260289.093;responsability;lamboll;33%;exponential;-62274.8855273212;-4;1.5°C;consumption_based
Colombia;192.7321;59385.356;responsability;lamboll;33%;exponential;3313.48356707585;51.5031469058861;1.5°C;consumption_based
Congo;20.37865;11006.472;responsability;lamboll;33%;exponential;1064.77507576594;156.525631410712;1.5°C;consumption_based
Costa Rica;20.15067;5354.15;responsability;lamboll;33%;exponential;195.526662620994;29.0682907096397;1.5°C;consumption_based
Croatia;23.31505;3234.159;responsability;lamboll;33%;exponential;-537.75184661847;-16;1.5°C;consumption_based
Cuba;41.99676;9382;responsability;lamboll;33%;exponential;-144.980642853736;-2;1.5°C;consumption_based
Cyprus;10.44542;1508.481;responsability;lamboll;33%;exponential;-206.248793356401;-14;1.5°C;consumption_based
Denmark;60.05671;6124.838;responsability;lamboll;33%;exponential;-1842.14212185065;-22;1.5°C;consumption_based
Djibouti;1.718966;1530.539;responsability;lamboll;33%;exponential;153.891900397591;268.195492324815;1.5°C;consumption_based
Dominican Republic;36.86521;12996.293;responsability;lamboll;33%;exponential;847.850644781034;68.897845413714;1.5°C;consumption_based
Ecuador;64.94059;21337.238;responsability;lamboll;33%;exponential;1200.42359460084;55.3759629267523;1.5°C;consumption_based
Egypt;359.3699;161630.192;responsability;lamboll;33%;exponential;13873.4791785031;115.65027934037;1.5°C;consumption_based
El Salvador;15.27658;6663.345;responsability;lamboll;33%;exponential;440.861555934643;86.452804965682;1.5°C;consumption_based
Eritrea;6.147011;5696.062;responsability;lamboll;33%;exponential;605.2699148721;294.976960053207;1.5°C;consumption_based
Estonia;12.3808;1174.267;responsability;lamboll;33%;exponential;-413.158677419175;-24;1.5°C;consumption_based
Ethiopia;15.46353;225021.874;responsability;lamboll;33%;exponential;30573.9530778655;5923.05754025679;1.5°C;consumption_based
Fiji;3.433959;1000.261;responsability;lamboll;33%;exponential;42.8340017703655;37.3677150801604;1.5°C;consumption_based
Finland;64.9849;5351.645;responsability;lamboll;33%;exponential;-1833.64577594808;-22;1.5°C;consumption_based
France;561.8057;68219.675;responsability;lamboll;33%;exponential;-13564.1439585826;-19;1.5°C;consumption_based
French Polynesia;0;284.75;responsability;lamboll;33%;exponential;39.1764357466317;inf;1.5°C;consumption_based
Gabon;14.30998;4084.533;responsability;lamboll;33%;exponential;38.1427233169337;7.98501376254744;1.5°C;consumption_based
Gambia;2.508158;4301.896;responsability;lamboll;33%;exponential;525.761705000674;627.967340123426;1.5°C;consumption_based
Georgia;17.8212;3664.014;responsability;lamboll;33%;exponential;-220.288874510065;-10;1.5°C;consumption_based
Germany;872.121;78294.613;responsability;lamboll;33%;exponential;-25198.8114098265;-23;1.5°C;consumption_based
Ghana;54.33566;50553.047;responsability;lamboll;33%;exponential;6080.21040228078;335.225200763389;1.5°C;consumption_based
Greece;83.41989;8812.07;responsability;lamboll;33%;exponential;-3766.48786454848;-23;1.5°C;consumption_based
Greenland;0;49.898;responsability;lamboll;33%;exponential;6.86505984507613;inf;1.5°C;consumption_based
Guatemala;40.88083;24670.857;responsability;lamboll;33%;exponential;2472.18305016625;181.160669915855;1.5°C;consumption_based
Guinea;25.79336;23404.584;responsability;lamboll;33%;exponential;2698.16807161508;313.374805438696;1.5°C;consumption_based
Guyana;3.330323;940.608;responsability;lamboll;33%;exponential;-1177.18991415709;-28;1.5°C;consumption_based
Haiti;14.31872;14710.861;responsability;lamboll;33%;exponential;1680.11061001099;351.509183610715;1.5°C;consumption_based
Honduras;16.61826;14846.778;responsability;lamboll;33%;exponential;1590.76307020722;286.76289027838;1.5°C;consumption_based
Hungary;60.08714;8725.347;responsability;lamboll;33%;exponential;-1016.03212653182;-15;1.5°C;consumption_based
Iceland;6.905605;432.993;responsability;lamboll;33%;exponential;-137.010639002664;-20;1.5°C;consumption_based
India;2949.414;1679589.259;responsability;lamboll;33%;exponential;167963.608846168;170.601347862004;1.5°C;consumption_based
Indonesia;847.1642;320712.949;responsability;lamboll;33%;exponential;25253.0971015321;89.2997107222573;1.5°C;consumption_based
Iraq;404.6027;71928.75;responsability;lamboll;33%;exponential;3713.26672327668;27.4935213315038;1.5°C;consumption_based
Ireland;58.80573;5970.042;responsability;lamboll;33%;exponential;-1298.89090405551;-17;1.5°C;consumption_based
Israel;96.33576;13092.722;responsability;lamboll;33%;exponential;-1091.84611366458;-9;1.5°C;consumption_based
Italy;480.3724;51891.098;responsability;lamboll;33%;exponential;-13544.0774171408;-21;1.5°C;consumption_based
Jamaica;12.76953;2454.94;responsability;lamboll;33%;exponential;-178.538749027793;-11;1.5°C;consumption_based
Japan;1258.371;105123.167;responsability;lamboll;33%;exponential;-41554.4127446604;-23;1.5°C;consumption_based
Jordan;33.45501;16367.355;responsability;lamboll;33%;exponential;1255.3185780766;112.40762976714;1.5°C;consumption_based
Kazakhstan;260.4604;26544.264;responsability;lamboll;33%;exponential;-6999.84398292316;-16;1.5°C;consumption_based
Kenya;79.74114;83593.239;responsability;lamboll;33%;exponential;9606.28616138306;360.891021656454;1.5°C;consumption_based
Kuwait;120.129;6367.756;responsability;lamboll;33%;exponential;-2090.90618063484;-18;1.5°C;consumption_based
Kyrgyzstan;24.1211;9642.952;responsability;lamboll;33%;exponential;762.309905695711;94.675466166242;1.5°C;consumption_based
Latvia;16.48173;1513.81;responsability;lamboll;33%;exponential;-326.708888603657;-18;1.5°C;consumption_based
Lebanon;35.63768;6999.26;responsability;lamboll;33%;exponential;-17.1399432520827;1;1.5°C;consumption_based
Lesotho;4.251056;2993.076;responsability;lamboll;33%;exponential;255.564204885989;180.096883349013;1.5°C;consumption_based
Liberia;4.860882;8910.53;responsability;lamboll;33%;exponential;1152.8797903715;710.512864855402;1.5°C;consumption_based
Libya;56.0342;9260.606;responsability;lamboll;33%;exponential;-457.658135640484;-5;1.5°C;consumption_based
Liechtenstein;1.370673;43.013;responsability;lamboll;33%;exponential;-14.3926847879021;-20;1.5°C;consumption_based
Lithuania;26.37468;2258.774;responsability;lamboll;33%;exponential;-640.705232942362;-21;1.5°C;consumption_based
Luxembourg;8.842451;791.464;responsability;lamboll;33%;exponential;-437.680040667174;-24;1.5°C;consumption_based
Madagascar;31.88092;53185.475;responsability;lamboll;33%;exponential;6447.32690311356;605.831490490557;1.5°C;consumption_based
Malawi;16.42;37361.682;responsability;lamboll;33%;exponential;4821.32243514429;879.621876989748;1.5°C;consumption_based
Malaysia;233.1968;44289.772;responsability;lamboll;33%;exponential;454.125643638167;5.83386584590927;1.5°C;consumption_based
Maldives;2.901473;589.962;responsability;lamboll;33%;exponential;32.0911036924647;33.1336376473206;1.5°C;consumption_based
Mali;73.55506;46154.079;responsability;lamboll;33%;exponential;5087.95618558723;207.22101989438;1.5°C;consumption_based
Malta;2.956266;535.722;responsability;lamboll;33%;exponential;-59.9827087056821;-14;1.5°C;consumption_based
Mauritania;8.741203;9415.598;responsability;lamboll;33%;exponential;1075.73658860971;368.669943523903;1.5°C;consumption_based
Mauritius;9.153498;1107.197;responsability;lamboll;33%;exponential;-97.4650510312086;-9;1.5°C;consumption_based
Mexico;597.8052;148946.274;responsability;lamboll;33%;exponential;1412.52719845901;7.07848194645421;1.5°C;consumption_based
Monaco;1.08342;36.757;responsability;lamboll;33%;exponential;-11.3652130284848;-19;1.5°C;consumption_based
Mongolia;44.70931;4501.493;responsability;lamboll;33%;exponential;-96.9375667097017;-1;1.5°C;consumption_based
Montenegro;4.889849;533.295;responsability;lamboll;33%;exponential;-81.2186028893768;-15;1.5°C;consumption_based
Morocco;84.54553;43440.431;responsability;lamboll;33%;exponential;3970.51692576818;140.688759029793;1.5°C;consumption_based
Mozambique;46.50852;63530.951;responsability;lamboll;33%;exponential;7709.91552416649;496.615303220151;1.5°C;consumption_based
Myanmar;76.01056;58623.231;responsability;lamboll;33%;exponential;6566.36226904811;258.793822453546;1.5°C;consumption_based
Namibia;15.53063;4512.3;responsability;lamboll;33%;exponential;116.630904493507;22.4971533469662;1.5°C;consumption_based
Nepal;51.71283;34642.027;responsability;lamboll;33%;exponential;3691.65770406876;213.858304157653;1.5°C;consumption_based
Netherlands;199.7464;18958.475;responsability;lamboll;33%;exponential;-5114.88967272476;-20;1.5°C;consumption_based
New Caledonia;0;340.581;responsability;lamboll;33%;exponential;46.8577687902496;inf;1.5°C;consumption_based
New Zealand;79.7114;5755.288;responsability;lamboll;33%;exponential;-1659.64920965633;-20;1.5°C;consumption_based
Nicaragua;16.31699;8756.43;responsability;lamboll;33%;exponential;742.76387054391;136.368392615199;1.5°C;consumption_based
Niger;34.38707;52513.876;responsability;lamboll;33%;exponential;6625.72946189758;577.220204711948;1.5°C;consumption_based
Nigeria;449.8309;359185.556;responsability;lamboll;33%;exponential;38386.0407818338;255.638955047551;1.5°C;consumption_based
Norway;76.82043;5899.829;responsability;lamboll;33%;exponential;-1806.2111694658;-20;1.5°C;consumption_based
Oman;65.19586;7827.002;responsability;lamboll;33%;exponential;-278.699726060552;-3;1.5°C;consumption_based
Pakistan;578.9303;371863.793;responsability;lamboll;33%;exponential;40466.2405593091;209.396576466842;1.5°C;consumption_based
Panama;21.22502;5630.68;responsability;lamboll;33%;exponential;233.224299446336;32.9176396926085;1.5°C;consumption_based
Papua New Guinea;17.17362;14906.59;responsability;lamboll;33%;exponential;1699.71275965104;296.494528809775;1.5°C;consumption_based
Paraguay;29.96962;8640.464;responsability;lamboll;33%;exponential;139.787552114431;13.9730193879773;1.5°C;consumption_based
Peru;99.16215;40583.876;responsability;lamboll;33%;exponential;2914.44960452421;88.0468075764778;1.5°C;consumption_based
Philippines;260.8678;134373.439;responsability;lamboll;33%;exponential;13119.7113667952;150.663066738101;1.5°C;consumption_based
Poland;340.3965;32814.096;responsability;lamboll;33%;exponential;-7725.67390999893;-19;1.5°C;consumption_based
Portugal;63.02308;9770.27;responsability;lamboll;33%;exponential;-1629.19024255577;-17;1.5°C;consumption_based
Qatar;162.3337;4164.46;responsability;lamboll;33%;exponential;-2357.49782104682;-15;1.5°C;consumption_based
Romania;116.8046;16027.266;responsability;lamboll;33%;exponential;-2322.61623043661;-17;1.5°C;consumption_based
Rwanda;8.712675;22707.91;responsability;lamboll;33%;exponential;2923.4674511617;1005.19367405874;1.5°C;consumption_based
Samoa;0.6925006;272.726;responsability;lamboll;33%;exponential;19.5386517150514;84.5234928670249;1.5°C;consumption_based
San Marino;0.566147;33.696;responsability;lamboll;33%;exponential;-18.6510752138946;-24;1.5°C;consumption_based
Sao Tome and Principe;0.2998609;365.115;responsability;lamboll;33%;exponential;40.8037977392676;407.646524675585;1.5°C;consumption_based
Saudi Arabia;703.8256;47693.909;responsability;lamboll;33%;exponential;-7977.80350291765;-10;1.5°C;consumption_based
Senegal;28.29428;30364.954;responsability;lamboll;33%;exponential;3518.68094867578;372.549719529445;1.5°C;consumption_based
Serbia;73.73461;5532.87;responsability;lamboll;33%;exponential;-1663.9236526621;-20;1.5°C;consumption_based
Seychelles;0.9971907;141.747;responsability;lamboll;33%;exponential;-11.4861680372158;-11;1.5°C;consumption_based
Sierra Leone;7.612386;12948.325;responsability;lamboll;33%;exponential;1608.79285793329;633.114595867041;1.5°C;consumption_based
Singapore;98.39144;6081.692;responsability;lamboll;33%;exponential;-2976.07466895064;-21;1.5°C;consumption_based
Slovakia;47.49821;4936.488;responsability;lamboll;33%;exponential;-1334.47597982083;-22;1.5°C;consumption_based
Slovenia;16.40035;1981.553;responsability;lamboll;33%;exponential;-363.491744835662;-17;1.5°C;consumption_based
Somalia;27.54213;37206.512;responsability;lamboll;33%;exponential;4242.90677032232;461.497086301434;1.5°C;consumption_based
South Africa;442.3963;79177.328;responsability;lamboll;33%;exponential;-2079.31583483061;-3;1.5°C;consumption_based
South Sudan;0;18341.974;responsability;lamboll;33%;exponential;2523.52297059663;inf;1.5°C;consumption_based
Spain;347.0203;44928.558;responsability;lamboll;33%;exponential;-8957.01144784612;-17;1.5°C;consumption_based
Sri Lanka;52.34435;24813.69;responsability;lamboll;33%;exponential;2402.99416053323;137.526345438833;1.5°C;consumption_based
Sudan;0;85206.383;responsability;lamboll;33%;exponential;11722.8529896484;inf;1.5°C;consumption_based
Suriname;3.667079;733.905;responsability;lamboll;33%;exponential;-8.20145617161813;-1;1.5°C;consumption_based
Sweden;98.71911;11309.63;responsability;lamboll;33%;exponential;-1940.77813453669;-17;1.5°C;consumption_based
Switzerland;98.65993;9342.586;responsability;lamboll;33%;exponential;-2530.99603443764;-20;1.5°C;consumption_based
Tajikistan;16.7698;15574.642;responsability;lamboll;33%;exponential;1723.47754699576;307.879480392184;1.5°C;consumption_based
Thailand;283.2797;66382.735;responsability;lamboll;33%;exponential;130.58241233777;1.38093180343947;1.5°C;consumption_based
Togo;13.54584;15584.778;responsability;lamboll;33%;exponential;1839.29487076829;406.769532560762;1.5°C;consumption_based
Trinidad and Tobago;32.59566;1399.8;responsability;lamboll;33%;exponential;-737.00016690734;-21;1.5°C;consumption_based
Tunisia;31.10463;13145.141;responsability;lamboll;33%;exponential;705.2267200594;67.9214138041368;1.5°C;consumption_based
Turkmenistan;101.6677;9639.708;responsability;lamboll;33%;exponential;-957.427495870793;-9;1.5°C;consumption_based
Uganda;50.1081;85431.202;responsability;lamboll;33%;exponential;10616.1278467095;634.689337862795;1.5°C;consumption_based
Ukraine;252.1204;31990.132;responsability;lamboll;33%;exponential;-7840.84631290863;-24;1.5°C;consumption_based
Uruguay;31.57455;3254.354;responsability;lamboll;33%;exponential;-688.418220876931;-18;1.5°C;consumption_based
Uzbekistan;165.7009;52210.754;responsability;lamboll;33%;exponential;999.548451147302;18.0709914917956;1.5°C;consumption_based
Vanuatu;0.5712391;534.388;responsability;lamboll;33%;exponential;51.1899642878702;268.454011812652;1.5°C;consumption_based
Viet Nam;237.3877;110008.908;responsability;lamboll;33%;exponential;9266.44825867118;116.938653981312;1.5°C;consumption_based
Yemen;45.34253;70976.403;responsability;lamboll;33%;exponential;8740.31717793341;577.463371607924;1.5°C;consumption_based
Zambia;39.16851;38083.386;responsability;lamboll;33%;exponential;4240.50590965118;324.327384670452;1.5°C;consumption_based
Zimbabwe;22.44673;25866.385;responsability;lamboll;33%;exponential;2744.58614575553;366.291450665153;1.5°C;consumption_based
Afghanistan;36.29291;76885.134;equality;lamboll;50%;linear;1965.01284868384;108.286320864535;1.5°C;consumption_based
Albania;10.69817;2240.166;equality;lamboll;50%;linear;57.2536554749932;10.7034484355723;1.5°C;consumption_based
Algeria;229.2533;59565.554;equality;lamboll;50%;linear;1522.36294403768;13.2810558804403;1.5°C;consumption_based
Andorra;0.7052279;82.195;equality;lamboll;50%;linear;2.10072120180695;5.95756691363728;1.5°C;consumption_based
Angola;63.06419;74295.394;equality;lamboll;50%;linear;1898.82486005719;60.2187980233217;1.5°C;consumption_based
Argentina;329.7293;48308.943;equality;lamboll;50%;linear;1234.66902849302;7.48898583470147;1.5°C;consumption_based
Armenia;13.76886;2495.207;equality;lamboll;50%;linear;63.7719356140533;9.2632121488712;1.5°C;consumption_based
Aruba;0.8570806;100.002;equality;lamboll;50%;linear;2.55582847646571;5.96403296601441;1.5°C;consumption_based
Australia;516.071;32506.969;equality;lamboll;50%;linear;830.805754422791;3.21973431726561;1.5°C;consumption_based
Austria;104.6011;8724.332;equality;lamboll;50%;linear;222.974502147367;4.26332996779894;1.5°C;consumption_based
Azerbaijan;61.16201;11224.923;equality;lamboll;50%;linear;286.884040814532;9.38111879627672;1.5°C;consumption_based
Bahamas;3.216727;424.265;equality;lamboll;50%;linear;10.8432688203008;6.7418023477285;1.5°C;consumption_based
Bahrain;29.84191;2139.464;equality;lamboll;50%;linear;54.6799365570011;3.6646405378879;1.5°C;consumption_based
Bangladesh;198.2366;214709.096;equality;lamboll;50%;linear;5487.48646740074;55.3630002471868;1.5°C;consumption_based
Barbados;4.262979;264.216;equality;lamboll;50%;linear;6.75277271192439;3.16810038797958;1.5°C;consumption_based
Belarus;37.69015;7453.546;equality;lamboll;50%;linear;190.496041253646;10.1085318712526;1.5°C;consumption_based
Belgium;135.3539;11870.906;equality;lamboll;50%;linear;303.393928083914;4.48297283024596;1.5°C;consumption_based
Belize;1.471538;516.627;equality;lamboll;50%;linear;13.2038359063923;17.9456268290623;1.5°C;consumption_based
Benin;17.1341;24433.809;equality;lamboll;50%;linear;624.473758832064;72.8925077864684;1.5°C;consumption_based
Bermuda;0;56.937;equality;lamboll;50%;linear;1.45518295598616;inf;1.5°C;consumption_based
Bhutan;3.675114;882.34;equality;lamboll;50%;linear;22.5506459663282;12.272079704917;1.5°C;consumption_based
Bosnia and Herzegovina;26.34888;2455.167;equality;lamboll;50%;linear;62.7486023587416;4.76290471236285;1.5°C;consumption_based
Botswana;18.26959;3437.43;equality;lamboll;50%;linear;87.8530577374203;9.61740879104789;1.5°C;consumption_based
Brazil;1077.661;217489.3;equality;lamboll;50%;linear;5558.54229182009;10.3159384849597;1.5°C;consumption_based
British Virgin Islands;0.2776416;40.34;equality;lamboll;50%;linear;1.03100058739452;7.42684516581462;1.5°C;consumption_based
Bulgaria;57.15165;5402.217;equality;lamboll;50%;linear;138.06863907369;4.83165889606651;1.5°C;consumption_based
Burkina Faso;29.78411;37304.383;equality;lamboll;50%;linear;953.416975344325;64.0218542937375;1.5°C;consumption_based
Burundi;4.499215;24131.72;equality;lamboll;50%;linear;616.753036560239;274.160286432295;1.5°C;consumption_based
Cambodia;40.78146;21931.455;equality;lamboll;50%;linear;560.519161810026;27.4889207894973;1.5°C;consumption_based
Cameroon;38.30513;51096.317;equality;lamboll;50%;linear;1305.90810214914;68.1845017703448;1.5°C;consumption_based
Canada;672.7777;45621.882;equality;lamboll;50%;linear;1165.99373178095;3.46620802616064;1.5°C;consumption_based
Cayman Islands;0;103.958;equality;lamboll;50%;linear;2.65693502886364;inf;1.5°C;consumption_based
Central African Republic;9.32562;10616.752;equality;lamboll;50%;linear;271.340544080861;58.1924942429266;1.5°C;consumption_based
Chad;49.86327;38857.686;equality;lamboll;50%;linear;993.115941764793;39.8335665416565;1.5°C;consumption_based
Chile;120.2864;20320.306;equality;lamboll;50%;linear;519.341780417361;8.63508726534938;1.5°C;consumption_based
China;12046.22;1260289.093;equality;lamboll;50%;linear;32210.1833210189;5.34776607450618;1.5°C;consumption_based
Colombia;192.7321;59385.356;equality;lamboll;50%;linear;1517.75748434885;15.7499190259313;1.5°C;consumption_based
Congo;20.37865;11006.472;equality;lamboll;50%;linear;281.300919611832;27.607414584561;1.5°C;consumption_based
Costa Rica;20.15067;5354.15;equality;lamboll;50%;linear;136.840153569617;13.5816976378073;1.5°C;consumption_based
Croatia;23.31505;3234.159;equality;lamboll;50%;linear;82.6579035381077;7.09051908858079;1.5°C;consumption_based
Cuba;41.99676;9382;equality;lamboll;50%;linear;239.783032001373;11.4191205226962;1.5°C;consumption_based
Cyprus;10.44542;1508.481;equality;lamboll;50%;linear;38.5534158917568;7.38187950159147;1.5°C;consumption_based
Denmark;60.05671;6124.838;equality;lamboll;50%;linear;156.537222996933;5.21298029801941;1.5°C;consumption_based
Djibouti;1.718966;1530.539;equality;lamboll;50%;linear;39.1171692620282;45.512440923239;1.5°C;consumption_based
Dominican Republic;36.86521;12996.293;equality;lamboll;50%;linear;332.156314252634;18.0200418905865;1.5°C;consumption_based
Ecuador;64.94059;21337.238;equality;lamboll;50%;linear;545.332298249297;16.7948057832335;1.5°C;consumption_based
Egypt;359.3699;161630.192;equality;lamboll;50%;linear;4130.90785554508;22.9897264937608;1.5°C;consumption_based
El Salvador;15.27658;6663.345;equality;lamboll;50%;linear;170.300262989894;22.295600584672;1.5°C;consumption_based
Eritrea;6.147011;5696.062;equality;lamboll;50%;linear;145.578663059881;47.3656751419123;1.5°C;consumption_based
Estonia;12.3808;1174.267;equality;lamboll;50%;linear;30.0116501427367;4.84809546115545;1.5°C;consumption_based
Ethiopia;15.46353;225021.874;equality;lamboll;50%;linear;5751.05811280652;743.822156106209;1.5°C;consumption_based
Fiji;3.433959;1000.261;equality;lamboll;50%;linear;25.5644441880969;14.8891959327976;1.5°C;consumption_based
Finland;64.9849;5351.645;equality;lamboll;50%;linear;136.776131346726;4.20947424237711;1.5°C;consumption_based
France;561.8057;68219.675;equality;lamboll;50%;linear;1743.54300934217;6.20692531009268;1.5°C;consumption_based
French Polynesia;0;284.75;equality;lamboll;50%;linear;7.27757603521539;inf;1.5°C;consumption_based
Gabon;14.30998;4084.533;equality;lamboll;50%;linear;104.391569713245;14.5900371227975;1.5°C;consumption_based
Gambia;2.508158;4301.896;equality;lamboll;50%;linear;109.946884058258;87.6714178757941;1.5°C;consumption_based
Georgia;17.8212;3664.014;equality;lamboll;50%;linear;93.6440403128839;10.509285605109;1.5°C;consumption_based
Germany;872.121;78294.613;equality;lamboll;50%;linear;2001.03599387274;4.58889533418584;1.5°C;consumption_based
Ghana;54.33566;50553.047;equality;lamboll;50%;linear;1292.02333048048;47.5571045048678;1.5°C;consumption_based
Greece;83.41989;8812.07;equality;lamboll;50%;linear;225.21689008829;5.39959690880172;1.5°C;consumption_based
Greenland;0;49.898;equality;lamboll;50%;linear;1.27528178755111;inf;1.5°C;consumption_based
Guatemala;40.88083;24670.857;equality;lamboll;50%;linear;630.532177950574;30.8473276081026;1.5°C;consumption_based
Guinea;25.79336;23404.584;equality;lamboll;50%;linear;598.16905928915;46.3816314965674;1.5°C;consumption_based
Guyana;3.330323;940.608;equality;lamboll;50%;linear;24.0398463189882;14.4369457971423;1.5°C;consumption_based
Haiti;14.31872;14710.861;equality;lamboll;50%;linear;375.976855034187;52.5154280597968;1.5°C;consumption_based
Honduras;16.61826;14846.778;equality;lamboll;50%;linear;379.450590949827;45.6667052928317;1.5°C;consumption_based
Hungary;60.08714;8725.347;equality;lamboll;50%;linear;223.00044328758;7.42256806656401;1.5°C;consumption_based
Iceland;6.905605;432.993;equality;lamboll;50%;linear;11.0663370683618;3.20503042625861;1.5°C;consumption_based
India;2949.414;1679589.259;equality;lamboll;50%;linear;42926.5620379406;29.1085361620583;1.5°C;consumption_based
Indonesia;847.1642;320712.949;equality;lamboll;50%;linear;8196.70894407605;19.3509332525526;1.5°C;consumption_based
Iraq;404.6027;71928.75;equality;lamboll;50%;linear;1838.33870849166;9.08713020694946;1.5°C;consumption_based
Ireland;58.80573;5970.042;equality;lamboll;50%;linear;152.580981873325;5.18932362112758;1.5°C;consumption_based
Israel;96.33576;13092.722;equality;lamboll;50%;linear;334.620824803994;6.94697015529839;1.5°C;consumption_based
Italy;480.3724;51891.098;equality;lamboll;50%;linear;1326.22093501603;5.52163669276597;1.5°C;consumption_based
Jamaica;12.76953;2454.94;equality;lamboll;50%;linear;62.7428007441323;9.82695537645196;1.5°C;consumption_based
Japan;1258.371;105123.167;equality;lamboll;50%;linear;2686.71410326653;4.27014624982066;1.5°C;consumption_based
Jordan;33.45501;16367.355;equality;lamboll;50%;linear;418.31315367116;25.0075043272239;1.5°C;consumption_based
Kazakhstan;260.4604;26544.264;equality;lamboll;50%;linear;678.412289934436;5.20933155239289;1.5°C;consumption_based
Kenya;79.74114;83593.239;equality;lamboll;50%;linear;2136.45707762048;53.5848140024204;1.5°C;consumption_based
Kuwait;120.129;6367.756;equality;lamboll;50%;linear;162.745666246529;2.70951504210521;1.5°C;consumption_based
Kyrgyzstan;24.1211;9642.952;equality;lamboll;50%;linear;246.452384140236;20.4345891472807;1.5°C;consumption_based
Latvia;16.48173;1513.81;equality;lamboll;50%;linear;38.6896132673201;4.69484857078961;1.5°C;consumption_based
Lebanon;35.63768;6999.26;equality;lamboll;50%;linear;178.885502511823;10.0391216550473;1.5°C;consumption_based
Lesotho;4.251056;2993.076;equality;lamboll;50%;linear;76.4963588030846;35.9893442020452;1.5°C;consumption_based
Liberia;4.860882;8910.53;equality;lamboll;50%;linear;227.73330847785;93.7004060077369;1.5°C;consumption_based
Libya;56.0342;9260.606;equality;lamboll;50%;linear;236.680471631859;8.44771484671358;1.5°C;consumption_based
Liechtenstein;1.370673;43.013;equality;lamboll;50%;linear;1.09931651625187;1.60405365284334;1.5°C;consumption_based
Lithuania;26.37468;2258.774;equality;lamboll;50%;linear;57.7292345263129;4.37762539877738;1.5°C;consumption_based
Luxembourg;8.842451;791.464;equality;lamboll;50%;linear;20.2280577318199;4.57521511441113;1.5°C;consumption_based
Madagascar;31.88092;53185.475;equality;lamboll;50%;linear;1359.30232934696;85.2737204162842;1.5°C;consumption_based
Malawi;16.42;37361.682;equality;lamboll;50%;linear;954.881410214358;116.307114520628;1.5°C;consumption_based
Malaysia;233.1968;44289.772;equality;lamboll;50%;linear;1131.94796597841;9.70809175750624;1.5°C;consumption_based
Maldives;2.901473;589.962;equality;lamboll;50%;linear;15.0781152340219;10.3934210203038;1.5°C;consumption_based
Mali;73.55506;46154.079;equality;lamboll;50%;linear;1179.59550222243;32.0738098024102;1.5°C;consumption_based
Malta;2.956266;535.722;equality;lamboll;50%;linear;13.6918615934597;9.26294291072572;1.5°C;consumption_based
Mauritania;8.741203;9415.598;equality;lamboll;50%;linear;240.641722079094;55.0591771130573;1.5°C;consumption_based
Mauritius;9.153498;1107.197;equality;lamboll;50%;linear;28.2974902667687;6.18288008950647;1.5°C;consumption_based
Mexico;597.8052;148946.274;equality;lamboll;50%;linear;3806.73515082362;12.7357043760195;1.5°C;consumption_based
Monaco;1.08342;36.757;equality;lamboll;50%;linear;0.939427084552808;1.73418819027304;1.5°C;consumption_based
Mongolia;44.70931;4501.493;equality;lamboll;50%;linear;115.04813899733;5.1464958415744;1.5°C;consumption_based
Montenegro;4.889849;533.295;equality;lamboll;50%;linear;13.6298328769102;5.57474591829328;1.5°C;consumption_based
Morocco;84.54553;43440.431;equality;lamboll;50%;linear;1110.24070098342;26.2637350782097;1.5°C;consumption_based
Mozambique;46.50852;63530.951;equality;lamboll;50%;linear;1623.70966283422;69.824181153656;1.5°C;consumption_based
Myanmar;76.01056;58623.231;equality;lamboll;50%;linear;1498.27926613695;39.4229240288967;1.5°C;consumption_based
Namibia;15.53063;4512.3;equality;lamboll;50%;linear;115.324341856725;14.8512123277324;1.5°C;consumption_based
Nepal;51.71283;34642.027;equality;lamboll;50%;linear;885.37308342927;34.2419118593691;1.5°C;consumption_based
Netherlands;199.7464;18958.475;equality;lamboll;50%;linear;484.536412025391;4.851515842342;1.5°C;consumption_based
New Caledonia;0;340.581;equality;lamboll;50%;linear;8.70449209358979;inf;1.5°C;consumption_based
New Zealand;79.7114;5755.288;equality;lamboll;50%;linear;147.092347759658;3.69062261507534;1.5°C;consumption_based
Nicaragua;16.31699;8756.43;equality;lamboll;50%;linear;223.794855564675;27.4308993956207;1.5°C;consumption_based
Niger;34.38707;52513.876;equality;lamboll;50%;linear;1342.13775414881;78.0606055792952;1.5°C;consumption_based
Nigeria;449.8309;359185.556;equality;lamboll;50%;linear;9179.98312393719;40.8152624639045;1.5°C;consumption_based
Norway;76.82043;5899.829;equality;lamboll;50%;linear;150.786493914904;3.92568731820178;1.5°C;consumption_based
Oman;65.19586;7827.002;equality;lamboll;50%;linear;200.040745154637;6.13660883235952;1.5°C;consumption_based
Pakistan;578.9303;371863.793;equality;lamboll;50%;linear;9504.01063494679;32.8330047155825;1.5°C;consumption_based
Panama;21.22502;5630.68;equality;lamboll;50%;linear;143.907644705765;13.5601893148525;1.5°C;consumption_based
Papua New Guinea;17.17362;14906.59;equality;lamboll;50%;linear;380.979252504939;44.3679611526212;1.5°C;consumption_based
Paraguay;29.96962;8640.464;equality;lamboll;50%;linear;220.831022790312;14.7369918464306;1.5°C;consumption_based
Peru;99.16215;40583.876;equality;lamboll;50%;linear;1037.23351499123;20.9199480848536;1.5°C;consumption_based
Philippines;260.8678;134373.439;equality;lamboll;50%;linear;3434.28593304961;26.3297036510417;1.5°C;consumption_based
Poland;340.3965;32814.096;equality;lamboll;50%;linear;838.655236758059;4.92751974099651;1.5°C;consumption_based
Portugal;63.02308;9770.27;equality;lamboll;50%;linear;249.706348760611;7.92428262029119;1.5°C;consumption_based
Qatar;162.3337;4164.46;equality;lamboll;50%;linear;106.434325884506;1.31130290117833;1.5°C;consumption_based
Romania;116.8046;16027.266;equality;lamboll;50%;linear;409.621236002186;7.01378603243684;1.5°C;consumption_based
Rwanda;8.712675;22707.91;equality;lamboll;50%;linear;580.363622917745;133.222832922781;1.5°C;consumption_based
Samoa;0.6925006;272.726;equality;lamboll;50%;linear;6.97026936533855;20.1307244075703;1.5°C;consumption_based
San Marino;0.566147;33.696;equality;lamboll;50%;linear;0.861194739535093;3.04230081422349;1.5°C;consumption_based
Sao Tome and Principe;0.2998609;365.115;equality;lamboll;50%;linear;9.33152651131753;62.2390349079692;1.5°C;consumption_based
Saudi Arabia;703.8256;47693.909;equality;lamboll;50%;linear;1218.95012875906;3.46378457606278;1.5°C;consumption_based
Senegal;28.29428;30364.954;equality;lamboll;50%;linear;776.060619985313;54.8563610726488;1.5°C;consumption_based
Serbia;73.73461;5532.87;equality;lamboll;50%;linear;141.407838869051;3.83558925365037;1.5°C;consumption_based
Seychelles;0.9971907;141.747;equality;lamboll;50%;linear;3.62273773578113;7.2658875293986;1.5°C;consumption_based
Sierra Leone;7.612386;12948.325;equality;lamboll;50%;linear;330.930358968149;86.9452387117912;1.5°C;consumption_based
Singapore;98.39144;6081.692;equality;lamboll;50%;linear;155.434507296791;3.15951280511375;1.5°C;consumption_based
Slovakia;47.49821;4936.488;equality;lamboll;50%;linear;126.165642728458;5.31243778359049;1.5°C;consumption_based
Slovenia;16.40035;1981.553;equality;lamboll;50%;linear;50.6440829686011;6.17597587473452;1.5°C;consumption_based
Somalia;27.54213;37206.512;equality;lamboll;50%;linear;950.91561048342;69.0517117218908;1.5°C;consumption_based
South Africa;442.3963;79177.328;equality;lamboll;50%;linear;2023.59622400417;9.14834153904169;1.5°C;consumption_based
South Sudan;0;18341.974;equality;lamboll;50%;linear;468.780019037555;inf;1.5°C;consumption_based
Spain;347.0203;44928.558;equality;lamboll;50%;linear;1148.27391395113;6.61790629511376;1.5°C;consumption_based
Sri Lanka;52.34435;24813.69;equality;lamboll;50%;linear;634.182671428494;24.2311795419561;1.5°C;consumption_based
Sudan;0;85206.383;equality;lamboll;50%;linear;2177.6854467715;inf;1.5°C;consumption_based
Suriname;3.667079;733.905;equality;lamboll;50%;linear;18.7569778406488;10.2299284202216;1.5°C;consumption_based
Sweden;98.71911;11309.63;equality;lamboll;50%;linear;289.048963143645;5.85598802792378;1.5°C;consumption_based
Switzerland;98.65993;9342.586;equality;lamboll;50%;linear;238.77569791234;4.84037841730356;1.5°C;consumption_based
Tajikistan;16.7698;15574.642;equality;lamboll;50%;linear;398.053174280102;47.4726203389548;1.5°C;consumption_based
Thailand;283.2797;66382.735;equality;lamboll;50%;linear;1696.59491268851;11.9782314983284;1.5°C;consumption_based
Togo;13.54584;15584.778;equality;lamboll;50%;linear;398.312227873405;58.809527924943;1.5°C;consumption_based
Trinidad and Tobago;32.59566;1399.8;equality;lamboll;50%;linear;35.775771498137;2.1951248416591;1.5°C;consumption_based
Tunisia;31.10463;13145.141;equality;lamboll;50%;linear;335.960537738814;21.6019632922053;1.5°C;consumption_based
Turkmenistan;101.6677;9639.708;equality;lamboll;50%;linear;246.369474722648;4.84656335734256;1.5°C;consumption_based
Uganda;50.1081;85431.202;equality;lamboll;50%;linear;2183.43131987654;87.1488370094473;1.5°C;consumption_based
Ukraine;252.1204;31990.132;equality;lamboll;50%;linear;817.59655138394;6.48576276559882;1.5°C;consumption_based
Uruguay;31.57455;3254.354;equality;lamboll;50%;linear;83.1740427761452;5.2684230037258;1.5°C;consumption_based
Uzbekistan;165.7009;52210.754;equality;lamboll;50%;linear;1334.39063069684;16.1060154856955;1.5°C;consumption_based
Vanuatu;0.5712391;534.388;equality;lamboll;50%;linear;13.6577675234651;47.8180415992711;1.5°C;consumption_based
Viet Nam;237.3877;110008.908;equality;lamboll;50%;linear;2811.58276565765;23.6876869834254;1.5°C;consumption_based
Yemen;45.34253;70976.403;equality;lamboll;50%;linear;1813.99883946827;80.0131284896661;1.5°C;consumption_based
Zambia;39.16851;38083.386;equality;lamboll;50%;linear;973.326557659201;49.6994426215958;1.5°C;consumption_based
Zimbabwe;22.44673;25866.385;equality;lamboll;50%;linear;661.087211918015;58.9027632905118;1.5°C;consumption_based
Afghanistan;36.29291;76885.134;equality;lamboll;50%;exponential;1965.01284868384;162.198413099155;1.5°C;consumption_based
Albania;10.69817;2240.166;equality;lamboll;50%;exponential;57.2536554749932;16.0323329583825;1.5°C;consumption_based
Algeria;229.2533;59565.554;equality;lamboll;50%;exponential;1522.36294403768;19.8932438639546;1.5°C;consumption_based
Andorra;0.7052279;82.195;equality;lamboll;50%;exponential;2.10072120180695;8.92363773752032;1.5°C;consumption_based
Angola;63.06419;74295.394;equality;lamboll;50%;exponential;1898.82486005719;90.199698356547;1.5°C;consumption_based
Argentina;329.7293;48308.943;equality;lamboll;50%;exponential;1234.66902849302;11.2174982806019;1.5°C;consumption_based
Armenia;13.76886;2495.207;equality;lamboll;50%;exponential;63.7719356140533;13.8750517955754;1.5°C;consumption_based
Aruba;0.8570806;100.002;equality;lamboll;50%;exponential;2.55582847646571;8.93332301841465;1.5°C;consumption_based
Australia;516.071;32506.969;equality;lamboll;50%;exponential;830.805754422791;4.82273100325096;1.5°C;consumption_based
Austria;104.6011;8724.332;equality;lamboll;50%;exponential;222.974502147367;6.38589758867259;1.5°C;consumption_based
Azerbaijan;61.16201;11224.923;equality;lamboll;50%;exponential;286.884040814532;14.0516601700251;1.5°C;consumption_based
Bahamas;3.216727;424.265;equality;lamboll;50%;exponential;10.8432688203008;10.0983174375062;1.5°C;consumption_based
Bahrain;29.84191;2139.464;equality;lamboll;50%;exponential;54.6799365570011;5.48914096516251;1.5°C;consumption_based
Bangladesh;198.2366;214709.096;equality;lamboll;50%;exponential;5487.48646740074;82.9263633006376;1.5°C;consumption_based
Barbados;4.262979;264.216;equality;lamboll;50%;exponential;6.75277271192439;4.74539028906466;1.5°C;consumption_based
Belarus;37.69015;7453.546;equality;lamboll;50%;exponential;190.496041253646;15.1412275824802;1.5°C;consumption_based
Belgium;135.3539;11870.906;equality;lamboll;50%;exponential;303.393928083914;6.71489319451675;1.5°C;consumption_based
Belize;1.471538;516.627;equality;lamboll;50%;exponential;13.2038359063923;26.8801467304892;1.5°C;consumption_based
Benin;17.1341;24433.809;equality;lamboll;50%;exponential;624.473758832064;109.183219038104;1.5°C;consumption_based
Bermuda;0;56.937;equality;lamboll;50%;exponential;1.45518295598616;inf;1.5°C;consumption_based
Bhutan;3.675114;882.34;equality;lamboll;50%;exponential;22.5506459663282;18.3819326178234;1.5°C;consumption_based
Bosnia and Herzegovina;26.34888;2455.167;equality;lamboll;50%;exponential;62.7486023587416;7.13419368134388;1.5°C;consumption_based
Botswana;18.26959;3437.43;equality;lamboll;50%;exponential;87.8530577374203;14.405590951652;1.5°C;consumption_based
Brazil;1077.661;217489.3;equality;lamboll;50%;exponential;5558.54229182009;15.4518949256958;1.5°C;consumption_based
British Virgin Islands;0.2776416;40.34;equality;lamboll;50%;exponential;1.03100058739452;11.1244198769596;1.5°C;consumption_based
Bulgaria;57.15165;5402.217;equality;lamboll;50%;exponential;138.06863907369;7.23717824487535;1.5°C;consumption_based
Burkina Faso;29.78411;37304.383;equality;lamboll;50%;exponential;953.416975344325;95.8961675602602;1.5°C;consumption_based
Burundi;4.499215;24131.72;equality;lamboll;50%;exponential;616.753036560239;410.655409096016;1.5°C;consumption_based
Cambodia;40.78146;21931.455;equality;lamboll;50%;exponential;560.519161810026;41.1747235871331;1.5°C;consumption_based
Cameroon;38.30513;51096.317;equality;lamboll;50%;exponential;1305.90810214914;102.131256254811;1.5°C;consumption_based
Canada;672.7777;45621.882;equality;lamboll;50%;exponential;1165.99373178095;5.19191562541065;1.5°C;consumption_based
Cayman Islands;0;103.958;equality;lamboll;50%;exponential;2.65693502886364;inf;1.5°C;consumption_based
Central African Republic;9.32562;10616.752;equality;lamboll;50%;exponential;271.340544080861;87.16456654107;1.5°C;consumption_based
Chad;49.86327;38857.686;equality;lamboll;50%;exponential;993.115941764793;59.6653504298004;1.5°C;consumption_based
Chile;120.2864;20320.306;equality;lamboll;50%;exponential;519.341780417361;12.9342048028811;1.5°C;consumption_based
China;12046.22;1260289.093;equality;lamboll;50%;exponential;32210.1833210189;8.01023771040765;1.5°C;consumption_based
Colombia;192.7321;59385.356;equality;lamboll;50%;exponential;1517.75748434885;23.5912703659222;1.5°C;consumption_based
Congo;20.37865;11006.472;equality;lamboll;50%;exponential;281.300919611832;41.3522114301773;1.5°C;consumption_based
Costa Rica;20.15067;5354.15;equality;lamboll;50%;exponential;136.840153569617;20.3435649716157;1.5°C;consumption_based
Croatia;23.31505;3234.159;equality;lamboll;50%;exponential;82.6579035381077;10.620648434956;1.5°C;consumption_based
Cuba;41.99676;9382;equality;lamboll;50%;exponential;239.783032001373;17.1043139427218;1.5°C;consumption_based
Cyprus;10.44542;1508.481;equality;lamboll;50%;exponential;38.5534158917568;11.0570673312021;1.5°C;consumption_based
Denmark;60.05671;6124.838;equality;lamboll;50%;exponential;156.537222996933;7.80834666008892;1.5°C;consumption_based
Djibouti;1.718966;1530.539;equality;lamboll;50%;exponential;39.1171692620282;68.1715440609832;1.5°C;consumption_based
Dominican Republic;36.86521;12996.293;equality;lamboll;50%;exponential;332.156314252634;26.9916105312124;1.5°C;consumption_based
Ecuador;64.94059;21337.238;equality;lamboll;50%;exponential;545.332298249297;25.1563708564518;1.5°C;consumption_based
Egypt;359.3699;161630.192;equality;lamboll;50%;exponential;4130.90785554508;34.4355328087692;1.5°C;consumption_based
El Salvador;15.27658;6663.345;equality;lamboll;50%;exponential;170.300262989894;33.3958251148855;1.5°C;consumption_based
Eritrea;6.147011;5696.062;equality;lamboll;50%;exponential;145.578663059881;70.9474408406503;1.5°C;consumption_based
Estonia;12.3808;1174.267;equality;lamboll;50%;exponential;30.0116501427367;7.261798019127;1.5°C;consumption_based
Ethiopia;15.46353;225021.874;equality;lamboll;50%;exponential;5751.05811280652;1114.14601941594;1.5°C;consumption_based
Fiji;3.433959;1000.261;equality;lamboll;50%;exponential;25.5644441880969;22.3020223915753;1.5°C;consumption_based
Finland;64.9849;5351.645;equality;lamboll;50%;exponential;136.776131346726;6.30522892129167;1.5°C;consumption_based
France;561.8057;68219.675;equality;lamboll;50%;exponential;1743.54300934217;9.29714323549188;1.5°C;consumption_based
French Polynesia;0;284.75;equality;lamboll;50%;exponential;7.27757603521539;inf;1.5°C;consumption_based
Gabon;14.30998;4084.533;equality;lamboll;50%;exponential;104.391569713245;21.8539225405576;1.5°C;consumption_based
Gambia;2.508158;4301.896;equality;lamboll;50%;exponential;109.946884058258;131.320047999377;1.5°C;consumption_based
Georgia;17.8212;3664.014;equality;lamboll;50%;exponential;93.6440403128839;15.7415030296106;1.5°C;consumption_based
Germany;872.121;78294.613;equality;lamboll;50%;exponential;2001.03599387274;6.87355092629092;1.5°C;consumption_based
Ghana;54.33566;50553.047;equality;lamboll;50%;exponential;1292.02333048048;71.2341764010061;1.5°C;consumption_based
Greece;83.41989;8812.07;equality;lamboll;50%;exponential;225.21689008829;8.08787336193984;1.5°C;consumption_based
Greenland;0;49.898;equality;lamboll;50%;exponential;1.27528178755111;inf;1.5°C;consumption_based
Guatemala;40.88083;24670.857;equality;lamboll;50%;exponential;630.532177950574;46.2051674342429;1.5°C;consumption_based
Guinea;25.79336;23404.584;equality;lamboll;50%;exponential;598.16905928915;69.4734751871776;1.5°C;consumption_based
Guyana;3.330323;940.608;equality;lamboll;50%;exponential;24.0398463189882;21.6246122280244;1.5°C;consumption_based
Haiti;14.31872;14710.861;equality;lamboll;50%;exponential;375.976855034187;78.6610813491181;1.5°C;consumption_based
Honduras;16.61826;14846.778;equality;lamboll;50%;exponential;379.450590949827;68.4026114363074;1.5°C;consumption_based
Hungary;60.08714;8725.347;equality;lamboll;50%;exponential;223.00044328758;11.1180133548285;1.5°C;consumption_based
Iceland;6.905605;432.993;equality;lamboll;50%;exponential;11.0663370683618;4.80070654283271;1.5°C;consumption_based
India;2949.414;1679589.259;equality;lamboll;50%;exponential;42926.5620379406;43.6006906082958;1.5°C;consumption_based
Indonesia;847.1642;320712.949;equality;lamboll;50%;exponential;8196.70894407605;28.9851076340304;1.5°C;consumption_based
Iraq;404.6027;71928.75;equality;lamboll;50%;exponential;1838.33870849166;13.6113046174729;1.5°C;consumption_based
Ireland;58.80573;5970.042;equality;lamboll;50%;exponential;152.580981873325;7.77291212486397;1.5°C;consumption_based
Israel;96.33576;13092.722;equality;lamboll;50%;exponential;334.620824803994;10.4056313488219;1.5°C;consumption_based
Italy;480.3724;51891.098;equality;lamboll;50%;exponential;1326.22093501603;8.27067262167947;1.5°C;consumption_based
Jamaica;12.76953;2454.94;equality;lamboll;50%;exponential;62.7428007441323;14.719463686006;1.5°C;consumption_based
Japan;1258.371;105123.167;equality;lamboll;50%;exponential;2686.71410326653;6.39610746669164;1.5°C;consumption_based
Jordan;33.45501;16367.355;equality;lamboll;50%;exponential;418.31315367116;37.4578938970529;1.5°C;consumption_based
Kazakhstan;260.4604;26544.264;equality;lamboll;50%;exponential;678.412289934436;7.80288132757324;1.5°C;consumption_based
Kenya;79.74114;83593.239;equality;lamboll;50%;exponential;2136.45707762048;80.2628783397193;1.5°C;consumption_based
Kuwait;120.129;6367.756;equality;lamboll;50%;exponential;162.745666246529;4.05849082865729;1.5°C;consumption_based
Kyrgyzstan;24.1211;9642.952;equality;lamboll;50%;exponential;246.452384140236;30.6082791026625;1.5°C;consumption_based
Latvia;16.48173;1513.81;equality;lamboll;50%;exponential;38.6896132673201;7.03225469148164;1.5°C;consumption_based
Lebanon;35.63768;6999.26;equality;lamboll;50%;exponential;178.885502511823;15.03726037008;1.5°C;consumption_based
Lesotho;4.251056;2993.076;equality;lamboll;50%;exponential;76.4963588030846;53.9072199650549;1.5°C;consumption_based
Liberia;4.860882;8910.53;equality;lamboll;50%;exponential;227.73330847785;140.350665161245;1.5°C;consumption_based
Libya;56.0342;9260.606;equality;lamboll;50%;exponential;236.680471631859;12.6535460020405;1.5°C;consumption_based
Liechtenstein;1.370673;43.013;equality;lamboll;50%;exponential;1.09931651625187;2.40265764816748;1.5°C;consumption_based
Lithuania;26.37468;2258.774;equality;lamboll;50%;exponential;57.7292345263129;6.55709684432353;1.5°C;consumption_based
Luxembourg;8.842451;791.464;equality;lamboll;50%;exponential;20.2280577318199;6.85305978834671;1.5°C;consumption_based
Madagascar;31.88092;53185.475;equality;lamboll;50%;exponential;1359.30232934696;127.728618168541;1.5°C;consumption_based
Malawi;16.42;37361.682;equality;lamboll;50%;exponential;954.881410214358;174.212488306693;1.5°C;consumption_based
Malaysia;233.1968;44289.772;equality;lamboll;50%;exponential;1131.94796597841;14.5414218962924;1.5°C;consumption_based
Maldives;2.901473;589.962;equality;lamboll;50%;exponential;15.0781152340219;15.5679533915792;1.5°C;consumption_based
Mali;73.55506;46154.079;equality;lamboll;50%;exponential;1179.59550222243;48.0422735804562;1.5°C;consumption_based
Malta;2.956266;535.722;equality;lamboll;50%;exponential;13.6918615934597;13.8746485128746;1.5°C;consumption_based
Mauritania;8.741203;9415.598;equality;lamboll;50%;exponential;240.641722079094;82.4712769164555;1.5°C;consumption_based
Mauritius;9.153498;1107.197;equality;lamboll;50%;exponential;28.2974902667687;9.26112671382446;1.5°C;consumption_based
Mexico;597.8052;148946.274;equality;lamboll;50%;exponential;3806.73515082362;19.0763803128423;1.5°C;consumption_based
Monaco;1.08342;36.757;equality;lamboll;50%;exponential;0.939427084552808;2.59758176500857;1.5°C;consumption_based
Mongolia;44.70931;4501.493;equality;lamboll;50%;exponential;115.04813899733;7.70876184415792;1.5°C;consumption_based
Montenegro;4.889849;533.295;equality;lamboll;50%;exponential;13.6298328769102;8.35022313214728;1.5°C;consumption_based
Morocco;84.54553;43440.431;equality;lamboll;50%;exponential;1110.24070098342;39.3395593989324;1.5°C;consumption_based
Mozambique;46.50852;63530.951;equality;lamboll;50%;exponential;1623.70966283422;104.587276478244;1.5°C;consumption_based
Myanmar;76.01056;58623.231;equality;lamboll;50%;exponential;1498.27926613695;59.0502629156165;1.5°C;consumption_based
Namibia;15.53063;4512.3;equality;lamboll;50%;exponential;115.324341856725;22.2451280357953;1.5°C;consumption_based
Nepal;51.71283;34642.027;equality;lamboll;50%;exponential;885.37308342927;51.2898002326516;1.5°C;consumption_based
Netherlands;199.7464;18958.475;equality;lamboll;50%;exponential;484.536412025391;7.2669212922812;1.5°C;consumption_based
New Caledonia;0;340.581;equality;lamboll;50%;exponential;8.70449209358979;inf;1.5°C;consumption_based
New Zealand;79.7114;5755.288;equality;lamboll;50%;exponential;147.092347759658;5.52805863874471;1.5°C;consumption_based
Nicaragua;16.31699;8756.43;equality;lamboll;50%;exponential;223.794855564675;41.0878153060368;1.5°C;consumption_based
Niger;34.38707;52513.876;equality;lamboll;50%;exponential;1342.13775414881;116.924337713532;1.5°C;consumption_based
Nigeria;449.8309;359185.556;equality;lamboll;50%;exponential;9179.98312393719;61.1357995083478;1.5°C;consumption_based
Norway;76.82043;5899.829;equality;lamboll;50%;exponential;150.786493914904;5.88015409750933;1.5°C;consumption_based
Oman;65.19586;7827.002;equality;lamboll;50%;exponential;200.040745154637;9.19181856463793;1.5°C;consumption_based
Pakistan;578.9303;371863.793;equality;lamboll;50%;exponential;9504.01063494679;49.1794459321103;1.5°C;consumption_based
Panama;21.22502;5630.68;equality;lamboll;50%;exponential;143.907644705765;20.3113483830028;1.5°C;consumption_based
Papua New Guinea;17.17362;14906.59;equality;lamboll;50%;exponential;380.979252504939;66.4572665683485;1.5°C;consumption_based
Paraguay;29.96962;8640.464;equality;lamboll;50%;exponential;220.831022790312;22.0740410447271;1.5°C;consumption_based
Peru;99.16215;40583.876;equality;lamboll;50%;exponential;1037.23351499123;31.3352818194349;1.5°C;consumption_based
Philippines;260.8678;134373.439;equality;lamboll;50%;exponential;3434.28593304961;39.438371490269;1.5°C;consumption_based
Poland;340.3965;32814.096;equality;lamboll;50%;exponential;838.655236758059;7.38076495833882;1.5°C;consumption_based
Portugal;63.02308;9770.27;equality;lamboll;50%;exponential;249.706348760611;11.8695145951847;1.5°C;consumption_based
Qatar;162.3337;4164.46;equality;lamboll;50%;exponential;106.434325884506;1.96415621073245;1.5°C;consumption_based
Romania;116.8046;16027.266;equality;lamboll;50%;exponential;409.621236002186;10.5057125885866;1.5°C;consumption_based
Rwanda;8.712675;22707.91;equality;lamboll;50%;exponential;580.363622917745;199.549970080533;1.5°C;consumption_based
Samoa;0.6925006;272.726;equality;lamboll;50%;exponential;6.97026936533855;30.1531303988898;1.5°C;consumption_based
San Marino;0.566147;33.696;equality;lamboll;50%;exponential;0.861194739535093;4.55695936751445;1.5°C;consumption_based
Sao Tome and Principe;0.2998609;365.115;equality;lamboll;50%;exponential;9.33152651131753;93.2257427743284;1.5°C;consumption_based
Saudi Arabia;703.8256;47693.909;equality;lamboll;50%;exponential;1218.95012875906;5.18828562157489;1.5°C;consumption_based
Senegal;28.29428;30364.954;equality;lamboll;50%;exponential;776.060619985313;82.1674856375324;1.5°C;consumption_based
Serbia;73.73461;5532.87;equality;lamboll;50%;exponential;141.407838869051;5.74519925762864;1.5°C;consumption_based
Seychelles;0.9971907;141.747;equality;lamboll;50%;exponential;3.62273773578113;10.8833268839164;1.5°C;consumption_based
Sierra Leone;7.612386;12948.325;equality;lamboll;50%;exponential;330.930358968149;130.232328820384;1.5°C;consumption_based
Singapore;98.39144;6081.692;equality;lamboll;50%;exponential;155.434507296791;4.73252723949319;1.5°C;consumption_based
Slovakia;47.49821;4936.488;equality;lamboll;50%;exponential;126.165642728458;7.95732065977483;1.5°C;consumption_based
Slovenia;16.40035;1981.553;equality;lamboll;50%;exponential;50.6440829686011;9.25078512431651;1.5°C;consumption_based
Somalia;27.54213;37206.512;equality;lamboll;50%;exponential;950.91561048342;103.430220674707;1.5°C;consumption_based
South Africa;442.3963;79177.328;equality;lamboll;50%;exponential;2023.59622400417;13.7029909990009;1.5°C;consumption_based
South Sudan;0;18341.974;equality;lamboll;50%;exponential;468.780019037555;inf;1.5°C;consumption_based
Spain;347.0203;44928.558;equality;lamboll;50%;exponential;1148.27391395113;9.9127377358142;1.5°C;consumption_based
Sri Lanka;52.34435;24813.69;equality;lamboll;50%;exponential;634.182671428494;36.2950632900595;1.5°C;consumption_based
Sudan;0;85206.383;equality;lamboll;50%;exponential;2177.6854467715;inf;1.5°C;consumption_based
Suriname;3.667079;733.905;equality;lamboll;50%;exponential;18.7569778406488;15.3230633623025;1.5°C;consumption_based
Sweden;98.71911;11309.63;equality;lamboll;50%;exponential;289.048963143645;8.77148616439853;1.5°C;consumption_based
Switzerland;98.65993;9342.586;equality;lamboll;50%;exponential;238.77569791234;7.25023892046523;1.5°C;consumption_based
Tajikistan;16.7698;15574.642;equality;lamboll;50%;exponential;398.053174280102;71.1076304297913;1.5°C;consumption_based
Thailand;283.2797;66382.735;equality;lamboll;50%;exponential;1696.59491268851;17.9417873398217;1.5°C;consumption_based
Togo;13.54584;15584.778;equality;lamboll;50%;exponential;398.312227873405;88.0888003986132;1.5°C;consumption_based
Trinidad and Tobago;32.59566;1399.8;equality;lamboll;50%;exponential;35.775771498137;3.28800316631913;1.5°C;consumption_based
Tunisia;31.10463;13145.141;equality;lamboll;50%;exponential;335.960537738814;32.356849303294;1.5°C;consumption_based
Turkmenistan;101.6677;9639.708;equality;lamboll;50%;exponential;246.369474722648;7.25950313270765;1.5°C;consumption_based
Uganda;50.1081;85431.202;equality;lamboll;50%;exponential;2183.43131987654;130.537291815949;1.5°C;consumption_based
Ukraine;252.1204;31990.132;equality;lamboll;50%;exponential;817.59655138394;9.71480441775959;1.5°C;consumption_based
Uruguay;31.57455;3254.354;equality;lamboll;50%;exponential;83.1740427761452;7.89139241149782;1.5°C;consumption_based
Uzbekistan;165.7009;52210.754;equality;lamboll;50%;exponential;1334.39063069684;24.1246551944292;1.5°C;consumption_based
Vanuatu;0.5712391;534.388;equality;lamboll;50%;exponential;13.6577675234651;71.6250252385418;1.5°C;consumption_based
Viet Nam;237.3877;110008.908;equality;lamboll;50%;exponential;2811.58276565765;35.4809841910461;1.5°C;consumption_based
Yemen;45.34253;70976.403;equality;lamboll;50%;exponential;1813.99883946827;119.848955662257;1.5°C;consumption_based
Zambia;39.16851;38083.386;equality;lamboll;50%;exponential;973.326557659201;74.4431121195796;1.5°C;consumption_based
Zimbabwe;22.44673;25866.385;equality;lamboll;50%;exponential;661.087211918015;88.2284544954488;1.5°C;consumption_based
Afghanistan;36.29291;76885.134;responsability;lamboll;50%;linear;7943.79032002035;437.759899661964;1.5°C;consumption_based
Albania;10.69817;2240.166;responsability;lamboll;50%;linear;-54.1014182767096;-3;1.5°C;consumption_based
Algeria;229.2533;59565.554;responsability;lamboll;50%;linear;2463.9368779545;21.4953231029128;1.5°C;consumption_based
Andorra;0.7052279;82.195;responsability;lamboll;50%;linear;-22.5690141803108;-22;1.5°C;consumption_based
Angola;63.06419;74295.394;responsability;lamboll;50%;linear;6529.16263650648;207.064029095006;1.5°C;consumption_based
Argentina;329.7293;48308.943;responsability;lamboll;50%;linear;-4312.28516684502;-12;1.5°C;consumption_based
Armenia;13.76886;2495.207;responsability;lamboll;50%;linear;-119.883107089985;-8;1.5°C;consumption_based
Aruba;0.8570806;100.002;responsability;lamboll;50%;linear;-46.2970447504038;-23;1.5°C;consumption_based
Australia;516.071;32506.969;responsability;lamboll;50%;linear;-12904.7257648328;-23;1.5°C;consumption_based
Austria;104.6011;8724.332;responsability;lamboll;50%;linear;-2771.3314833801;-23;1.5°C;consumption_based
Azerbaijan;61.16201;11224.923;responsability;lamboll;50%;linear;-575.082008404604;-8;1.5°C;consumption_based
Bahamas;3.216727;424.265;responsability;lamboll;50%;linear;-79.5725200983888;-20;1.5°C;consumption_based
Bahrain;29.84191;2139.464;responsability;lamboll;50%;linear;-829.152434022635;-23;1.5°C;consumption_based
Bangladesh;198.2366;214709.096;responsability;lamboll;50%;linear;20682.1917890318;208.661687993356;1.5°C;consumption_based
Barbados;4.262979;264.216;responsability;lamboll;50%;linear;-149.341493707817;-25;1.5°C;consumption_based
Belarus;37.69015;7453.546;responsability;lamboll;50%;linear;627.234381117531;33.2837296279018;1.5°C;consumption_based
Belgium;135.3539;11870.906;responsability;lamboll;50%;linear;-3199.22633739967;-22;1.5°C;consumption_based
Belize;1.471538;516.627;responsability;lamboll;50%;linear;11.1511102541282;15.1557217742637;1.5°C;consumption_based
Benin;17.1341;24433.809;responsability;lamboll;50%;linear;2407.31447243945;280.996897699844;1.5°C;consumption_based
Bermuda;0;56.937;responsability;lamboll;50%;linear;6.46079563471189;inf;1.5°C;consumption_based
Bhutan;3.675114;882.34;responsability;lamboll;50%;linear;30.2069510959251;16.4386471254634;1.5°C;consumption_based
Bosnia and Herzegovina;26.34888;2455.167;responsability;lamboll;50%;linear;-434.856906360018;-16;1.5°C;consumption_based
Botswana;18.26959;3437.43;responsability;lamboll;50%;linear;-255.688695758511;-11;1.5°C;consumption_based
Brazil;1077.661;217489.3;responsability;lamboll;50%;linear;-5103.24774139938;-3;1.5°C;consumption_based
British Virgin Islands;0.2776416;40.34;responsability;lamboll;50%;linear;-10.2600838172546;-21;1.5°C;consumption_based
Bulgaria;57.15165;5402.217;responsability;lamboll;50%;linear;-1053.68724217844;-19;1.5°C;consumption_based
Burkina Faso;29.78411;37304.383;responsability;lamboll;50%;linear;3626.67079214216;243.530580040308;1.5°C;consumption_based
Burundi;4.499215;24131.72;responsability;lamboll;50%;linear;2628.11712823773;1168.25585273775;1.5°C;consumption_based
Cambodia;40.78146;21931.455;responsability;lamboll;50%;linear;1596.52992207791;78.2968496997368;1.5°C;consumption_based
Cameroon;38.30513;51096.317;responsability;lamboll;50%;linear;4753.71167204761;248.202351593513;1.5°C;consumption_based
Canada;672.7777;45621.882;responsability;lamboll;50%;linear;-17739.0831578755;-23;1.5°C;consumption_based
Cayman Islands;0;103.958;responsability;lamboll;50%;linear;11.7963958865655;inf;1.5°C;consumption_based
Central African Republic;9.32562;10616.752;responsability;lamboll;50%;linear;625.241282664747;134.091091565976;1.5°C;consumption_based
Chad;49.86327;38857.686;responsability;lamboll;50%;linear;3550.53838051489;142.410972265352;1.5°C;consumption_based
Chile;120.2864;20320.306;responsability;lamboll;50%;linear;-653.530419622043;-4;1.5°C;consumption_based
China;12046.22;1260289.093;responsability;lamboll;50%;linear;-92659.3904414808;-7;1.5°C;consumption_based
Colombia;192.7321;59385.356;responsability;lamboll;50%;linear;1881.75282273058;19.5271345326553;1.5°C;consumption_based
Congo;20.37865;11006.472;responsability;lamboll;50%;linear;799.41833783251;78.4564569127503;1.5°C;consumption_based
Costa Rica;20.15067;5354.15;responsability;lamboll;50%;linear;66.4426311160519;6.59458282191628;1.5°C;consumption_based
Croatia;23.31505;3234.159;responsability;lamboll;50%;linear;-615.724686798142;-19;1.5°C;consumption_based
Cuba;41.99676;9382;responsability;lamboll;50%;linear;-371.17273377001;-8;1.5°C;consumption_based
Cyprus;10.44542;1508.481;responsability;lamboll;50%;linear;-242.616995391945;-16;1.5°C;consumption_based
Denmark;60.05671;6124.838;responsability;lamboll;50%;linear;-1989.80678969796;-23;1.5°C;consumption_based
Djibouti;1.718966;1530.539;responsability;lamboll;50%;linear;116.991898624098;136.118921053818;1.5°C;consumption_based
Dominican Republic;36.86521;12996.293;responsability;lamboll;50%;linear;534.521004210735;28.9986686206717;1.5°C;consumption_based
Ecuador;64.94059;21337.238;responsability;lamboll;50%;linear;686.000819329234;21.1270276210683;1.5°C;consumption_based
Egypt;359.3699;161630.192;responsability;lamboll;50%;linear;9976.7118491832;55.5233582399817;1.5°C;consumption_based
El Salvador;15.27658;6663.345;responsability;lamboll;50%;linear;280.213939430007;36.6854282084088;1.5°C;consumption_based
Eritrea;6.147011;5696.062;responsability;lamboll;50%;linear;467.942674009945;152.250475559567;1.5°C;consumption_based
Estonia;12.3808;1174.267;responsability;lamboll;50%;linear;-441.469262371635;-26;1.5°C;consumption_based
Ethiopia;15.46353;225021.874;responsability;lamboll;50%;linear;25148.8658702383;3252.66816441502;1.5°C;consumption_based
Fiji;3.433959;1000.261;responsability;lamboll;50%;linear;18.7185544188409;10.9020255738877;1.5°C;consumption_based
Finland;64.9849;5351.645;responsability;lamboll;50%;linear;-1962.6694140201;-24;1.5°C;consumption_based
France;561.8057;68219.675;responsability;lamboll;50%;linear;-15208.8626678001;-21;1.5°C;consumption_based
French Polynesia;0;284.75;responsability;lamboll;50%;linear;32.3113538996471;inf;1.5°C;consumption_based
Gabon;14.30998;4084.533;responsability;lamboll;50%;linear;-60.331915319447;-3;1.5°C;consumption_based
Gambia;2.508158;4301.896;responsability;lamboll;50%;linear;422.046628136002;336.539108091278;1.5°C;consumption_based
Georgia;17.8212;3664.014;responsability;lamboll;50%;linear;-308.625155452988;-15;1.5°C;consumption_based
Germany;872.121;78294.613;responsability;lamboll;50%;linear;-27086.4283595122;-25;1.5°C;consumption_based
Ghana;54.33566;50553.047;responsability;lamboll;50%;linear;4861.41916340648;178.940282069141;1.5°C;consumption_based
Greece;83.41989;8812.07;responsability;lamboll;50%;linear;-3978.93942483419;-25;1.5°C;consumption_based
Greenland;0;49.898;responsability;lamboll;50%;linear;5.66206123576679;inf;1.5°C;consumption_based
Guatemala;40.88083;24670.857;responsability;lamboll;50%;linear;1877.38953817239;91.846938438989;1.5°C;consumption_based
Guinea;25.79336;23404.584;responsability;lamboll;50%;linear;2133.90333147592;165.461446781336;1.5°C;consumption_based
Guyana;3.330323;940.608;responsability;lamboll;50%;linear;-1199.86717809363;-28;1.5°C;consumption_based
Haiti;14.31872;14710.861;responsability;lamboll;50%;linear;1325.44418400708;185.134451125112;1.5°C;consumption_based
Honduras;16.61826;14846.778;responsability;lamboll;50%;linear;1232.81980020192;148.369299818623;1.5°C;consumption_based
Hungary;60.08714;8725.347;responsability;lamboll;50%;linear;-1226.39286858042;-18;1.5°C;consumption_based
Iceland;6.905605;432.993;responsability;lamboll;50%;linear;-147.449734293872;-22;1.5°C;consumption_based
India;2949.414;1679589.259;responsability;lamboll;50%;linear;127470.131296208;86.4375983135685;1.5°C;consumption_based
Indonesia;847.1642;320712.949;responsability;lamboll;50%;linear;17520.9789478086;41.3638322955776;1.5°C;consumption_based
Iraq;404.6027;71928.75;responsability;lamboll;50%;linear;1979.12535048901;9.7830555776766;1.5°C;consumption_based
Ireland;58.80573;5970.042;responsability;lamboll;50%;linear;-1442.82357116679;-19;1.5°C;consumption_based
Israel;96.33576;13092.722;responsability;lamboll;50%;linear;-1407.50057592908;-13;1.5°C;consumption_based
Italy;480.3724;51891.098;responsability;lamboll;50%;linear;-14795.1279347874;-22;1.5°C;consumption_based
Jamaica;12.76953;2454.94;responsability;lamboll;50%;linear;-237.72527766497;-14;1.5°C;consumption_based
Japan;1258.371;105123.167;responsability;lamboll;50%;linear;-44088.8434574584;-25;1.5°C;consumption_based
Jordan;33.45501;16367.355;responsability;lamboll;50%;linear;860.71548169854;51.455102341834;1.5°C;consumption_based
Kazakhstan;260.4604;26544.264;responsability;lamboll;50%;linear;-7639.80375439978;-19;1.5°C;consumption_based
Kenya;79.74114;83593.239;responsability;lamboll;50%;linear;7590.92381690706;190.389147105423;1.5°C;consumption_based
Kuwait;120.129;6367.756;responsability;lamboll;50%;linear;-2244.42739616295;-20;1.5°C;consumption_based
Kyrgyzstan;24.1211;9642.952;responsability;lamboll;50%;linear;529.826482599861;43.9305406967228;1.5°C;consumption_based
Latvia;16.48173;1513.81;responsability;lamboll;50%;linear;-363.205568325461;-21;1.5°C;consumption_based
Lebanon;35.63768;6999.26;responsability;lamboll;50%;linear;-185.886186512224;-4;1.5°C;consumption_based
Lesotho;4.251056;2993.076;responsability;lamboll;50%;linear;183.403672087938;86.2861708187038;1.5°C;consumption_based
Liberia;4.860882;8910.53;responsability;lamboll;50%;linear;938.054442698061;385.960590155474;1.5°C;consumption_based
Libya;56.0342;9260.606;responsability;lamboll;50%;linear;-680.923519811428;-11;1.5°C;consumption_based
Liechtenstein;1.370673;43.013;responsability;lamboll;50%;linear;-15.4296918659859;-22;1.5°C;consumption_based
Lithuania;26.37468;2258.774;responsability;lamboll;50%;linear;-695.16236510686;-23;1.5°C;consumption_based
Luxembourg;8.842451;791.464;responsability;lamboll;50%;linear;-456.761568810956;-26;1.5°C;consumption_based
Madagascar;31.88092;53185.475;responsability;lamboll;50%;linear;5165.07004992392;324.022647396871;1.5°C;consumption_based
Malawi;16.42;37361.682;responsability;lamboll;50%;linear;3920.56385789755;477.535183665962;1.5°C;consumption_based
Malaysia;233.1968;44289.772;responsability;lamboll;50%;linear;-613.66332831718;-1;1.5°C;consumption_based
Maldives;2.901473;589.962;responsability;lamboll;50%;linear;17.8676184717072;12.3162396973587;1.5°C;consumption_based
Mali;73.55506;46154.079;responsability;lamboll;50%;linear;3975.22034745838;108.08829052572;1.5°C;consumption_based
Malta;2.956266;535.722;responsability;lamboll;50%;linear;-72.898513366719;-17;1.5°C;consumption_based
Mauritania;8.741203;9415.598;responsability;lamboll;50%;linear;848.734478308375;194.191686958506;1.5°C;consumption_based
Mauritius;9.153498;1107.197;responsability;lamboll;50%;linear;-124.158634967067;-12;1.5°C;consumption_based
Mexico;597.8052;148946.274;responsability;lamboll;50%;linear;-2178.4415875406;-2;1.5°C;consumption_based
Monaco;1.08342;36.757;responsability;lamboll;50%;linear;-12.2513932337512;-21;1.5°C;consumption_based
Mongolia;44.70931;4501.493;responsability;lamboll;50%;linear;-205.464758557386;-3;1.5°C;consumption_based
Montenegro;4.889849;533.295;responsability;lamboll;50%;linear;-94.0758946315634;-17;1.5°C;consumption_based
Morocco;84.54553;43440.431;responsability;lamboll;50%;linear;2923.20484751256;69.1510206988487;1.5°C;consumption_based
Mozambique;46.50852;63530.951;responsability;lamboll;50%;linear;6178.23798797065;265.681986353066;1.5°C;consumption_based
Myanmar;76.01056;58623.231;responsability;lamboll;50%;linear;5153.00571435212;135.586574137912;1.5°C;consumption_based
Namibia;15.53063;4512.3;responsability;lamboll;50%;linear;7.84316500922853;1.01002535109375;1.5°C;consumption_based
Nepal;51.71283;34642.027;responsability;lamboll;50%;linear;2856.46771038852;110.474236679312;1.5°C;consumption_based
Netherlands;199.7464;18958.475;responsability;lamboll;50%;linear;-5571.96248244912;-22;1.5°C;consumption_based
New Caledonia;0;340.581;responsability;lamboll;50%;linear;38.6466487181588;inf;1.5°C;consumption_based
New Zealand;79.7114;5755.288;responsability;lamboll;50%;linear;-1798.40433932435;-22;1.5°C;consumption_based
Nicaragua;16.31699;8756.43;responsability;lamboll;50%;linear;531.653743634723;65.1656639655626;1.5°C;consumption_based
Niger;34.38707;52513.876;responsability;lamboll;50%;linear;5359.66429300417;311.725558066108;1.5°C;consumption_based
Nigeria;449.8309;359185.556;responsability;lamboll;50%;linear;29726.3805879983;132.166912446425;1.5°C;consumption_based
Norway;76.82043;5899.829;responsability;lamboll;50%;linear;-1948.45106048674;-22;1.5°C;consumption_based
Oman;65.19586;7827.002;responsability;lamboll;50%;linear;-467.402129384562;-5;1.5°C;consumption_based
Pakistan;578.9303;371863.793;responsability;lamboll;50%;linear;31500.9187862621;108.824564153101;1.5°C;consumption_based
Panama;21.22502;5630.68;responsability;lamboll;50%;linear;97.4733633473758;9.18476056534936;1.5°C;consumption_based
Papua New Guinea;17.17362;14906.59;responsability;lamboll;50%;linear;1340.32747287512;156.091432426608;1.5°C;consumption_based
Paraguay;29.96962;8640.464;responsability;lamboll;50%;linear;-68.5267325420166;-1;1.5°C;consumption_based
Peru;99.16215;40583.876;responsability;lamboll;50%;linear;1936.00665313572;39.0472907885865;1.5°C;consumption_based
Philippines;260.8678;134373.439;responsability;lamboll;50%;linear;9880.08131659051;75.7478026539919;1.5°C;consumption_based
Poland;340.3965;32814.096;responsability;lamboll;50%;linear;-8516.79403212293;-22;1.5°C;consumption_based
Portugal;63.02308;9770.27;responsability;lamboll;50%;linear;-1864.74319503036;-19;1.5°C;consumption_based
Qatar;162.3337;4164.46;responsability;lamboll;50%;linear;-2457.89943210386;-17;1.5°C;consumption_based
Romania;116.8046;16027.266;responsability;lamboll;50%;linear;-2709.02006844677;-20;1.5°C;consumption_based
Rwanda;8.712675;22707.91;responsability;lamboll;50%;linear;2375.99893237695;545.412042197591;1.5°C;consumption_based
Samoa;0.6925006;272.726;responsability;lamboll;50%;linear;12.9634583461288;37.43955845274;1.5°C;consumption_based
San Marino;0.566147;33.696;responsability;lamboll;50%;linear;-19.4634572961281;-25;1.5°C;consumption_based
Sao Tome and Principe;0.2998609;365.115;responsability;lamboll;50%;linear;32.0011836617899;213.440189513137;1.5°C;consumption_based
Saudi Arabia;703.8256;47693.909;responsability;lamboll;50%;linear;-9127.66334097782;-13;1.5°C;consumption_based
Senegal;28.29428;30364.954;responsability;lamboll;50%;linear;2786.60757030907;196.973209447921;1.5°C;consumption_based
Serbia;73.73461;5532.87;responsability;lamboll;50%;linear;-1797.316472324;-22;1.5°C;consumption_based
Seychelles;0.9971907;141.747;responsability;lamboll;50%;linear;-14.9035684114547;-14;1.5°C;consumption_based
Sierra Leone;7.612386;12948.325;responsability;lamboll;50%;linear;1296.61968530342;340.660519659255;1.5°C;consumption_based
Singapore;98.39144;6081.692;responsability;lamboll;50%;linear;-3122.69912320227;-22;1.5°C;consumption_based
Slovakia;47.49821;4936.488;responsability;lamboll;50%;linear;-1453.49053348776;-24;1.5°C;consumption_based
Slovenia;16.40035;1981.553;responsability;lamboll;50%;linear;-411.265312980132;-19;1.5°C;consumption_based
Somalia;27.54213;37206.512;responsability;lamboll;50%;linear;3345.88921063553;242.965174489811;1.5°C;consumption_based
South Africa;442.3963;79177.328;responsability;lamboll;50%;linear;-3988.21429715034;-8;1.5°C;consumption_based
South Sudan;0;18341.974;responsability;lamboll;50%;linear;2081.31347895391;inf;1.5°C;consumption_based
Spain;347.0203;44928.558;responsability;lamboll;50%;linear;-10040.2010103992;-19;1.5°C;consumption_based
Sri Lanka;52.34435;24813.69;responsability;lamboll;50%;linear;1804.75706562295;68.9570914768433;1.5°C;consumption_based
Sudan;0;85206.383;responsability;lamboll;50%;linear;9668.59910666156;inf;1.5°C;consumption_based
Suriname;3.667079;733.905;responsability;lamboll;50%;linear;-25.8952854706917;-6;1.5°C;consumption_based
Sweden;98.71911;11309.63;responsability;lamboll;50%;linear;-2213.4437556398;-19;1.5°C;consumption_based
Switzerland;98.65993;9342.586;responsability;lamboll;50%;linear;-2756.23788712418;-22;1.5°C;consumption_based
Tajikistan;16.7698;15574.642;responsability;lamboll;50%;linear;1347.9860910959;160.76352623119;1.5°C;consumption_based
Thailand;283.2797;66382.735;responsability;lamboll;50%;linear;-1469.84922594735;-3;1.5°C;consumption_based
Togo;13.54584;15584.778;responsability;lamboll;50%;linear;1463.55904447475;216.089817165233;1.5°C;consumption_based
Trinidad and Tobago;32.59566;1399.8;responsability;lamboll;50%;linear;-770.748161883315;-23;1.5°C;consumption_based
Tunisia;31.10463;13145.141;responsability;lamboll;50%;linear;388.308480006187;24.9678893467748;1.5°C;consumption_based
Turkmenistan;101.6677;9639.708;responsability;lamboll;50%;linear;-1189.83270886827;-12;1.5°C;consumption_based
Uganda;50.1081;85431.202;responsability;lamboll;50%;linear;8556.45376763562;341.519784930405;1.5°C;consumption_based
Ukraine;252.1204;31990.132;responsability;lamboll;50%;linear;-8612.10135935583;-26;1.5°C;consumption_based
Uruguay;31.57455;3254.354;responsability;lamboll;50%;linear;-766.877945439044;-20;1.5°C;consumption_based
Uzbekistan;165.7009;52210.754;responsability;lamboll;50%;linear;-259.208702505996;0;1.5°C;consumption_based
Vanuatu;0.5712391;534.388;responsability;lamboll;50%;linear;38.3063212394193;134.116594047639;1.5°C;consumption_based
Viet Nam;237.3877;110008.908;responsability;lamboll;50%;linear;6614.22645948806;55.7250983053297;1.5°C;consumption_based
Yemen;45.34253;70976.403;responsability;lamboll;50%;linear;7029.1360864512;310.046046678524;1.5°C;consumption_based
Zambia;39.16851;38083.386;responsability;lamboll;50%;linear;3322.34765890384;169.643811260823;1.5°C;consumption_based
Zimbabwe;22.44673;25866.385;responsability;lamboll;50%;linear;2120.96946406769;188.97803502494;1.5°C;consumption_based
Afghanistan;36.29291;76885.134;responsability;lamboll;50%;exponential;7943.79032002035;655.705729742551;1.5°C;consumption_based
Albania;10.69817;2240.166;responsability;lamboll;50%;exponential;-54.1014182767096;-3;1.5°C;consumption_based
Algeria;229.2533;59565.554;responsability;lamboll;50%;exponential;2463.9368779545;32.1971165749332;1.5°C;consumption_based
Andorra;0.7052279;82.195;responsability;lamboll;50%;exponential;-22.5690141803108;-22;1.5°C;consumption_based
Angola;63.06419;74295.394;responsability;lamboll;50%;exponential;6529.16263650648;310.154197326015;1.5°C;consumption_based
Argentina;329.7293;48308.943;responsability;lamboll;50%;exponential;-4312.28516684502;-12;1.5°C;consumption_based
Armenia;13.76886;2495.207;responsability;lamboll;50%;exponential;-119.883107089985;-8;1.5°C;consumption_based
Aruba;0.8570806;100.002;responsability;lamboll;50%;exponential;-46.2970447504038;-23;1.5°C;consumption_based
Australia;516.071;32506.969;responsability;lamboll;50%;exponential;-12904.7257648328;-23;1.5°C;consumption_based
Austria;104.6011;8724.332;responsability;lamboll;50%;exponential;-2771.3314833801;-23;1.5°C;consumption_based
Azerbaijan;61.16201;11224.923;responsability;lamboll;50%;exponential;-575.082008404604;-8;1.5°C;consumption_based
Bahamas;3.216727;424.265;responsability;lamboll;50%;exponential;-79.5725200983888;-20;1.5°C;consumption_based
Bahrain;29.84191;2139.464;responsability;lamboll;50%;exponential;-829.152434022635;-23;1.5°C;consumption_based
Bangladesh;198.2366;214709.096;responsability;lamboll;50%;exponential;20682.1917890318;312.547276487974;1.5°C;consumption_based
Barbados;4.262979;264.216;responsability;lamboll;50%;exponential;-149.341493707817;-25;1.5°C;consumption_based
Belarus;37.69015;7453.546;responsability;lamboll;50%;exponential;627.234381117531;49.8545715152752;1.5°C;consumption_based
Belgium;135.3539;11870.906;responsability;lamboll;50%;exponential;-3199.22633739967;-22;1.5°C;consumption_based
Belize;1.471538;516.627;responsability;lamboll;50%;exponential;11.1511102541282;22.7012424240833;1.5°C;consumption_based
Benin;17.1341;24433.809;responsability;lamboll;50%;exponential;2407.31447243945;420.895737603986;1.5°C;consumption_based
Bermuda;0;56.937;responsability;lamboll;50%;exponential;6.46079563471189;inf;1.5°C;consumption_based
Bhutan;3.675114;882.34;responsability;lamboll;50%;exponential;30.2069510959251;24.622892863658;1.5°C;consumption_based
Bosnia and Herzegovina;26.34888;2455.167;responsability;lamboll;50%;exponential;-434.856906360018;-16;1.5°C;consumption_based
Botswana;18.26959;3437.43;responsability;lamboll;50%;exponential;-255.688695758511;-11;1.5°C;consumption_based
Brazil;1077.661;217489.3;responsability;lamboll;50%;exponential;-5103.24774139938;-3;1.5°C;consumption_based
British Virgin Islands;0.2776416;40.34;responsability;lamboll;50%;exponential;-10.2600838172546;-21;1.5°C;consumption_based
Bulgaria;57.15165;5402.217;responsability;lamboll;50%;exponential;-1053.68724217844;-19;1.5°C;consumption_based
Burkina Faso;29.78411;37304.383;responsability;lamboll;50%;exponential;3626.67079214216;364.776209112036;1.5°C;consumption_based
Burundi;4.499215;24131.72;responsability;lamboll;50%;exponential;2628.11712823773;1749.8908809074;1.5°C;consumption_based
Cambodia;40.78146;21931.455;responsability;lamboll;50%;exponential;1596.52992207791;117.278199781554;1.5°C;consumption_based
Cameroon;38.30513;51096.317;responsability;lamboll;50%;exponential;4753.71167204761;371.773897520341;1.5°C;consumption_based
Canada;672.7777;45621.882;responsability;lamboll;50%;exponential;-17739.0831578755;-23;1.5°C;consumption_based
Cayman Islands;0;103.958;responsability;lamboll;50%;exponential;11.7963958865655;inf;1.5°C;consumption_based
Central African Republic;9.32562;10616.752;responsability;lamboll;50%;exponential;625.241282664747;200.850505300138;1.5°C;consumption_based
Chad;49.86327;38857.686;responsability;lamboll;50%;exponential;3550.53838051489;213.312572861759;1.5°C;consumption_based
Chile;120.2864;20320.306;responsability;lamboll;50%;exponential;-653.530419622043;-4;1.5°C;consumption_based
China;12046.22;1260289.093;responsability;lamboll;50%;exponential;-92659.3904414808;-7;1.5°C;consumption_based
Colombia;192.7321;59385.356;responsability;lamboll;50%;exponential;1881.75282273058;29.249033564753;1.5°C;consumption_based
Congo;20.37865;11006.472;responsability;lamboll;50%;exponential;799.41833783251;117.517270021112;1.5°C;consumption_based
Costa Rica;20.15067;5354.15;responsability;lamboll;50%;exponential;66.4426311160519;9.87780229511967;1.5°C;consumption_based
Croatia;23.31505;3234.159;responsability;lamboll;50%;exponential;-615.724686798142;-19;1.5°C;consumption_based
Cuba;41.99676;9382;responsability;lamboll;50%;exponential;-371.17273377001;-8;1.5°C;consumption_based
Cyprus;10.44542;1508.481;responsability;lamboll;50%;exponential;-242.616995391945;-16;1.5°C;consumption_based
Denmark;60.05671;6124.838;responsability;lamboll;50%;exponential;-1989.80678969796;-23;1.5°C;consumption_based
Djibouti;1.718966;1530.539;responsability;lamboll;50%;exponential;116.991898624098;203.887922421135;1.5°C;consumption_based
Dominican Republic;36.86521;12996.293;responsability;lamboll;50%;exponential;534.521004210735;43.4361237385217;1.5°C;consumption_based
Ecuador;64.94059;21337.238;responsability;lamboll;50%;exponential;686.000819329234;31.6454592443504;1.5°C;consumption_based
Egypt;359.3699;161630.192;responsability;lamboll;50%;exponential;9976.7118491832;83.1665581078065;1.5°C;consumption_based
El Salvador;15.27658;6663.345;responsability;lamboll;50%;exponential;280.213939430007;54.949860626539;1.5°C;consumption_based
Eritrea;6.147011;5696.062;responsability;lamboll;50%;exponential;467.942674009945;228.050831648869;1.5°C;consumption_based
Estonia;12.3808;1174.267;responsability;lamboll;50%;exponential;-441.469262371635;-26;1.5°C;consumption_based
Ethiopia;15.46353;225021.874;responsability;lamboll;50%;exponential;25148.8658702383;4872.06149764985;1.5°C;consumption_based
Fiji;3.433959;1000.261;responsability;lamboll;50%;exponential;18.7185544188409;16.3297749294032;1.5°C;consumption_based
Finland;64.9849;5351.645;responsability;lamboll;50%;exponential;-1962.6694140201;-24;1.5°C;consumption_based
France;561.8057;68219.675;responsability;lamboll;50%;exponential;-15208.8626678001;-21;1.5°C;consumption_based
French Polynesia;0;284.75;responsability;lamboll;50%;exponential;32.3113538996471;inf;1.5°C;consumption_based
Gabon;14.30998;4084.533;responsability;lamboll;50%;exponential;-60.331915319447;-3;1.5°C;consumption_based
Gambia;2.508158;4301.896;responsability;lamboll;50%;exponential;422.046628136002;504.090533711058;1.5°C;consumption_based
Georgia;17.8212;3664.014;responsability;lamboll;50%;exponential;-308.625155452988;-15;1.5°C;consumption_based
Germany;872.121;78294.613;responsability;lamboll;50%;exponential;-27086.4283595122;-25;1.5°C;consumption_based
Ghana;54.33566;50553.047;responsability;lamboll;50%;exponential;4861.41916340648;268.028589016691;1.5°C;consumption_based
Greece;83.41989;8812.07;responsability;lamboll;50%;exponential;-3978.93942483419;-25;1.5°C;consumption_based
Greenland;0;49.898;responsability;lamboll;50%;exponential;5.66206123576679;inf;1.5°C;consumption_based
Guatemala;40.88083;24670.857;responsability;lamboll;50%;exponential;1877.38953817239;137.574418854403;1.5°C;consumption_based
Guinea;25.79336;23404.584;responsability;lamboll;50%;exponential;2133.90333147592;247.839098075893;1.5°C;consumption_based
Guyana;3.330323;940.608;responsability;lamboll;50%;exponential;-1199.86717809363;-28;1.5°C;consumption_based
Haiti;14.31872;14710.861;responsability;lamboll;50%;exponential;1325.44418400708;277.306625091101;1.5°C;consumption_based
Honduras;16.61826;14846.778;responsability;lamboll;50%;exponential;1232.81980020192;222.237349935629;1.5°C;consumption_based
Hungary;60.08714;8725.347;responsability;lamboll;50%;exponential;-1226.39286858042;-18;1.5°C;consumption_based
Iceland;6.905605;432.993;responsability;lamboll;50%;exponential;-147.449734293872;-22;1.5°C;consumption_based
India;2949.414;1679589.259;responsability;lamboll;50%;exponential;127470.131296208;129.471951458226;1.5°C;consumption_based
Indonesia;847.1642;320712.949;responsability;lamboll;50%;exponential;17520.9789478086;61.9574836828683;1.5°C;consumption_based
Iraq;404.6027;71928.75;responsability;lamboll;50%;exponential;1979.12535048901;14.6537076640091;1.5°C;consumption_based
Ireland;58.80573;5970.042;responsability;lamboll;50%;exponential;-1442.82357116679;-19;1.5°C;consumption_based
Israel;96.33576;13092.722;responsability;lamboll;50%;exponential;-1407.50057592908;-13;1.5°C;consumption_based
Italy;480.3724;51891.098;responsability;lamboll;50%;exponential;-14795.1279347874;-22;1.5°C;consumption_based
Jamaica;12.76953;2454.94;responsability;lamboll;50%;exponential;-237.72527766497;-14;1.5°C;consumption_based
Japan;1258.371;105123.167;responsability;lamboll;50%;exponential;-44088.8434574584;-25;1.5°C;consumption_based
Jordan;33.45501;16367.355;responsability;lamboll;50%;exponential;860.71548169854;77.0728553622278;1.5°C;consumption_based
Kazakhstan;260.4604;26544.264;responsability;lamboll;50%;exponential;-7639.80375439978;-19;1.5°C;consumption_based
Kenya;79.74114;83593.239;responsability;lamboll;50%;exponential;7590.92381690706;285.177456259067;1.5°C;consumption_based
Kuwait;120.129;6367.756;responsability;lamboll;50%;exponential;-2244.42739616295;-20;1.5°C;consumption_based
Kyrgyzstan;24.1211;9642.952;responsability;lamboll;50%;exponential;529.826482599861;65.8020692799248;1.5°C;consumption_based
Latvia;16.48173;1513.81;responsability;lamboll;50%;exponential;-363.205568325461;-21;1.5°C;consumption_based
Lebanon;35.63768;6999.26;responsability;lamboll;50%;exponential;-185.886186512224;-4;1.5°C;consumption_based
Lesotho;4.251056;2993.076;responsability;lamboll;50%;exponential;183.403672087938;129.245133341492;1.5°C;consumption_based
Liberia;4.860882;8910.53;responsability;lamboll;50%;exponential;938.054442698061;578.11729812435;1.5°C;consumption_based
Libya;56.0342;9260.606;responsability;lamboll;50%;exponential;-680.923519811428;-11;1.5°C;consumption_based
Liechtenstein;1.370673;43.013;responsability;lamboll;50%;exponential;-15.4296918659859;-22;1.5°C;consumption_based
Lithuania;26.37468;2258.774;responsability;lamboll;50%;exponential;-695.16236510686;-23;1.5°C;consumption_based
Luxembourg;8.842451;791.464;responsability;lamboll;50%;exponential;-456.761568810956;-26;1.5°C;consumption_based
Madagascar;31.88092;53185.475;responsability;lamboll;50%;exponential;5165.07004992392;485.342551084605;1.5°C;consumption_based
Malawi;16.42;37361.682;responsability;lamboll;50%;exponential;3920.56385789755;715.283780732827;1.5°C;consumption_based
Malaysia;233.1968;44289.772;responsability;lamboll;50%;exponential;-613.66332831718;-1;1.5°C;consumption_based
Maldives;2.901473;589.962;responsability;lamboll;50%;exponential;17.8676184717072;18.4480783751021;1.5°C;consumption_based
Mali;73.55506;46154.079;responsability;lamboll;50%;exponential;3975.22034745838;161.901790160589;1.5°C;consumption_based
Malta;2.956266;535.722;responsability;lamboll;50%;exponential;-72.898513366719;-17;1.5°C;consumption_based
Mauritania;8.741203;9415.598;responsability;lamboll;50%;exponential;848.734478308375;290.873151938745;1.5°C;consumption_based
Mauritius;9.153498;1107.197;responsability;lamboll;50%;exponential;-124.158634967067;-12;1.5°C;consumption_based
Mexico;597.8052;148946.274;responsability;lamboll;50%;exponential;-2178.4415875406;-2;1.5°C;consumption_based
Monaco;1.08342;36.757;responsability;lamboll;50%;exponential;-12.2513932337512;-21;1.5°C;consumption_based
Mongolia;44.70931;4501.493;responsability;lamboll;50%;exponential;-205.464758557386;-3;1.5°C;consumption_based
Montenegro;4.889849;533.295;responsability;lamboll;50%;exponential;-94.0758946315634;-17;1.5°C;consumption_based
Morocco;84.54553;43440.431;responsability;lamboll;50%;exponential;2923.20484751256;103.57897222837;1.5°C;consumption_based
Mozambique;46.50852;63530.951;responsability;lamboll;50%;exponential;6178.23798797065;397.956050509905;1.5°C;consumption_based
Myanmar;76.01056;58623.231;responsability;lamboll;50%;exponential;5153.00571435212;203.090538002782;1.5°C;consumption_based
Namibia;15.53063;4512.3;responsability;lamboll;50%;exponential;7.84316500922853;1.51288277068962;1.5°C;consumption_based
Nepal;51.71283;34642.027;responsability;lamboll;50%;exponential;2856.46771038852;165.475618108229;1.5°C;consumption_based
Netherlands;199.7464;18958.475;responsability;lamboll;50%;exponential;-5571.96248244912;-22;1.5°C;consumption_based
New Caledonia;0;340.581;responsability;lamboll;50%;exponential;38.6466487181588;inf;1.5°C;consumption_based
New Zealand;79.7114;5755.288;responsability;lamboll;50%;exponential;-1798.40433932435;-22;1.5°C;consumption_based
Nicaragua;16.31699;8756.43;responsability;lamboll;50%;exponential;531.653743634723;97.6094413346051;1.5°C;consumption_based
Niger;34.38707;52513.876;responsability;lamboll;50%;exponential;5359.66429300417;466.923157395135;1.5°C;consumption_based
Nigeria;449.8309;359185.556;responsability;lamboll;50%;exponential;29726.3805879983;197.96834255587;1.5°C;consumption_based
Norway;76.82043;5899.829;responsability;lamboll;50%;exponential;-1948.45106048674;-22;1.5°C;consumption_based
Oman;65.19586;7827.002;responsability;lamboll;50%;exponential;-467.402129384562;-5;1.5°C;consumption_based
Pakistan;578.9303;371863.793;responsability;lamboll;50%;exponential;31500.9187862621;163.004629494446;1.5°C;consumption_based
Panama;21.22502;5630.68;responsability;lamboll;50%;exponential;97.4733633473758;13.7575418252415;1.5°C;consumption_based
Papua New Guinea;17.17362;14906.59;responsability;lamboll;50%;exponential;1340.32747287512;233.804070872831;1.5°C;consumption_based
Paraguay;29.96962;8640.464;responsability;lamboll;50%;exponential;-68.5267325420166;-1;1.5°C;consumption_based
Peru;99.16215;40583.876;responsability;lamboll;50%;exponential;1936.00665313572;58.4876146051081;1.5°C;consumption_based
Philippines;260.8678;134373.439;responsability;lamboll;50%;exponential;9880.08131659051;113.460068530681;1.5°C;consumption_based
Poland;340.3965;32814.096;responsability;lamboll;50%;exponential;-8516.79403212293;-22;1.5°C;consumption_based
Portugal;63.02308;9770.27;responsability;lamboll;50%;exponential;-1864.74319503036;-19;1.5°C;consumption_based
Qatar;162.3337;4164.46;responsability;lamboll;50%;exponential;-2457.89943210386;-17;1.5°C;consumption_based
Romania;116.8046;16027.266;responsability;lamboll;50%;exponential;-2709.02006844677;-20;1.5°C;consumption_based
Rwanda;8.712675;22707.91;responsability;lamboll;50%;exponential;2375.99893237695;816.954228598158;1.5°C;consumption_based
Samoa;0.6925006;272.726;responsability;lamboll;50%;exponential;12.9634583461288;56.0794467822422;1.5°C;consumption_based
San Marino;0.566147;33.696;responsability;lamboll;50%;exponential;-19.4634572961281;-25;1.5°C;consumption_based
Sao Tome and Principe;0.2998609;365.115;responsability;lamboll;50%;exponential;32.0011836617899;319.704832098992;1.5°C;consumption_based
Saudi Arabia;703.8256;47693.909;responsability;lamboll;50%;exponential;-9127.66334097782;-13;1.5°C;consumption_based
Senegal;28.29428;30364.954;responsability;lamboll;50%;exponential;2786.60757030907;295.039500284324;1.5°C;consumption_based
Serbia;73.73461;5532.87;responsability;lamboll;50%;exponential;-1797.316472324;-22;1.5°C;consumption_based
Seychelles;0.9971907;141.747;responsability;lamboll;50%;exponential;-14.9035684114547;-14;1.5°C;consumption_based
Sierra Leone;7.612386;12948.325;responsability;lamboll;50%;exponential;1296.61968530342;510.263856534452;1.5°C;consumption_based
Singapore;98.39144;6081.692;responsability;lamboll;50%;exponential;-3122.69912320227;-22;1.5°C;consumption_based
Slovakia;47.49821;4936.488;responsability;lamboll;50%;exponential;-1453.49053348776;-24;1.5°C;consumption_based
Slovenia;16.40035;1981.553;responsability;lamboll;50%;exponential;-411.265312980132;-19;1.5°C;consumption_based
Somalia;27.54213;37206.512;responsability;lamboll;50%;exponential;3345.88921063553;363.929307284402;1.5°C;consumption_based
South Africa;442.3963;79177.328;responsability;lamboll;50%;exponential;-3988.21429715034;-8;1.5°C;consumption_based
South Sudan;0;18341.974;responsability;lamboll;50%;exponential;2081.31347895391;inf;1.5°C;consumption_based
Spain;347.0203;44928.558;responsability;lamboll;50%;exponential;-10040.2010103992;-19;1.5°C;consumption_based
Sri Lanka;52.34435;24813.69;responsability;lamboll;50%;exponential;1804.75706562295;103.288492213797;1.5°C;consumption_based
Sudan;0;85206.383;responsability;lamboll;50%;exponential;9668.59910666156;inf;1.5°C;consumption_based
Suriname;3.667079;733.905;responsability;lamboll;50%;exponential;-25.8952854706917;-6;1.5°C;consumption_based
Sweden;98.71911;11309.63;responsability;lamboll;50%;exponential;-2213.4437556398;-19;1.5°C;consumption_based
Switzerland;98.65993;9342.586;responsability;lamboll;50%;exponential;-2756.23788712418;-22;1.5°C;consumption_based
Tajikistan;16.7698;15574.642;responsability;lamboll;50%;exponential;1347.9860910959;240.802241970559;1.5°C;consumption_based
Thailand;283.2797;66382.735;responsability;lamboll;50%;exponential;-1469.84922594735;-3;1.5°C;consumption_based
Togo;13.54584;15584.778;responsability;lamboll;50%;exponential;1463.55904447475;323.673619634135;1.5°C;consumption_based
Trinidad and Tobago;32.59566;1399.8;responsability;lamboll;50%;exponential;-770.748161883315;-23;1.5°C;consumption_based
Tunisia;31.10463;13145.141;responsability;lamboll;50%;exponential;388.308480006187;37.3985559593291;1.5°C;consumption_based
Turkmenistan;101.6677;9639.708;responsability;lamboll;50%;exponential;-1189.83270886827;-12;1.5°C;consumption_based
Uganda;50.1081;85431.202;responsability;lamboll;50%;exponential;8556.45376763562;511.550920886616;1.5°C;consumption_based
Ukraine;252.1204;31990.132;responsability;lamboll;50%;exponential;-8612.10135935583;-26;1.5°C;consumption_based
Uruguay;31.57455;3254.354;responsability;lamboll;50%;exponential;-766.877945439044;-20;1.5°C;consumption_based
Uzbekistan;165.7009;52210.754;responsability;lamboll;50%;exponential;-259.208702505996;0;1.5°C;consumption_based
Vanuatu;0.5712391;534.388;responsability;lamboll;50%;exponential;38.3063212394193;200.888704603825;1.5°C;consumption_based
Viet Nam;237.3877;110008.908;responsability;lamboll;50%;exponential;6614.22645948806;83.4687377201225;1.5°C;consumption_based
Yemen;45.34253;70976.403;responsability;lamboll;50%;exponential;7029.1360864512;464.407474161341;1.5°C;consumption_based
Zambia;39.16851;38083.386;responsability;lamboll;50%;exponential;3322.34765890384;254.103720201375;1.5°C;consumption_based
Zimbabwe;22.44673;25866.385;responsability;lamboll;50%;exponential;2120.96946406769;283.063799258515;1.5°C;consumption_based
Afghanistan;36.29291;76885.134;equality;lamboll;67%;linear;477.331056360448;26.3043694407777;1.5°C;consumption_based
Albania;10.69817;2240.166;equality;lamboll;67%;linear;13.9077705607271;2.60002796005805;1.5°C;consumption_based
Algeria;229.2533;59565.554;equality;lamboll;67%;linear;369.804763733849;3.22616742034988;1.5°C;consumption_based
Andorra;0.7052279;82.195;equality;lamboll;67%;linear;0.510296648212215;1.44718224622768;1.5°C;consumption_based
Angola;63.06419;74295.394;equality;lamboll;67%;linear;461.253002443043;14.6280481028312;1.5°C;consumption_based
Argentina;329.7293;48308.943;equality;lamboll;67%;linear;299.919602063081;1.8191868424376;1.5°C;consumption_based
Armenia;13.76886;2495.207;equality;lamboll;67%;linear;15.4911584487579;2.25017299162863;1.5°C;consumption_based
Aruba;0.8570806;100.002;equality;lamboll;67%;linear;0.620849022623248;1.44875294720998;1.5°C;consumption_based
Australia;516.071;32506.969;equality;lamboll;67%;linear;201.815163017682;0.782121696501768;1.5°C;consumption_based
Austria;104.6011;8724.332;equality;lamboll;67%;linear;54.1638466754738;1.03562671282565;1.5°C;consumption_based
Azerbaijan;61.16201;11224.923;equality;lamboll;67%;linear;69.6884309670929;2.27881428249637;1.5°C;consumption_based
Bahamas;3.216727;424.265;equality;lamboll;67%;linear;2.63399242598401;1.63768478082474;1.5°C;consumption_based
Bahrain;29.84191;2139.464;equality;lamboll;67%;linear;13.2825756818626;0.890196082078032;1.5°C;consumption_based
Bangladesh;198.2366;214709.096;equality;lamboll;67%;linear;1332.99266414593;13.4485020843369;1.5°C;consumption_based
Barbados;4.262979;264.216;equality;lamboll;67%;linear;1.64034964662131;0.769579041614471;1.5°C;consumption_based
Belarus;37.69015;7453.546;equality;lamboll;67%;linear;46.2743420049341;2.45551381487917;1.5°C;consumption_based
Belgium;135.3539;11870.906;equality;lamboll;67%;linear;73.6989298989266;1.08898125431076;1.5°C;consumption_based
Belize;1.471538;516.627;equality;lamboll;67%;linear;3.20740953191717;4.35926157790987;1.5°C;consumption_based
Benin;17.1341;24433.809;equality;lamboll;67%;linear;151.694030485522;17.7066820533931;1.5°C;consumption_based
Bermuda;0;56.937;equality;lamboll;67%;linear;0.353485738296233;inf;1.5°C;consumption_based
Bhutan;3.675114;882.34;equality;lamboll;67%;linear;5.4778897084198;2.98107199309725;1.5°C;consumption_based
Bosnia and Herzegovina;26.34888;2455.167;equality;lamboll;67%;linear;15.2425754717591;1.15698090178855;1.5°C;consumption_based
Botswana;18.26959;3437.43;equality;lamboll;67%;linear;21.3408237418835;2.33621266179301;1.5°C;consumption_based
Brazil;1077.661;217489.3;equality;lamboll;67%;linear;1350.25318829638;2.50589598824933;1.5°C;consumption_based
British Virgin Islands;0.2776416;40.34;equality;lamboll;67%;linear;0.250445486816482;1.80409194311286;1.5°C;consumption_based
Bulgaria;57.15165;5402.217;equality;lamboll;67%;linear;33.5389406656736;1.17368232293114;1.5°C;consumption_based
Burkina Faso;29.78411;37304.383;equality;lamboll;67%;linear;231.599265265828;15.5518674397743;1.5°C;consumption_based
Burundi;4.499215;24131.72;equality;lamboll;67%;linear;149.818551391151;66.5976404288975;1.5°C;consumption_based
Cambodia;40.78146;21931.455;equality;lamboll;67%;linear;136.158500844541;6.67747063712484;1.5°C;consumption_based
Cameroon;38.30513;51096.317;equality;lamboll;67%;linear;317.224640198173;16.5630368672902;1.5°C;consumption_based
Canada;672.7777;45621.882;equality;lamboll;67%;linear;283.237343752457;0.841993852508657;1.5°C;consumption_based
Cayman Islands;0;103.958;equality;lamboll;67%;linear;0.645409318752301;inf;1.5°C;consumption_based
Central African Republic;9.32562;10616.752;equality;lamboll;67%;linear;65.9126827726787;14.1358285610348;1.5°C;consumption_based
Chad;49.86327;38857.686;equality;lamboll;67%;linear;241.242738890233;9.67617001011899;1.5°C;consumption_based
Chile;120.2864;20320.306;equality;lamboll;67%;linear;126.155898077092;2.09759204826301;1.5°C;consumption_based
China;12046.22;1260289.093;equality;lamboll;67%;linear;7824.33602939731;1.2990524877343;1.5°C;consumption_based
Colombia;192.7321;59385.356;equality;lamboll;67%;linear;368.686028586765;3.82589126135983;1.5°C;consumption_based
Congo;20.37865;11006.472;equality;lamboll;67%;linear;68.3322071931576;6.70625455495409;1.5°C;consumption_based
Costa Rica;20.15067;5354.15;equality;lamboll;67%;linear;33.24052313432;3.29919780675481;1.5°C;consumption_based
Croatia;23.31505;3234.159;equality;lamboll;67%;linear;20.0788429647225;1.72239330086983;1.5°C;consumption_based
Cuba;41.99676;9382;equality;lamboll;67%;linear;58.2468903647059;2.77387543061445;1.5°C;consumption_based
Cyprus;10.44542;1508.481;equality;lamboll;67%;linear;9.36520224091258;1.79316910969833;1.5°C;consumption_based
Denmark;60.05671;6124.838;equality;lamboll;67%;linear;38.0252363555302;1.26631100356747;1.5°C;consumption_based
Djibouti;1.718966;1530.539;equality;lamboll;67%;linear;9.50214637944005;11.0556536655641;1.5°C;consumption_based
Dominican Republic;36.86521;12996.293;equality;lamboll;67%;linear;80.6857443528666;4.37733811107364;1.5°C;consumption_based
Ecuador;64.94059;21337.238;equality;lamboll;67%;linear;132.469384190112;4.07970990685833;1.5°C;consumption_based
Egypt;359.3699;161630.192;equality;lamboll;67%;linear;1003.45939810812;5.58454894585282;1.5°C;consumption_based
El Salvador;15.27658;6663.345;equality;lamboll;67%;linear;41.3684849368164;5.41593536469764;1.5°C;consumption_based
Eritrea;6.147011;5696.062;equality;lamboll;67%;linear;35.3632379902544;11.5058320182783;1.5°C;consumption_based
Estonia;12.3808;1174.267;equality;lamboll;67%;linear;7.2902793868996;1.17767501080699;1.5°C;consumption_based
Ethiopia;15.46353;225021.874;equality;lamboll;67%;linear;1397.01816505422;180.685543993411;1.5°C;consumption_based
Fiji;3.433959;1000.261;equality;lamboll;67%;linear;6.20998644245268;3.6168087286148;1.5°C;consumption_based
Finland;64.9849;5351.645;equality;lamboll;67%;linear;33.2249711773424;1.02254435037501;1.5°C;consumption_based
France;561.8057;68219.675;equality;lamboll;67%;linear;423.53271481996;1.5077551360549;1.5°C;consumption_based
French Polynesia;0;284.75;equality;lamboll;67%;linear;1.76783223527499;inf;1.5°C;consumption_based
Gabon;14.30998;4084.533;equality;lamboll;67%;linear;25.3582760437032;3.54413857233947;1.5°C;consumption_based
Gambia;2.508158;4301.896;equality;lamboll;67%;linear;26.7077451153663;21.2967006985735;1.5°C;consumption_based
Georgia;17.8212;3664.014;equality;lamboll;67%;linear;22.7475401569758;2.55286290002647;1.5°C;consumption_based
Germany;872.121;78294.613;equality;lamboll;67%;linear;486.081617944796;1.11471141721113;1.5°C;consumption_based
Ghana;54.33566;50553.047;equality;lamboll;67%;linear;313.851821169348;11.5523330781055;1.5°C;consumption_based
Greece;83.41989;8812.07;equality;lamboll;67%;linear;54.7085562967505;1.31164297379799;1.5°C;consumption_based
Greenland;0;49.898;equality;lamboll;67%;linear;0.309785049607556;inf;1.5°C;consumption_based
Guatemala;40.88083;24670.857;equality;lamboll;67%;linear;153.165711243054;7.4932779614824;1.5°C;consumption_based
Guinea;25.79336;23404.584;equality;lamboll;67%;linear;145.304224928539;11.2667930760892;1.5°C;consumption_based
Guyana;3.330323;940.608;equality;lamboll;67%;linear;5.83963878194044;3.50695039606696;1.5°C;consumption_based
Haiti;14.31872;14710.861;equality;lamboll;67%;linear;91.330410129762;12.7567841440802;1.5°C;consumption_based
Honduras;16.61826;14846.778;equality;lamboll;67%;linear;92.1742326193911;11.093126791781;1.5°C;consumption_based
Hungary;60.08714;8725.347;equality;lamboll;67%;linear;54.1701481670236;1.80305297163498;1.5°C;consumption_based
Iceland;6.905605;432.993;equality;lamboll;67%;linear;2.68817904494618;0.778549901115451;1.5°C;consumption_based
India;2949.414;1679589.259;equality;lamboll;67%;linear;10427.5049484876;7.07089947256478;1.5°C;consumption_based
Indonesia;847.1642;320712.949;equality;lamboll;67%;linear;1991.10338722495;4.70063155932451;1.5°C;consumption_based
Iraq;404.6027;71928.75;equality;lamboll;67%;linear;446.560010159916;2.20740005027112;1.5°C;consumption_based
Ireland;58.80573;5970.042;equality;lamboll;67%;linear;37.064206123075;1.26056444237917;1.5°C;consumption_based
Israel;96.33576;13092.722;equality;lamboll;67%;linear;81.2844108835613;1.68752311464738;1.5°C;consumption_based
Italy;480.3724;51891.098;equality;lamboll;67%;linear;322.15893158284;1.34128826544922;1.5°C;consumption_based
Jamaica;12.76953;2454.94;equality;lamboll;67%;linear;15.2411661726637;2.38711466634461;1.5°C;consumption_based
Japan;1258.371;105123.167;equality;lamboll;67%;linear;652.643102008065;1.03728248983498;1.5°C;consumption_based
Jordan;33.45501;16367.355;equality;lamboll;67%;linear;101.614531256152;6.07469740742282;1.5°C;consumption_based
Kazakhstan;260.4604;26544.264;equality;lamboll;67%;linear;164.796507676381;1.26542466859746;1.5°C;consumption_based
Kenya;79.74114;83593.239;equality;lamboll;67%;linear;518.977427762061;13.0165540086851;1.5°C;consumption_based
Kuwait;120.129;6367.756;equality;lamboll;67%;linear;39.5333602218288;0.658181791604505;1.5°C;consumption_based
Kyrgyzstan;24.1211;9642.952;equality;lamboll;67%;linear;59.8669759045109;4.96386780905604;1.5°C;consumption_based
Latvia;16.48173;1513.81;equality;lamboll;67%;linear;9.39828662364052;1.14044904553594;1.5°C;consumption_based
Lebanon;35.63768;6999.26;equality;lamboll;67%;linear;43.4539682214955;2.43865303361473;1.5°C;consumption_based
Lesotho;4.251056;2993.076;equality;lamboll;67%;linear;18.582111450142;8.74235081831056;1.5°C;consumption_based
Liberia;4.860882;8910.53;equality;lamboll;67%;linear;55.319832018911;22.7612322286001;1.5°C;consumption_based
Libya;56.0342;9260.606;equality;lamboll;67%;linear;57.4932319753504;2.05207648098306;1.5°C;consumption_based
Liechtenstein;1.370673;43.013;equality;lamboll;67%;linear;0.267040449291952;0.389648660609718;1.5°C;consumption_based
Lithuania;26.37468;2258.774;equality;lamboll;67%;linear;14.0232958363513;1.06339078512811;1.5°C;consumption_based
Luxembourg;8.842451;791.464;equality;lamboll;67%;linear;4.91369823445018;1.11138828690149;1.5°C;consumption_based
Madagascar;31.88092;53185.475;equality;lamboll;67%;linear;330.194897817076;20.714264068733;1.5°C;consumption_based
Malawi;16.42;37361.682;equality;lamboll;67%;linear;231.954998432637;28.2527403693834;1.5°C;consumption_based
Malaysia;233.1968;44289.772;equality;lamboll;67%;linear;274.96711724172;2.35824091275455;1.5°C;consumption_based
Maldives;2.901473;589.962;equality;lamboll;67%;linear;3.66270005684743;2.52471765675395;1.5°C;consumption_based
Mali;73.55506;46154.079;equality;lamboll;67%;linear;286.541417543911;7.79120885888506;1.5°C;consumption_based
Malta;2.956266;535.722;equality;lamboll;67%;linear;3.32595828181208;2.25010758964997;1.5°C;consumption_based
Mauritania;8.741203;9415.598;equality;lamboll;67%;linear;58.4554790475532;13.3746988938601;1.5°C;consumption_based
Mauritius;9.153498;1107.197;equality;lamboll;67%;linear;6.87388427532842;1.50191419178295;1.5°C;consumption_based
Mexico;597.8052;148946.274;equality;lamboll;67%;linear;924.712992102903;3.09369337069301;1.5°C;consumption_based
Monaco;1.08342;36.757;equality;lamboll;67%;linear;0.228200911227403;0.421260289135151;1.5°C;consumption_based
Mongolia;44.70931;4501.493;equality;lamboll;67%;linear;27.9469163556268;1.25016093317597;1.5°C;consumption_based
Montenegro;4.889849;533.295;equality;lamboll;67%;linear;3.3108905773871;1.35418929189311;1.5°C;consumption_based
Morocco;84.54553;43440.431;equality;lamboll;67%;linear;269.694097404878;6.37985467486876;1.5°C;consumption_based
Mozambique;46.50852;63530.951;equality;lamboll;67%;linear;394.423399878757;16.9613395514954;1.5°C;consumption_based
Myanmar;76.01056;58623.231;equality;lamboll;67%;linear;363.954477604117;9.57641879244455;1.5°C;consumption_based
Namibia;15.53063;4512.3;equality;lamboll;67%;linear;28.0140101676255;3.60758194195928;1.5°C;consumption_based
Nepal;51.71283;34642.027;equality;lamboll;67%;linear;215.070384638689;8.31787332616254;1.5°C;consumption_based
Netherlands;199.7464;18958.475;equality;lamboll;67%;linear;117.701152718719;1.17850587263368;1.5°C;consumption_based
New Caledonia;0;340.581;equality;lamboll;67%;linear;2.11445152071007;inf;1.5°C;consumption_based
New Zealand;79.7114;5755.288;equality;lamboll;67%;linear;35.7309346784595;0.896507517832067;1.5°C;consumption_based
Nicaragua;16.31699;8756.43;equality;lamboll;67%;linear;54.3631228092327;6.66337637140584;1.5°C;consumption_based
Niger;34.38707;52513.876;equality;lamboll;67%;linear;326.025365380277;18.9620904241203;1.5°C;consumption_based
Nigeria;449.8309;359185.556;equality;lamboll;67%;linear;2229.95541472158;9.91463865519948;1.5°C;consumption_based
Norway;76.82043;5899.829;equality;lamboll;67%;linear;36.6282981169806;0.95360825543363;1.5°C;consumption_based
Oman;65.19586;7827.002;equality;lamboll;67%;linear;48.5928935598309;1.49067421028976;1.5°C;consumption_based
Pakistan;578.9303;371863.793;equality;lamboll;67%;linear;2308.66655099922;7.97562867584999;1.5°C;consumption_based
Panama;21.22502;5630.68;equality;lamboll;67%;linear;34.9573226005907;3.29397311291963;1.5°C;consumption_based
Papua New Guinea;17.17362;14906.59;equality;lamboll;67%;linear;92.5455674101067;10.7776423852521;1.5°C;consumption_based
Paraguay;29.96962;8640.464;equality;lamboll;67%;linear;53.643163430845;3.57983607605602;1.5°C;consumption_based
Peru;99.16215;40583.876;equality;lamboll;67%;linear;251.959558297465;5.08176876555147;1.5°C;consumption_based
Philippines;260.8678;134373.439;equality;lamboll;67%;linear;834.239497906789;6.39587942940285;1.5°C;consumption_based
Poland;340.3965;32814.096;equality;lamboll;67%;linear;203.721919860257;1.1969683581368;1.5°C;consumption_based
Portugal;63.02308;9770.27;equality;lamboll;67%;linear;60.6574126543994;1.92492695229746;1.5°C;consumption_based
Qatar;162.3337;4164.46;equality;lamboll;67%;linear;25.8544921176938;0.31853511769514;1.5°C;consumption_based
Romania;116.8046;16027.266;equality;lamboll;67%;linear;99.5031342515431;1.70375369208992;1.5°C;consumption_based
Rwanda;8.712675;22707.91;equality;lamboll;67%;linear;140.979017712813;32.3618217626189;1.5°C;consumption_based
Samoa;0.6925006;272.726;equality;lamboll;67%;linear;1.69318284178264;4.89005451196041;1.5°C;consumption_based
San Marino;0.566147;33.696;equality;lamboll;67%;linear;0.209197102721075;0.739020440702063;1.5°C;consumption_based
Sao Tome and Principe;0.2998609;365.115;equality;lamboll;67%;linear;2.2667675735994;15.1187939047699;1.5°C;consumption_based
Saudi Arabia;703.8256;47693.909;equality;lamboll;67%;linear;296.101245852404;0.841405160177193;1.5°C;consumption_based
Senegal;28.29428;30364.954;equality;lamboll;67%;linear;188.516749794003;13.3254318395098;1.5°C;consumption_based
Serbia;73.73461;5532.87;equality;lamboll;67%;linear;34.3500823163686;0.931722085906973;1.5°C;consumption_based
Seychelles;0.9971907;141.747;equality;lamboll;67%;linear;0.880017263752501;1.76499292212112;1.5°C;consumption_based
Sierra Leone;7.612386;12948.325;equality;lamboll;67%;linear;80.3879414497527;21.1203009016497;1.5°C;consumption_based
Singapore;98.39144;6081.692;equality;lamboll;67%;linear;37.7573701935524;0.767492989096458;1.5°C;consumption_based
Slovakia;47.49821;4936.488;equality;lamboll;67%;linear;30.647524549423;1.29047071666166;1.5°C;consumption_based
Slovenia;16.40035;1981.553;equality;lamboll;67%;linear;12.3022063891339;1.50023705459138;1.5°C;consumption_based
Somalia;27.54213;37206.512;equality;lamboll;67%;linear;230.991646271276;16.7736951551152;1.5°C;consumption_based
South Africa;442.3963;79177.328;equality;lamboll;67%;linear;491.561835790488;2.22226919976721;1.5°C;consumption_based
South Sudan;0;18341.974;equality;lamboll;67%;linear;113.873688835034;inf;1.5°C;consumption_based
Spain;347.0203;44928.558;equality;lamboll;67%;linear;278.932934563028;1.60758857371184;1.5°C;consumption_based
Sri Lanka;52.34435;24813.69;equality;lamboll;67%;linear;154.052470792347;5.88611648792456;1.5°C;consumption_based
Sudan;0;85206.383;equality;lamboll;67%;linear;528.992416219797;inf;1.5°C;consumption_based
Suriname;3.667079;733.905;equality;lamboll;67%;linear;4.5563508924653;2.48500285511455;1.5°C;consumption_based
Sweden;98.71911;11309.63;equality;lamboll;67%;linear;70.2143230308451;1.42250721326084;1.5°C;consumption_based
Switzerland;98.65993;9342.586;equality;lamboll;67%;linear;58.0021938248599;1.17580042525593;1.5°C;consumption_based
Tajikistan;16.7698;15574.642;equality;lamboll;67%;linear;96.6930787724945;11.531810608653;1.5°C;consumption_based
Thailand;283.2797;66382.735;equality;lamboll;67%;linear;412.128318871704;2.90969186194213;1.5°C;consumption_based
Togo;13.54584;15584.778;equality;lamboll;67%;linear;96.7560067708676;14.2857152854113;1.5°C;consumption_based
Trinidad and Tobago;32.59566;1399.8;equality;lamboll;67%;linear;8.69047080926404;0.533228706475895;1.5°C;consumption_based
Tunisia;31.10463;13145.141;equality;lamboll;67%;linear;81.6098472240034;5.24744047583935;1.5°C;consumption_based
Turkmenistan;101.6677;9639.708;equality;lamboll;67%;linear;59.8468359650158;1.1773028398403;1.5°C;consumption_based
Uganda;50.1081;85431.202;equality;lamboll;67%;linear;530.388174868796;21.1697579780034;1.5°C;consumption_based
Ukraine;252.1204;31990.132;equality;lamboll;67%;linear;198.606449728892;1.57548893091469;1.5°C;consumption_based
Uruguay;31.57455;3254.354;equality;lamboll;67%;linear;20.2042209172822;1.27977886730181;1.5°C;consumption_based
Uzbekistan;165.7009;52210.754;equality;lamboll;67%;linear;324.143473043768;3.91239242567503;1.5°C;consumption_based
Vanuatu;0.5712391;534.388;equality;lamboll;67%;linear;3.31767632148949;11.6157186071104;1.5°C;consumption_based
Viet Nam;237.3877;110008.908;equality;lamboll;67%;linear;682.975570605096;5.75409400407094;1.5°C;consumption_based
Yemen;45.34253;70976.403;equality;lamboll;67%;linear;440.647491368811;19.4363874873683;1.5°C;consumption_based
Zambia;39.16851;38083.386;equality;lamboll;67%;linear;236.435601050818;12.0727390983633;1.5°C;consumption_based
Zimbabwe;22.44673;25866.385;equality;lamboll;67%;linear;160.587986700733;14.3083635523511;1.5°C;consumption_based
Afghanistan;36.29291;76885.134;equality;lamboll;67%;exponential;477.331056360448;39.4004242346125;1.5°C;consumption_based
Albania;10.69817;2240.166;equality;lamboll;67%;exponential;13.9077705607271;3.89449383604432;1.5°C;consumption_based
Algeria;229.2533;59565.554;equality;lamboll;67%;exponential;369.804763733849;4.83236693051528;1.5°C;consumption_based
Andorra;0.7052279;82.195;equality;lamboll;67%;exponential;0.510296648212215;2.16768528036931;1.5°C;consumption_based
Angola;63.06419;74295.394;equality;lamboll;67%;exponential;461.253002443043;21.9108579003758;1.5°C;consumption_based
Argentina;329.7293;48308.943;equality;lamboll;67%;exponential;299.919602063081;2.72489836775756;1.5°C;consumption_based
Armenia;13.76886;2495.207;equality;lamboll;67%;exponential;15.4911584487579;3.37045792605071;1.5°C;consumption_based
Aruba;0.8570806;100.002;equality;lamboll;67%;exponential;0.620849022623248;2.1700379801817;1.5°C;consumption_based
Australia;516.071;32506.969;equality;lamboll;67%;exponential;201.815163017682;1.17151360402857;1.5°C;consumption_based
Austria;104.6011;8724.332;equality;lamboll;67%;exponential;54.1638466754738;1.55123018348322;1.5°C;consumption_based
Azerbaijan;61.16201;11224.923;equality;lamboll;67%;exponential;69.6884309670929;3.41335874575508;1.5°C;consumption_based
Bahamas;3.216727;424.265;equality;lamboll;67%;exponential;2.63399242598401;2.45303257591243;1.5°C;consumption_based
Bahrain;29.84191;2139.464;equality;lamboll;67%;exponential;13.2825756818626;1.33339456643624;1.5°C;consumption_based
Bangladesh;198.2366;214709.096;equality;lamboll;67%;exponential;1332.99266414593;20.1440558625031;1.5°C;consumption_based
Barbados;4.262979;264.216;equality;lamboll;67%;exponential;1.64034964662131;1.15272638600761;1.5°C;consumption_based
Belarus;37.69015;7453.546;equality;lamboll;67%;exponential;46.2743420049341;3.67803099169561;1.5°C;consumption_based
Belgium;135.3539;11870.906;equality;lamboll;67%;exponential;73.6989298989266;1.63114814441702;1.5°C;consumption_based
Belize;1.471538;516.627;equality;lamboll;67%;exponential;3.20740953191717;6.52959029890425;1.5°C;consumption_based
Benin;17.1341;24433.809;equality;lamboll;67%;exponential;151.694030485522;26.5222394424545;1.5°C;consumption_based
Bermuda;0;56.937;equality;lamboll;67%;exponential;0.353485738296233;inf;1.5°C;consumption_based
Bhutan;3.675114;882.34;equality;lamboll;67%;exponential;5.4778897084198;4.46524678975467;1.5°C;consumption_based
Bosnia and Herzegovina;26.34888;2455.167;equality;lamboll;67%;exponential;15.2425754717591;1.73300251368677;1.5°C;consumption_based
Botswana;18.26959;3437.43;equality;lamboll;67%;exponential;21.3408237418835;3.4993338344094;1.5°C;consumption_based
Brazil;1077.661;217489.3;equality;lamboll;67%;exponential;1350.25318829638;3.75349674308399;1.5°C;consumption_based
British Virgin Islands;0.2776416;40.34;equality;lamboll;67%;exponential;0.250445486816482;2.70228822922097;1.5°C;consumption_based
Bulgaria;57.15165;5402.217;equality;lamboll;67%;exponential;33.5389406656736;1.75801900685231;1.5°C;consumption_based
Burkina Faso;29.78411;37304.383;equality;lamboll;67%;exponential;231.599265265828;23.2946156016827;1.5°C;consumption_based
Burundi;4.499215;24131.72;equality;lamboll;67%;exponential;149.818551391151;99.7543503876962;1.5°C;consumption_based
Cambodia;40.78146;21931.455;equality;lamboll;67%;exponential;136.158500844541;10.001957146672;1.5°C;consumption_based
Cameroon;38.30513;51096.317;equality;lamboll;67%;exponential;317.224640198173;24.809212045703;1.5°C;consumption_based
Canada;672.7777;45621.882;equality;lamboll;67%;exponential;283.237343752457;1.26119407904712;1.5°C;consumption_based
Cayman Islands;0;103.958;equality;lamboll;67%;exponential;0.645409318752301;inf;1.5°C;consumption_based
Central African Republic;9.32562;10616.752;equality;lamboll;67%;exponential;65.9126827726787;21.1735789168591;1.5°C;consumption_based
Chad;49.86327;38857.686;equality;lamboll;67%;exponential;241.242738890233;14.4936073918544;1.5°C;consumption_based
Chile;120.2864;20320.306;equality;lamboll;67%;exponential;126.155898077092;3.14191209786586;1.5°C;consumption_based
China;12046.22;1260289.093;equality;lamboll;67%;exponential;7824.33602939731;1.94580673127311;1.5°C;consumption_based
Colombia;192.7321;59385.356;equality;lamboll;67%;exponential;368.686028586765;5.73067296338192;1.5°C;consumption_based
Congo;20.37865;11006.472;equality;lamboll;67%;exponential;68.3322071931576;10.0450716024722;1.5°C;consumption_based
Costa Rica;20.15067;5354.15;equality;lamboll;67%;exponential;33.24052313432;4.94175667326696;1.5°C;consumption_based
Croatia;23.31505;3234.159;equality;lamboll;67%;exponential;20.0788429647225;2.57991459958446;1.5°C;consumption_based
Cuba;41.99676;9382;equality;lamboll;67%;exponential;58.2468903647059;4.15489407515509;1.5°C;consumption_based
Cyprus;10.44542;1508.481;equality;lamboll;67%;exponential;9.36520224091258;2.68592728693169;1.5°C;consumption_based
Denmark;60.05671;6124.838;equality;lamboll;67%;exponential;38.0252363555302;1.8967643708718;1.5°C;consumption_based
Djibouti;1.718966;1530.539;equality;lamboll;67%;exponential;9.50214637944005;16.559889245583;1.5°C;consumption_based
Dominican Republic;36.86521;12996.293;equality;lamboll;67%;exponential;80.6857443528666;6.55666652580059;1.5°C;consumption_based
Ecuador;64.94059;21337.238;equality;lamboll;67%;exponential;132.469384190112;6.11085931735672;1.5°C;consumption_based
Egypt;359.3699;161630.192;equality;lamboll;67%;exponential;1003.45939810812;8.36490675516661;1.5°C;consumption_based
El Salvador;15.27658;6663.345;equality;lamboll;67%;exponential;41.3684849368164;8.11234618175356;1.5°C;consumption_based
Eritrea;6.147011;5696.062;equality;lamboll;67%;exponential;35.3632379902544;17.2341961556236;1.5°C;consumption_based
Estonia;12.3808;1174.267;equality;lamboll;67%;exponential;7.2902793868996;1.76399951881627;1.5°C;consumption_based
Ethiopia;15.46353;225021.874;equality;lamboll;67%;exponential;1397.01816505422;270.642757752861;1.5°C;consumption_based
Fiji;3.433959;1000.261;equality;lamboll;67%;exponential;6.20998644245268;5.41749531779157;1.5°C;consumption_based
Finland;64.9849;5351.645;equality;lamboll;67%;exponential;33.2249711773424;1.53163455577935;1.5°C;consumption_based
France;561.8057;68219.675;equality;lamboll;67%;exponential;423.53271481996;2.25841536084823;1.5°C;consumption_based
French Polynesia;0;284.75;equality;lamboll;67%;exponential;1.76783223527499;inf;1.5°C;consumption_based
Gabon;14.30998;4084.533;equality;lamboll;67%;exponential;25.3582760437032;5.30864515155245;1.5°C;consumption_based
Gambia;2.508158;4301.896;equality;lamboll;67%;exponential;26.7077451153663;31.8996068014682;1.5°C;consumption_based
Georgia;17.8212;3664.014;equality;lamboll;67%;exponential;22.7475401569758;3.82384688978396;1.5°C;consumption_based
Germany;872.121;78294.613;equality;lamboll;67%;exponential;486.081617944796;1.66968848411925;1.5°C;consumption_based
Ghana;54.33566;50553.047;equality;lamboll;67%;exponential;313.851821169348;17.303848518463;1.5°C;consumption_based
Greece;83.41989;8812.07;equality;lamboll;67%;exponential;54.7085562967505;1.96466559399348;1.5°C;consumption_based
Greenland;0;49.898;equality;lamboll;67%;exponential;0.309785049607556;inf;1.5°C;consumption_based
Guatemala;40.88083;24670.857;equality;lamboll;67%;exponential;153.165711243054;11.2239273119618;1.5°C;consumption_based
Guinea;25.79336;23404.584;equality;lamboll;67%;exponential;145.304224928539;16.8761478187476;1.5°C;consumption_based
Guyana;3.330323;940.608;equality;lamboll;67%;exponential;5.83963878194044;5.25294224162536;1.5°C;consumption_based
Haiti;14.31872;14710.861;equality;lamboll;67%;exponential;91.330410129762;19.1079549835914;1.5°C;consumption_based
Honduras;16.61826;14846.778;equality;lamboll;67%;exponential;92.1742326193911;16.6160189723823;1.5°C;consumption_based
Hungary;60.08714;8725.347;equality;lamboll;67%;exponential;54.1701481670236;2.70073198902717;1.5°C;consumption_based
Iceland;6.905605;432.993;equality;lamboll;67%;exponential;2.68817904494618;1.16616353267191;1.5°C;consumption_based
India;2949.414;1679589.259;equality;lamboll;67%;exponential;10427.5049484876;10.5912608765091;1.5°C;consumption_based
Indonesia;847.1642;320712.949;equality;lamboll;67%;exponential;1991.10338722495;7.04091683417743;1.5°C;consumption_based
Iraq;404.6027;71928.75;equality;lamboll;67%;exponential;446.560010159916;3.30638978562095;1.5°C;consumption_based
Ireland;58.80573;5970.042;equality;lamboll;67%;exponential;37.064206123075;1.88815679146493;1.5°C;consumption_based
Israel;96.33576;13092.722;equality;lamboll;67%;exponential;81.2844108835613;2.52768372845876;1.5°C;consumption_based
Italy;480.3724;51891.098;equality;lamboll;67%;exponential;322.15893158284;2.00907027247275;1.5°C;consumption_based
Jamaica;12.76953;2454.94;equality;lamboll;67%;exponential;15.2411661726637;3.5755782233213;1.5°C;consumption_based
Japan;1258.371;105123.167;equality;lamboll;67%;exponential;652.643102008065;1.55371031579554;1.5°C;consumption_based
Jordan;33.45501;16367.355;equality;lamboll;67%;exponential;101.614531256152;9.09908353774564;1.5°C;consumption_based
Kazakhstan;260.4604;26544.264;equality;lamboll;67%;exponential;164.796507676381;1.89543675973439;1.5°C;consumption_based
Kenya;79.74114;83593.239;equality;lamboll;67%;exponential;518.977427762061;19.4970554671383;1.5°C;consumption_based
Kuwait;120.129;6367.756;equality;lamboll;67%;exponential;39.5333602218288;0.985868217487602;1.5°C;consumption_based
Kyrgyzstan;24.1211;9642.952;equality;lamboll;67%;exponential;59.8669759045109;7.43520949862246;1.5°C;consumption_based
Latvia;16.48173;1513.81;equality;lamboll;67%;exponential;9.39828662364052;1.70824000602793;1.5°C;consumption_based
Lebanon;35.63768;6999.26;equality;lamboll;67%;exponential;43.4539682214955;3.6527757984;1.5°C;consumption_based
Lesotho;4.251056;2993.076;equality;lamboll;67%;exponential;18.582111450142;13.094871246572;1.5°C;consumption_based
Liberia;4.860882;8910.53;equality;lamboll;67%;exponential;55.319832018911;34.0932789865372;1.5°C;consumption_based
Libya;56.0342;9260.606;equality;lamboll;67%;exponential;57.4932319753504;3.07373587094102;1.5°C;consumption_based
Liechtenstein;1.370673;43.013;equality;lamboll;67%;exponential;0.267040449291952;0.583641533967809;1.5°C;consumption_based
Lithuania;26.37468;2258.774;equality;lamboll;67%;exponential;14.0232958363513;1.5928170472041;1.5°C;consumption_based
Luxembourg;8.842451;791.464;equality;lamboll;67%;exponential;4.91369823445018;1.66471087976033;1.5°C;consumption_based
Madagascar;31.88092;53185.475;equality;lamboll;67%;exponential;330.194897817076;31.0271946968116;1.5°C;consumption_based
Malawi;16.42;37361.682;equality;lamboll;67%;exponential;231.954998432637;42.3188230704517;1.5°C;consumption_based
Malaysia;233.1968;44289.772;equality;lamboll;67%;exponential;274.96711724172;3.53232920557711;1.5°C;consumption_based
Maldives;2.901473;589.962;equality;lamboll;67%;exponential;3.66270005684743;3.78168908297471;1.5°C;consumption_based
Mali;73.55506;46154.079;equality;lamboll;67%;exponential;286.541417543911;11.6701879142809;1.5°C;consumption_based
Malta;2.956266;535.722;equality;lamboll;67%;exponential;3.32595828181208;3.3703599626416;1.5°C;consumption_based
Mauritania;8.741203;9415.598;equality;lamboll;67%;exponential;58.4554790475532;20.0335085627017;1.5°C;consumption_based
Mauritius;9.153498;1107.197;equality;lamboll;67%;exponential;6.87388427532842;2.24966640821647;1.5°C;consumption_based
Mexico;597.8052;148946.274;equality;lamboll;67%;exponential;924.712992102903;4.63393853753253;1.5°C;consumption_based
Monaco;1.08342;36.757;equality;lamboll;67%;exponential;0.228200911227403;0.630991521864429;1.5°C;consumption_based
Mongolia;44.70931;4501.493;equality;lamboll;67%;exponential;27.9469163556268;1.87257372732581;1.5°C;consumption_based
Montenegro;4.889849;533.295;equality;lamboll;67%;exponential;3.3108905773871;2.0283942831127;1.5°C;consumption_based
Morocco;84.54553;43440.431;equality;lamboll;67%;exponential;269.694097404878;9.55616827504432;1.5°C;consumption_based
Mozambique;46.50852;63530.951;equality;lamboll;67%;exponential;394.423399878757;25.4058161485613;1.5°C;consumption_based
Myanmar;76.01056;58623.231;equality;lamboll;67%;exponential;363.954477604117;14.3441934207975;1.5°C;consumption_based
Namibia;15.53063;4512.3;equality;lamboll;67%;exponential;28.0140101676255;5.40367482650899;1.5°C;consumption_based
Nepal;51.71283;34642.027;equality;lamboll;67%;exponential;215.070384638689;12.4590607852595;1.5°C;consumption_based
Netherlands;199.7464;18958.475;equality;lamboll;67%;exponential;117.701152718719;1.76524403861082;1.5°C;consumption_based
New Caledonia;0;340.581;equality;lamboll;67%;exponential;2.11445152071007;inf;1.5°C;consumption_based
New Zealand;79.7114;5755.288;equality;lamboll;67%;exponential;35.7309346784595;1.34284825232665;1.5°C;consumption_based
Nicaragua;16.31699;8756.43;equality;lamboll;67%;exponential;54.3631228092327;9.98084582332878;1.5°C;consumption_based
Niger;34.38707;52513.876;equality;lamboll;67%;exponential;326.025365380277;28.4026731287931;1.5°C;consumption_based
Nigeria;449.8309;359185.556;equality;lamboll;67%;exponential;2229.95541472158;14.8508015000035;1.5°C;consumption_based
Norway;76.82043;5899.829;equality;lamboll;67%;exponential;36.6282981169806;1.42837751356502;1.5°C;consumption_based
Oman;65.19586;7827.002;equality;lamboll;67%;exponential;48.5928935598309;2.23283042055982;1.5°C;consumption_based
Pakistan;578.9303;371863.793;equality;lamboll;67%;exponential;2308.66655099922;11.9464241130632;1.5°C;consumption_based
Panama;21.22502;5630.68;equality;lamboll;67%;exponential;34.9573226005907;4.93393078129622;1.5°C;consumption_based
Papua New Guinea;17.17362;14906.59;equality;lamboll;67%;exponential;92.5455674101067;16.1434655631616;1.5°C;consumption_based
Paraguay;29.96962;8640.464;equality;lamboll;67%;exponential;53.643163430845;5.36211523353695;1.5°C;consumption_based
Peru;99.16215;40583.876;equality;lamboll;67%;exponential;251.959558297465;7.61180934885059;1.5°C;consumption_based
Philippines;260.8678;134373.439;equality;lamboll;67%;exponential;834.239497906789;9.5801712122111;1.5°C;consumption_based
Poland;340.3965;32814.096;equality;lamboll;67%;exponential;203.721919860257;1.79289837044668;1.5°C;consumption_based
Portugal;63.02308;9770.27;equality;lamboll;67%;exponential;60.6574126543994;2.8832828976157;1.5°C;consumption_based
Qatar;162.3337;4164.46;equality;lamboll;67%;exponential;25.8544921176938;0.477122966169825;1.5°C;consumption_based
Romania;116.8046;16027.266;equality;lamboll;67%;exponential;99.5031342515431;2.55199496079027;1.5°C;consumption_based
Rwanda;8.712675;22707.91;equality;lamboll;67%;exponential;140.979017712813;48.4736769426396;1.5°C;consumption_based
Samoa;0.6925006;272.726;equality;lamboll;67%;exponential;1.69318284178264;7.32464706045905;1.5°C;consumption_based
San Marino;0.566147;33.696;equality;lamboll;67%;exponential;0.209197102721075;1.10695369251363;1.5°C;consumption_based
Sao Tome and Principe;0.2998609;365.115;equality;lamboll;67%;exponential;2.2667675735994;22.6459294188652;1.5°C;consumption_based
Saudi Arabia;703.8256;47693.909;equality;lamboll;67%;exponential;296.101245852404;1.26031229673884;1.5°C;consumption_based
Senegal;28.29428;30364.954;equality;lamboll;67%;exponential;188.516749794003;19.9597131103318;1.5°C;consumption_based
Serbia;73.73461;5532.87;equality;lamboll;67%;exponential;34.3500823163686;1.39559496136728;1.5°C;consumption_based
Seychelles;0.9971907;141.747;equality;lamboll;67%;exponential;0.880017263752501;2.6437231296963;1.5°C;consumption_based
Sierra Leone;7.612386;12948.325;equality;lamboll;67%;exponential;80.3879414497527;31.6353835191217;1.5°C;consumption_based
Singapore;98.39144;6081.692;equality;lamboll;67%;exponential;37.7573701935524;1.14960175858134;1.5°C;consumption_based
Slovakia;47.49821;4936.488;equality;lamboll;67%;exponential;30.647524549423;1.93295238698984;1.5°C;consumption_based
Slovenia;16.40035;1981.553;equality;lamboll;67%;exponential;12.3022063891339;2.24715428121049;1.5°C;consumption_based
Somalia;27.54213;37206.512;equality;lamboll;67%;exponential;230.991646271276;25.1247499614674;1.5°C;consumption_based
South Africa;442.3963;79177.328;equality;lamboll;67%;exponential;491.561835790488;3.32866178113382;1.5°C;consumption_based
South Sudan;0;18341.974;equality;lamboll;67%;exponential;113.873688835034;inf;1.5°C;consumption_based
Spain;347.0203;44928.558;equality;lamboll;67%;exponential;278.932934563028;2.4079524864326;1.5°C;consumption_based
Sri Lanka;52.34435;24813.69;equality;lamboll;67%;exponential;154.052470792347;8.81661456438693;1.5°C;consumption_based
Sudan;0;85206.383;equality;lamboll;67%;exponential;528.992416219797;inf;1.5°C;consumption_based
Suriname;3.667079;733.905;equality;lamboll;67%;exponential;4.5563508924653;3.72220162647023;1.5°C;consumption_based
Sweden;98.71911;11309.63;equality;lamboll;67%;exponential;70.2143230308451;2.13072538406442;1.5°C;consumption_based
Switzerland;98.65993;9342.586;equality;lamboll;67%;exponential;58.0021938248599;1.76119164059884;1.5°C;consumption_based
Tajikistan;16.7698;15574.642;equality;lamboll;67%;exponential;96.6930787724945;17.273108606427;1.5°C;consumption_based
Thailand;283.2797;66382.735;equality;lamboll;67%;exponential;412.128318871704;4.35832890845871;1.5°C;consumption_based
Togo;13.54584;15584.778;equality;lamboll;67%;exponential;96.7560067708676;21.398089165655;1.5°C;consumption_based
Trinidad and Tobago;32.59566;1399.8;equality;lamboll;67%;exponential;8.69047080926404;0.798705222587644;1.5°C;consumption_based
Tunisia;31.10463;13145.141;equality;lamboll;67%;exponential;81.6098472240034;7.85996339351272;1.5°C;consumption_based
Turkmenistan;101.6677;9639.708;equality;lamboll;67%;exponential;59.8468359650158;1.76344205652817;1.5°C;consumption_based
Uganda;50.1081;85431.202;equality;lamboll;67%;exponential;530.388174868796;31.7094635990159;1.5°C;consumption_based
Ukraine;252.1204;31990.132;equality;lamboll;67%;exponential;198.606449728892;2.35987151848411;1.5°C;consumption_based
Uruguay;31.57455;3254.354;equality;lamboll;67%;exponential;20.2042209172822;1.91693742789421;1.5°C;consumption_based
Uzbekistan;165.7009;52210.754;equality;lamboll;67%;exponential;324.143473043768;5.86024012820143;1.5°C;consumption_based
Vanuatu;0.5712391;534.388;equality;lamboll;67%;exponential;3.31767632148949;17.3987915559211;1.5°C;consumption_based
Viet Nam;237.3877;110008.908;equality;lamboll;67%;exponential;682.975570605096;8.61886255652942;1.5°C;consumption_based
Yemen;45.34253;70976.403;equality;lamboll;67%;exponential;440.647491368811;29.1131066386051;1.5°C;consumption_based
Zambia;39.16851;38083.386;equality;lamboll;67%;exponential;236.435601050818;18.0833470735821;1.5°C;consumption_based
Zimbabwe;22.44673;25866.385;equality;lamboll;67%;exponential;160.587986700733;21.4320132377608;1.5°C;consumption_based
Afghanistan;36.29291;76885.134;responsability;lamboll;67%;linear;6456.10852769695;355.777948238207;1.5°C;consumption_based
Albania;10.69817;2240.166;responsability;lamboll;67%;linear;-97.4473031909757;-7;1.5°C;consumption_based
Algeria;229.2533;59565.554;responsability;lamboll;67%;linear;1311.37869765067;11.4404346428223;1.5°C;consumption_based
Andorra;0.7052279;82.195;responsability;lamboll;67%;linear;-24.1594387339055;-23;1.5°C;consumption_based
Angola;63.06419;74295.394;responsability;lamboll;67%;linear;5091.59077889233;161.473279174515;1.5°C;consumption_based
Argentina;329.7293;48308.943;responsability;lamboll;67%;linear;-5247.03459327495;-15;1.5°C;consumption_based
Armenia;13.76886;2495.207;responsability;lamboll;67%;linear;-168.16388425528;-13;1.5°C;consumption_based
Aruba;0.8570806;100.002;responsability;lamboll;67%;linear;-48.2320242042463;-24;1.5°C;consumption_based
Australia;516.071;32506.969;responsability;lamboll;67%;linear;-13533.7163562379;-24;1.5°C;consumption_based
Austria;104.6011;8724.332;responsability;lamboll;67%;linear;-2940.14213885199;-24;1.5°C;consumption_based
Azerbaijan;61.16201;11224.923;responsability;lamboll;67%;linear;-792.277618252044;-12;1.5°C;consumption_based
Bahamas;3.216727;424.265;responsability;lamboll;67%;linear;-87.7817964927056;-22;1.5°C;consumption_based
Bahrain;29.84191;2139.464;responsability;lamboll;67%;linear;-870.549794897774;-25;1.5°C;consumption_based
Bangladesh;198.2366;214709.096;responsability;lamboll;67%;linear;16527.697985777;166.747189830506;1.5°C;consumption_based
Barbados;4.262979;264.216;responsability;lamboll;67%;linear;-154.45391677312;-26;1.5°C;consumption_based
Belarus;37.69015;7453.546;responsability;lamboll;67%;linear;483.01268186882;25.6307115715283;1.5°C;consumption_based
Belgium;135.3539;11870.906;responsability;lamboll;67%;linear;-3428.92133558466;-24;1.5°C;consumption_based
Belize;1.471538;516.627;responsability;lamboll;67%;linear;1.15468387965303;1.56935652311123;1.5°C;consumption_based
Benin;17.1341;24433.809;responsability;lamboll;67%;linear;1934.53474409291;225.811071966769;1.5°C;consumption_based
Bermuda;0;56.937;responsability;lamboll;67%;linear;5.35909841702196;inf;1.5°C;consumption_based
Bhutan;3.675114;882.34;responsability;lamboll;67%;linear;13.1341948380167;7.14763941364359;1.5°C;consumption_based
Bosnia and Herzegovina;26.34888;2455.167;responsability;lamboll;67%;linear;-482.362933247;-18;1.5°C;consumption_based
Botswana;18.26959;3437.43;responsability;lamboll;67%;linear;-322.200929754047;-13;1.5°C;consumption_based
Brazil;1077.661;217489.3;responsability;lamboll;67%;linear;-9311.53684492309;-7;1.5°C;consumption_based
British Virgin Islands;0.2776416;40.34;responsability;lamboll;67%;linear;-11.0406389178326;-23;1.5°C;consumption_based
Bulgaria;57.15165;5402.217;responsability;lamboll;67%;linear;-1158.21694058645;-22;1.5°C;consumption_based
Burkina Faso;29.78411;37304.383;responsability;lamboll;67%;linear;2904.85308206367;195.060593186344;1.5°C;consumption_based
Burundi;4.499215;24131.72;responsability;lamboll;67%;linear;2161.18264306864;960.693206734348;1.5°C;consumption_based
Cambodia;40.78146;21931.455;responsability;lamboll;67%;linear;1172.16926111243;57.4853995473644;1.5°C;consumption_based
Cameroon;38.30513;51096.317;responsability;lamboll;67%;linear;3765.02821009664;196.580886690458;1.5°C;consumption_based
Canada;672.7777;45621.882;responsability;lamboll;67%;linear;-18621.839545904;-25;1.5°C;consumption_based
Cayman Islands;0;103.958;responsability;lamboll;67%;linear;9.78487017645413;inf;1.5°C;consumption_based
Central African Republic;9.32562;10616.752;responsability;lamboll;67%;linear;419.813421356565;90.0344258840838;1.5°C;consumption_based
Chad;49.86327;38857.686;responsability;lamboll;67%;linear;2798.66517764033;112.253575733815;1.5°C;consumption_based
Chile;120.2864;20320.306;responsability;lamboll;67%;linear;-1046.71630196231;-7;1.5°C;consumption_based
China;12046.22;1260289.093;responsability;lamboll;67%;linear;-117045.237733103;-9;1.5°C;consumption_based
Colombia;192.7321;59385.356;responsability;lamboll;67%;linear;732.681366968501;7.60310676808379;1.5°C;consumption_based
Congo;20.37865;11006.472;responsability;lamboll;67%;linear;586.449625413835;57.5552968831434;1.5°C;consumption_based
Costa Rica;20.15067;5354.15;responsability;lamboll;67%;linear;-37.1569993192453;0;1.5°C;consumption_based
Croatia;23.31505;3234.159;responsability;lamboll;67%;linear;-678.303747371528;-21;1.5°C;consumption_based
Cuba;41.99676;9382;responsability;lamboll;67%;linear;-552.708875406677;-11;1.5°C;consumption_based
Cyprus;10.44542;1508.481;responsability;lamboll;67%;linear;-271.805209042789;-19;1.5°C;consumption_based
Denmark;60.05671;6124.838;responsability;lamboll;67%;linear;-2108.31877633936;-25;1.5°C;consumption_based
Djibouti;1.718966;1530.539;responsability;lamboll;67%;linear;87.3768757415103;101.662133796143;1.5°C;consumption_based
Dominican Republic;36.86521;12996.293;responsability;lamboll;67%;linear;283.050434310968;15.3559648411588;1.5°C;consumption_based
Ecuador;64.94059;21337.238;responsability;lamboll;67%;linear;273.13790527005;8.41193174469312;1.5°C;consumption_based
Egypt;359.3699;161630.192;responsability;lamboll;67%;linear;6849.26339174624;38.1181806920737;1.5°C;consumption_based
El Salvador;15.27658;6663.345;responsability;lamboll;67%;linear;151.282161376929;19.8057629884344;1.5°C;consumption_based
Eritrea;6.147011;5696.062;responsability;lamboll;67%;linear;357.727248940319;116.390632435933;1.5°C;consumption_based
Estonia;12.3808;1174.267;responsability;lamboll;67%;linear;-464.190633127472;-27;1.5°C;consumption_based
Ethiopia;15.46353;225021.874;responsability;lamboll;67%;linear;20794.825922486;2689.53155230222;1.5°C;consumption_based
Fiji;3.433959;1000.261;responsability;lamboll;67%;linear;-0.635903326803273;1;1.5°C;consumption_based
Finland;64.9849;5351.645;responsability;lamboll;67%;linear;-2066.22057418948;-25;1.5°C;consumption_based
France;561.8057;68219.675;responsability;lamboll;67%;linear;-16528.8729623223;-23;1.5°C;consumption_based
French Polynesia;0;284.75;responsability;lamboll;67%;linear;26.8016100997067;inf;1.5°C;consumption_based
Gabon;14.30998;4084.533;responsability;lamboll;67%;linear;-139.365208988989;-7;1.5°C;consumption_based
Gambia;2.508158;4301.896;responsability;lamboll;67%;linear;338.80748919311;270.164390914057;1.5°C;consumption_based
Georgia;17.8212;3664.014;responsability;lamboll;67%;linear;-379.521655608896;-20;1.5°C;consumption_based
Germany;872.121;78294.613;responsability;lamboll;67%;linear;-28601.3827354401;-26;1.5°C;consumption_based
Ghana;54.33566;50553.047;responsability;lamboll;67%;linear;3883.24765409535;142.935510642379;1.5°C;consumption_based
Greece;83.41989;8812.07;responsability;lamboll;67%;linear;-4149.44775862573;-26;1.5°C;consumption_based
Greenland;0;49.898;responsability;lamboll;67%;linear;4.69656449782324;inf;1.5°C;consumption_based
Guatemala;40.88083;24670.857;responsability;lamboll;67%;linear;1400.02307146487;68.4928887923688;1.5°C;consumption_based
Guinea;25.79336;23404.584;responsability;lamboll;67%;linear;1681.03849711531;130.346608360858;1.5°C;consumption_based
Guyana;3.330323;940.608;responsability;lamboll;67%;linear;-1218.06738563068;-29;1.5°C;consumption_based
Haiti;14.31872;14710.861;responsability;lamboll;67%;linear;1040.79773910266;145.375807209396;1.5°C;consumption_based
Honduras;16.61826;14846.778;responsability;lamboll;67%;linear;945.54344187148;113.795721317572;1.5°C;consumption_based
Hungary;60.08714;8725.347;responsability;lamboll;67%;linear;-1395.22316370098;-20;1.5°C;consumption_based
Iceland;6.905605;432.993;responsability;lamboll;67%;linear;-155.827892317288;-23;1.5°C;consumption_based
India;2949.414;1679589.259;responsability;lamboll;67%;linear;94971.0742067546;64.3999616240749;1.5°C;consumption_based
Indonesia;847.1642;320712.949;responsability;lamboll;67%;linear;11315.3733909575;26.7135306023495;1.5°C;consumption_based
Iraq;404.6027;71928.75;responsability;lamboll;67%;linear;587.346652157266;2.90332542099826;1.5°C;consumption_based
Ireland;58.80573;5970.042;responsability;lamboll;67%;linear;-1558.34034691704;-21;1.5°C;consumption_based
Israel;96.33576;13092.722;responsability;lamboll;67%;linear;-1660.83698984951;-16;1.5°C;consumption_based
Italy;480.3724;51891.098;responsability;lamboll;67%;linear;-15799.1899382206;-24;1.5°C;consumption_based
Jamaica;12.76953;2454.94;responsability;lamboll;67%;linear;-285.226912236439;-17;1.5°C;consumption_based
Japan;1258.371;105123.167;responsability;lamboll;67%;linear;-46122.9144587169;-26;1.5°C;consumption_based
Jordan;33.45501;16367.355;responsability;lamboll;67%;linear;544.016859283532;32.5222954220329;1.5°C;consumption_based
Kazakhstan;260.4604;26544.264;responsability;lamboll;67%;linear;-8153.41953665783;-22;1.5°C;consumption_based
Kenya;79.74114;83593.239;responsability;lamboll;67%;linear;5973.44416704864;149.820887111688;1.5°C;consumption_based
Kuwait;120.129;6367.756;responsability;lamboll;67%;linear;-2367.63970218764;-22;1.5°C;consumption_based
Kyrgyzstan;24.1211;9642.952;responsability;lamboll;67%;linear;343.241074364135;28.4598193584982;1.5°C;consumption_based
Latvia;16.48173;1513.81;responsability;lamboll;67%;linear;-392.496894969141;-23;1.5°C;consumption_based
Lebanon;35.63768;6999.26;responsability;lamboll;67%;linear;-321.317720802551;-7;1.5°C;consumption_based
Lesotho;4.251056;2993.076;responsability;lamboll;67%;linear;125.489424734995;59.0391774349692;1.5°C;consumption_based
Liberia;4.860882;8910.53;responsability;lamboll;67%;linear;765.640966239122;315.021416376338;1.5°C;consumption_based
Libya;56.0342;9260.606;responsability;lamboll;67%;linear;-860.110759467937;-16;1.5°C;consumption_based
Liechtenstein;1.370673;43.013;responsability;lamboll;67%;linear;-16.2619679329458;-23;1.5°C;consumption_based
Lithuania;26.37468;2258.774;responsability;lamboll;67%;linear;-738.868303796822;-25;1.5°C;consumption_based
Luxembourg;8.842451;791.464;responsability;lamboll;67%;linear;-472.075928308326;-27;1.5°C;consumption_based
Madagascar;31.88092;53185.475;responsability;lamboll;67%;linear;4135.96261839403;259.463191049319;1.5°C;consumption_based
Malawi;16.42;37361.682;responsability;lamboll;67%;linear;3197.63744611583;389.480809514717;1.5°C;consumption_based
Malaysia;233.1968;44289.772;responsability;lamboll;67%;linear;-1470.64417705387;-5;1.5°C;consumption_based
Maldives;2.901473;589.962;responsability;lamboll;67%;linear;6.45220329453273;4.44753633380888;1.5°C;consumption_based
Mali;73.55506;46154.079;responsability;lamboll;67%;linear;3082.16626277985;83.8056895821947;1.5°C;consumption_based
Malta;2.956266;535.722;responsability;lamboll;67%;linear;-83.2644166783666;-19;1.5°C;consumption_based
Mauritania;8.741203;9415.598;responsability;lamboll;67%;linear;666.548235276835;152.507208739309;1.5°C;consumption_based
Mauritius;9.153498;1107.197;responsability;lamboll;67%;linear;-145.582240958507;-14;1.5°C;consumption_based
Mexico;597.8052;148946.274;responsability;lamboll;67%;linear;-5060.46374626132;-7;1.5°C;consumption_based
Monaco;1.08342;36.757;responsability;lamboll;67%;linear;-12.9626194070767;-23;1.5°C;consumption_based
Mongolia;44.70931;4501.493;responsability;lamboll;67%;linear;-292.565981199089;-6;1.5°C;consumption_based
Montenegro;4.889849;533.295;responsability;lamboll;67%;linear;-104.394836931087;-19;1.5°C;consumption_based
Morocco;84.54553;43440.431;responsability;lamboll;67%;linear;2082.65824393403;49.2671402955077;1.5°C;consumption_based
Mozambique;46.50852;63530.951;responsability;lamboll;67%;linear;4948.95172501519;212.819144750905;1.5°C;consumption_based
Myanmar;76.01056;58623.231;responsability;lamboll;67%;linear;4018.68092581929;105.74006890146;1.5°C;consumption_based
Namibia;15.53063;4512.3;responsability;lamboll;67%;linear;-79.4671666798709;-4;1.5°C;consumption_based
Nepal;51.71283;34642.027;responsability;lamboll;67%;linear;2186.16501159794;84.5501981461058;1.5°C;consumption_based
Netherlands;199.7464;18958.475;responsability;lamboll;67%;linear;-5938.79774175579;-24;1.5°C;consumption_based
New Caledonia;0;340.581;responsability;lamboll;67%;linear;32.0566081452791;inf;1.5°C;consumption_based
New Zealand;79.7114;5755.288;responsability;lamboll;67%;linear;-1909.76575240555;-23;1.5°C;consumption_based
Nicaragua;16.31699;8756.43;responsability;lamboll;67%;linear;362.222010879281;44.3981409413477;1.5°C;consumption_based
Niger;34.38707;52513.876;responsability;lamboll;67%;linear;4343.55190423564;252.627042910934;1.5°C;consumption_based
Nigeria;449.8309;359185.556;responsability;lamboll;67%;linear;22776.3528787827;101.26628863772;1.5°C;consumption_based
Norway;76.82043;5899.829;responsability;lamboll;67%;linear;-2062.60925628466;-24;1.5°C;consumption_based
Oman;65.19586;7827.002;responsability;lamboll;67%;linear;-618.849980979368;-8;1.5°C;consumption_based
Pakistan;578.9303;371863.793;responsability;lamboll;67%;linear;24305.5747023145;83.9671881133688;1.5°C;consumption_based
Panama;21.22502;5630.68;responsability;lamboll;67%;linear;-11.4769587577987;1;1.5°C;consumption_based
Papua New Guinea;17.17362;14906.59;responsability;lamboll;67%;linear;1051.89378778029;122.501113659239;1.5°C;consumption_based
Paraguay;29.96962;8640.464;responsability;lamboll;67%;linear;-235.714591901483;-6;1.5°C;consumption_based
Peru;99.16215;40583.876;responsability;lamboll;67%;linear;1150.73269644195;23.2091114692845;1.5°C;consumption_based
Philippines;260.8678;134373.439;responsability;lamboll;67%;linear;7280.03488144769;55.813978432353;1.5°C;consumption_based
Poland;340.3965;32814.096;responsability;lamboll;67%;linear;-9151.72734902073;-23;1.5°C;consumption_based
Portugal;63.02308;9770.27;responsability;lamboll;67%;linear;-2053.79213113657;-21;1.5°C;consumption_based
Qatar;162.3337;4164.46;responsability;lamboll;67%;linear;-2538.47926587068;-19;1.5°C;consumption_based
Romania;116.8046;16027.266;responsability;lamboll;67%;linear;-3019.13817019741;-22;1.5°C;consumption_based
Rwanda;8.712675;22707.91;responsability;lamboll;67%;linear;1936.61432717202;444.551031037429;1.5°C;consumption_based
Samoa;0.6925006;272.726;responsability;lamboll;67%;linear;7.68637182257286;22.1988885571301;1.5°C;consumption_based
San Marino;0.566147;33.696;responsability;lamboll;67%;linear;-20.1154549329422;-26;1.5°C;consumption_based
Sao Tome and Principe;0.2998609;365.115;responsability;lamboll;67%;linear;24.9364247240717;166.319948509937;1.5°C;consumption_based
Saudi Arabia;703.8256;47693.909;responsability;lamboll;67%;linear;-10050.5122238845;-15;1.5°C;consumption_based
Senegal;28.29428;30364.954;responsability;lamboll;67%;linear;2199.06370011776;155.442280214782;1.5°C;consumption_based
Serbia;73.73461;5532.87;responsability;lamboll;67%;linear;-1904.37422887668;-24;1.5°C;consumption_based
Seychelles;0.9971907;141.747;responsability;lamboll;67%;linear;-17.6462888834833;-16;1.5°C;consumption_based
Sierra Leone;7.612386;12948.325;responsability;lamboll;67%;linear;1046.07726778502;274.835581849114;1.5°C;consumption_based
Singapore;98.39144;6081.692;responsability;lamboll;67%;linear;-3240.37626030551;-23;1.5°C;consumption_based
Slovakia;47.49821;4936.488;responsability;lamboll;67%;linear;-1549.00865166679;-26;1.5°C;consumption_based
Slovenia;16.40035;1981.553;responsability;lamboll;67%;linear;-449.607189559599;-21;1.5°C;consumption_based
Somalia;27.54213;37206.512;responsability;lamboll;67%;linear;2625.96524642339;190.687157923036;1.5°C;consumption_based
South Africa;442.3963;79177.328;responsability;lamboll;67%;linear;-5520.24868536402;-11;1.5°C;consumption_based
South Sudan;0;18341.974;responsability;lamboll;67%;linear;1726.40714875139;inf;1.5°C;consumption_based
Spain;347.0203;44928.558;responsability;lamboll;67%;linear;-10909.5419897873;-21;1.5°C;consumption_based
Sri Lanka;52.34435;24813.69;responsability;lamboll;67%;linear;1324.6268649868;50.6120284228118;1.5°C;consumption_based
Sudan;0;85206.383;responsability;lamboll;67%;linear;8019.90607610986;inf;1.5°C;consumption_based
Suriname;3.667079;733.905;responsability;lamboll;67%;linear;-40.0959124188752;-10;1.5°C;consumption_based
Sweden;98.71911;11309.63;responsability;lamboll;67%;linear;-2432.2783957526;-21;1.5°C;consumption_based
Switzerland;98.65993;9342.586;responsability;lamboll;67%;linear;-2937.01139121166;-24;1.5°C;consumption_based
Tajikistan;16.7698;15574.642;responsability;lamboll;67%;linear;1046.62599558829;124.822716500888;1.5°C;consumption_based
Thailand;283.2797;66382.735;responsability;lamboll;67%;linear;-2754.31581976416;-7;1.5°C;consumption_based
Togo;13.54584;15584.778;responsability;lamboll;67%;linear;1162.00282337221;171.566004525701;1.5°C;consumption_based
Trinidad and Tobago;32.59566;1399.8;responsability;lamboll;67%;linear;-797.833462572188;-25;1.5°C;consumption_based
Tunisia;31.10463;13145.141;responsability;lamboll;67%;linear;133.957789491376;8.61336653040888;1.5°C;consumption_based
Turkmenistan;101.6677;9639.708;responsability;lamboll;67%;linear;-1376.3553476259;-14;1.5°C;consumption_based
Uganda;50.1081;85431.202;responsability;lamboll;67%;linear;6903.41062262788;275.540705898962;1.5°C;consumption_based
Ukraine;252.1204;31990.132;responsability;lamboll;67%;linear;-9231.09146101088;-27;1.5°C;consumption_based
Uruguay;31.57455;3254.354;responsability;lamboll;67%;linear;-829.847767297907;-22;1.5°C;consumption_based
Uzbekistan;165.7009;52210.754;responsability;lamboll;67%;linear;-1269.45586015907;-6;1.5°C;consumption_based
Vanuatu;0.5712391;534.388;responsability;lamboll;67%;linear;27.9662300374437;97.9142710554782;1.5°C;consumption_based
Viet Nam;237.3877;110008.908;responsability;lamboll;67%;linear;4485.61926443551;37.7915053259752;1.5°C;consumption_based
Yemen;45.34253;70976.403;responsability;lamboll;67%;linear;5655.78473835174;249.469305676226;1.5°C;consumption_based
Zambia;39.16851;38083.386;responsability;lamboll;67%;linear;2585.45670229546;132.017107737591;1.5°C;consumption_based
Zimbabwe;22.44673;25866.385;responsability;lamboll;67%;linear;1620.47023885041;144.38363528678;1.5°C;consumption_based
Afghanistan;36.29291;76885.134;responsability;lamboll;67%;exponential;6456.10852769695;532.907740878009;1.5°C;consumption_based
Albania;10.69817;2240.166;responsability;lamboll;67%;exponential;-97.4473031909757;-7;1.5°C;consumption_based
Algeria;229.2533;59565.554;responsability;lamboll;67%;exponential;1311.37869765067;17.136239641494;1.5°C;consumption_based
Andorra;0.7052279;82.195;responsability;lamboll;67%;exponential;-24.1594387339055;-23;1.5°C;consumption_based
Angola;63.06419;74295.394;responsability;lamboll;67%;exponential;5091.59077889233;241.865356869844;1.5°C;consumption_based
Argentina;329.7293;48308.943;responsability;lamboll;67%;exponential;-5247.03459327495;-15;1.5°C;consumption_based
Armenia;13.76886;2495.207;responsability;lamboll;67%;exponential;-168.16388425528;-13;1.5°C;consumption_based
Aruba;0.8570806;100.002;responsability;lamboll;67%;exponential;-48.2320242042463;-24;1.5°C;consumption_based
Australia;516.071;32506.969;responsability;lamboll;67%;exponential;-13533.7163562379;-24;1.5°C;consumption_based
Austria;104.6011;8724.332;responsability;lamboll;67%;exponential;-2940.14213885199;-24;1.5°C;consumption_based
Azerbaijan;61.16201;11224.923;responsability;lamboll;67%;exponential;-792.277618252044;-12;1.5°C;consumption_based
Bahamas;3.216727;424.265;responsability;lamboll;67%;exponential;-87.7817964927056;-22;1.5°C;consumption_based
Bahrain;29.84191;2139.464;responsability;lamboll;67%;exponential;-870.549794897774;-25;1.5°C;consumption_based
Bangladesh;198.2366;214709.096;responsability;lamboll;67%;exponential;16527.697985777;249.76496904984;1.5°C;consumption_based
Barbados;4.262979;264.216;responsability;lamboll;67%;exponential;-154.45391677312;-26;1.5°C;consumption_based
Belarus;37.69015;7453.546;responsability;lamboll;67%;exponential;483.01268186882;38.3913749244906;1.5°C;consumption_based
Belgium;135.3539;11870.906;responsability;lamboll;67%;exponential;-3428.92133558466;-24;1.5°C;consumption_based
Belize;1.471538;516.627;responsability;lamboll;67%;exponential;1.15468387965303;2.3506859924984;1.5°C;consumption_based
Benin;17.1341;24433.809;responsability;lamboll;67%;exponential;1934.53474409291;338.234758008336;1.5°C;consumption_based
Bermuda;0;56.937;responsability;lamboll;67%;exponential;5.35909841702196;inf;1.5°C;consumption_based
Bhutan;3.675114;882.34;responsability;lamboll;67%;exponential;13.1341948380167;10.7062070355893;1.5°C;consumption_based
Bosnia and Herzegovina;26.34888;2455.167;responsability;lamboll;67%;exponential;-482.362933247;-18;1.5°C;consumption_based
Botswana;18.26959;3437.43;responsability;lamboll;67%;exponential;-322.200929754047;-13;1.5°C;consumption_based
Brazil;1077.661;217489.3;responsability;lamboll;67%;exponential;-9311.53684492309;-7;1.5°C;consumption_based
British Virgin Islands;0.2776416;40.34;responsability;lamboll;67%;exponential;-11.0406389178326;-23;1.5°C;consumption_based
Bulgaria;57.15165;5402.217;responsability;lamboll;67%;exponential;-1158.21694058645;-22;1.5°C;consumption_based
Burkina Faso;29.78411;37304.383;responsability;lamboll;67%;exponential;2904.85308206367;292.174657153459;1.5°C;consumption_based
Burundi;4.499215;24131.72;responsability;lamboll;67%;exponential;2161.18264306864;1438.98982219908;1.5°C;consumption_based
Cambodia;40.78146;21931.455;responsability;lamboll;67%;exponential;1172.16926111243;86.1054333410927;1.5°C;consumption_based
Cameroon;38.30513;51096.317;responsability;lamboll;67%;exponential;3765.02821009664;294.451853311233;1.5°C;consumption_based
Canada;672.7777;45621.882;responsability;lamboll;67%;exponential;-18621.839545904;-25;1.5°C;consumption_based
Cayman Islands;0;103.958;responsability;lamboll;67%;exponential;9.78487017645413;inf;1.5°C;consumption_based
Central African Republic;9.32562;10616.752;responsability;lamboll;67%;exponential;419.813421356565;134.859517675927;1.5°C;consumption_based
Chad;49.86327;38857.686;responsability;lamboll;67%;exponential;2798.66517764033;168.140829823813;1.5°C;consumption_based
Chile;120.2864;20320.306;responsability;lamboll;67%;exponential;-1046.71630196231;-7;1.5°C;consumption_based
China;12046.22;1260289.093;responsability;lamboll;67%;exponential;-117045.237733103;-9;1.5°C;consumption_based
Colombia;192.7321;59385.356;responsability;lamboll;67%;exponential;732.681366968501;11.3884361622127;1.5°C;consumption_based
Congo;20.37865;11006.472;responsability;lamboll;67%;exponential;586.449625413835;86.210130193407;1.5°C;consumption_based
Costa Rica;20.15067;5354.15;responsability;lamboll;67%;exponential;-37.1569993192453;0;1.5°C;consumption_based
Croatia;23.31505;3234.159;responsability;lamboll;67%;exponential;-678.303747371528;-21;1.5°C;consumption_based
Cuba;41.99676;9382;responsability;lamboll;67%;exponential;-552.708875406677;-11;1.5°C;consumption_based
Cyprus;10.44542;1508.481;responsability;lamboll;67%;exponential;-271.805209042789;-19;1.5°C;consumption_based
Denmark;60.05671;6124.838;responsability;lamboll;67%;exponential;-2108.31877633936;-25;1.5°C;consumption_based
Djibouti;1.718966;1530.539;responsability;lamboll;67%;exponential;87.3768757415103;152.276267605735;1.5°C;consumption_based
Dominican Republic;36.86521;12996.293;responsability;lamboll;67%;exponential;283.050434310968;23.0011797331099;1.5°C;consumption_based
Ecuador;64.94059;21337.238;responsability;lamboll;67%;exponential;273.13790527005;12.5999477052552;1.5°C;consumption_based
Egypt;359.3699;161630.192;responsability;lamboll;67%;exponential;6849.26339174624;57.0959320542039;1.5°C;consumption_based
El Salvador;15.27658;6663.345;responsability;lamboll;67%;exponential;151.282161376929;29.6663816934071;1.5°C;consumption_based
Eritrea;6.147011;5696.062;responsability;lamboll;67%;exponential;357.727248940319;174.337586963842;1.5°C;consumption_based
Estonia;12.3808;1174.267;responsability;lamboll;67%;exponential;-464.190633127472;-27;1.5°C;consumption_based
Ethiopia;15.46353;225021.874;responsability;lamboll;67%;exponential;20794.825922486;4028.55823598677;1.5°C;consumption_based
Fiji;3.433959;1000.261;responsability;lamboll;67%;exponential;-0.635903326803273;1;1.5°C;consumption_based
Finland;64.9849;5351.645;responsability;lamboll;67%;exponential;-2066.22057418948;-25;1.5°C;consumption_based
France;561.8057;68219.675;responsability;lamboll;67%;exponential;-16528.8729623223;-23;1.5°C;consumption_based
French Polynesia;0;284.75;responsability;lamboll;67%;exponential;26.8016100997067;inf;1.5°C;consumption_based
Gabon;14.30998;4084.533;responsability;lamboll;67%;exponential;-139.365208988989;-7;1.5°C;consumption_based
Gambia;2.508158;4301.896;responsability;lamboll;67%;exponential;338.80748919311;404.670092513149;1.5°C;consumption_based
Georgia;17.8212;3664.014;responsability;lamboll;67%;exponential;-379.521655608896;-20;1.5°C;consumption_based
Germany;872.121;78294.613;responsability;lamboll;67%;exponential;-28601.3827354401;-26;1.5°C;consumption_based
Ghana;54.33566;50553.047;responsability;lamboll;67%;exponential;3883.24765409535;214.098261134147;1.5°C;consumption_based
Greece;83.41989;8812.07;responsability;lamboll;67%;exponential;-4149.44775862573;-26;1.5°C;consumption_based
Greenland;0;49.898;responsability;lamboll;67%;exponential;4.69656449782324;inf;1.5°C;consumption_based
Guatemala;40.88083;24670.857;responsability;lamboll;67%;exponential;1400.02307146487;102.593178732122;1.5°C;consumption_based
Guinea;25.79336;23404.584;responsability;lamboll;67%;exponential;1681.03849711531;195.241770707463;1.5°C;consumption_based
Guyana;3.330323;940.608;responsability;lamboll;67%;exponential;-1218.06738563068;-29;1.5°C;consumption_based
Haiti;14.31872;14710.861;responsability;lamboll;67%;exponential;1040.79773910266;217.753498725575;1.5°C;consumption_based
Honduras;16.61826;14846.778;responsability;lamboll;67%;exponential;945.54344187148;170.450757471704;1.5°C;consumption_based
Hungary;60.08714;8725.347;responsability;lamboll;67%;exponential;-1395.22316370098;-20;1.5°C;consumption_based
Iceland;6.905605;432.993;responsability;lamboll;67%;exponential;-155.827892317288;-23;1.5°C;consumption_based
India;2949.414;1679589.259;responsability;lamboll;67%;exponential;94971.0742067546;96.4625217264398;1.5°C;consumption_based
Indonesia;847.1642;320712.949;responsability;lamboll;67%;exponential;11315.3733909575;40.0132928830153;1.5°C;consumption_based
Iraq;404.6027;71928.75;responsability;lamboll;67%;exponential;587.346652157266;4.34879283215711;1.5°C;consumption_based
Ireland;58.80573;5970.042;responsability;lamboll;67%;exponential;-1558.34034691704;-21;1.5°C;consumption_based
Israel;96.33576;13092.722;responsability;lamboll;67%;exponential;-1660.83698984951;-16;1.5°C;consumption_based
Italy;480.3724;51891.098;responsability;lamboll;67%;exponential;-15799.1899382206;-24;1.5°C;consumption_based
Jamaica;12.76953;2454.94;responsability;lamboll;67%;exponential;-285.226912236439;-17;1.5°C;consumption_based
Japan;1258.371;105123.167;responsability;lamboll;67%;exponential;-46122.9144587169;-26;1.5°C;consumption_based
Jordan;33.45501;16367.355;responsability;lamboll;67%;exponential;544.016859283532;48.7140450029205;1.5°C;consumption_based
Kazakhstan;260.4604;26544.264;responsability;lamboll;67%;exponential;-8153.41953665783;-22;1.5°C;consumption_based
Kenya;79.74114;83593.239;responsability;lamboll;67%;exponential;5973.44416704864;224.411633386486;1.5°C;consumption_based
Kuwait;120.129;6367.756;responsability;lamboll;67%;exponential;-2367.63970218764;-22;1.5°C;consumption_based
Kyrgyzstan;24.1211;9642.952;responsability;lamboll;67%;exponential;343.241074364135;42.6289996758848;1.5°C;consumption_based
Latvia;16.48173;1513.81;responsability;lamboll;67%;exponential;-392.496894969141;-23;1.5°C;consumption_based
Lebanon;35.63768;6999.26;responsability;lamboll;67%;exponential;-321.317720802551;-7;1.5°C;consumption_based
Lesotho;4.251056;2993.076;responsability;lamboll;67%;exponential;125.489424734995;88.4327846230089;1.5°C;consumption_based
Liberia;4.860882;8910.53;responsability;lamboll;67%;exponential;765.640966239122;471.859911949642;1.5°C;consumption_based
Libya;56.0342;9260.606;responsability;lamboll;67%;exponential;-860.110759467937;-16;1.5°C;consumption_based
Liechtenstein;1.370673;43.013;responsability;lamboll;67%;exponential;-16.2619679329458;-23;1.5°C;consumption_based
Lithuania;26.37468;2258.774;responsability;lamboll;67%;exponential;-738.868303796822;-25;1.5°C;consumption_based
Luxembourg;8.842451;791.464;responsability;lamboll;67%;exponential;-472.075928308326;-27;1.5°C;consumption_based
Madagascar;31.88092;53185.475;responsability;lamboll;67%;exponential;4135.96261839403;388.641127612875;1.5°C;consumption_based
Malawi;16.42;37361.682;responsability;lamboll;67%;exponential;3197.63744611583;583.390115496586;1.5°C;consumption_based
Malaysia;233.1968;44289.772;responsability;lamboll;67%;exponential;-1470.64417705387;-5;1.5°C;consumption_based
Maldives;2.901473;589.962;responsability;lamboll;67%;exponential;6.45220329453273;6.66181406649763;1.5°C;consumption_based
Mali;73.55506;46154.079;responsability;lamboll;67%;exponential;3082.16626277985;125.529704494414;1.5°C;consumption_based
Malta;2.956266;535.722;responsability;lamboll;67%;exponential;-83.2644166783666;-19;1.5°C;consumption_based
Mauritania;8.741203;9415.598;responsability;lamboll;67%;exponential;666.548235276835;228.435383584991;1.5°C;consumption_based
Mauritius;9.153498;1107.197;responsability;lamboll;67%;exponential;-145.582240958507;-14;1.5°C;consumption_based
Mexico;597.8052;148946.274;responsability;lamboll;67%;exponential;-5060.46374626132;-7;1.5°C;consumption_based
Monaco;1.08342;36.757;responsability;lamboll;67%;exponential;-12.9626194070767;-23;1.5°C;consumption_based
Mongolia;44.70931;4501.493;responsability;lamboll;67%;exponential;-292.565981199089;-6;1.5°C;consumption_based
Montenegro;4.889849;533.295;responsability;lamboll;67%;exponential;-104.394836931087;-19;1.5°C;consumption_based
Morocco;84.54553;43440.431;responsability;lamboll;67%;exponential;2082.65824393403;73.7955811044823;1.5°C;consumption_based
Mozambique;46.50852;63530.951;responsability;lamboll;67%;exponential;4948.95172501519;318.774590180223;1.5°C;consumption_based
Myanmar;76.01056;58623.231;responsability;lamboll;67%;exponential;4018.68092581929;158.384468507964;1.5°C;consumption_based
Namibia;15.53063;4512.3;responsability;lamboll;67%;exponential;-79.4671666798709;-4;1.5°C;consumption_based
Nepal;51.71283;34642.027;responsability;lamboll;67%;exponential;2186.16501159794;126.644878660837;1.5°C;consumption_based
Netherlands;199.7464;18958.475;responsability;lamboll;67%;exponential;-5938.79774175579;-24;1.5°C;consumption_based
New Caledonia;0;340.581;responsability;lamboll;67%;exponential;32.0566081452791;inf;1.5°C;consumption_based
New Zealand;79.7114;5755.288;responsability;lamboll;67%;exponential;-1909.76575240555;-23;1.5°C;consumption_based
Nicaragua;16.31699;8756.43;responsability;lamboll;67%;exponential;362.222010879281;66.502471851897;1.5°C;consumption_based
Niger;34.38707;52513.876;responsability;lamboll;67%;exponential;4343.55190423564;378.401492810396;1.5°C;consumption_based
Nigeria;449.8309;359185.556;responsability;lamboll;67%;exponential;22776.3528787827;151.683344547526;1.5°C;consumption_based
Norway;76.82043;5899.829;responsability;lamboll;67%;exponential;-2062.60925628466;-24;1.5°C;consumption_based
Oman;65.19586;7827.002;responsability;lamboll;67%;exponential;-618.849980979368;-8;1.5°C;consumption_based
Pakistan;578.9303;371863.793;responsability;lamboll;67%;exponential;24305.5747023145;125.771607675399;1.5°C;consumption_based
Panama;21.22502;5630.68;responsability;lamboll;67%;exponential;-11.4769587577987;1;1.5°C;consumption_based
Papua New Guinea;17.17362;14906.59;responsability;lamboll;67%;exponential;1051.89378778029;183.490269867644;1.5°C;consumption_based
Paraguay;29.96962;8640.464;responsability;lamboll;67%;exponential;-235.714591901483;-6;1.5°C;consumption_based
Peru;99.16215;40583.876;responsability;lamboll;67%;exponential;1150.73269644195;34.7641421345237;1.5°C;consumption_based
Philippines;260.8678;134373.439;responsability;lamboll;67%;exponential;7280.03488144769;83.6018682526231;1.5°C;consumption_based
Poland;340.3965;32814.096;responsability;lamboll;67%;exponential;-9151.72734902073;-23;1.5°C;consumption_based
Portugal;63.02308;9770.27;responsability;lamboll;67%;exponential;-2053.79213113657;-21;1.5°C;consumption_based
Qatar;162.3337;4164.46;responsability;lamboll;67%;exponential;-2538.47926587068;-19;1.5°C;consumption_based
Romania;116.8046;16027.266;responsability;lamboll;67%;exponential;-3019.13817019741;-22;1.5°C;consumption_based
Rwanda;8.712675;22707.91;responsability;lamboll;67%;exponential;1936.61432717202;665.877935460264;1.5°C;consumption_based
Samoa;0.6925006;272.726;responsability;lamboll;67%;exponential;7.68637182257286;33.2509634438115;1.5°C;consumption_based
San Marino;0.566147;33.696;responsability;lamboll;67%;exponential;-20.1154549329422;-26;1.5°C;consumption_based
Sao Tome and Principe;0.2998609;365.115;responsability;lamboll;67%;exponential;24.9364247240717;249.125018743529;1.5°C;consumption_based
Saudi Arabia;703.8256;47693.909;responsability;lamboll;67%;exponential;-10050.5122238845;-15;1.5°C;consumption_based
Senegal;28.29428;30364.954;responsability;lamboll;67%;exponential;2199.06370011776;232.831727757123;1.5°C;consumption_based
Serbia;73.73461;5532.87;responsability;lamboll;67%;exponential;-1904.37422887668;-24;1.5°C;consumption_based
Seychelles;0.9971907;141.747;responsability;lamboll;67%;exponential;-17.6462888834833;-16;1.5°C;consumption_based
Sierra Leone;7.612386;12948.325;responsability;lamboll;67%;exponential;1046.07726778502;411.666911233189;1.5°C;consumption_based
Singapore;98.39144;6081.692;responsability;lamboll;67%;exponential;-3240.37626030551;-23;1.5°C;consumption_based
Slovakia;47.49821;4936.488;responsability;lamboll;67%;exponential;-1549.00865166679;-26;1.5°C;consumption_based
Slovenia;16.40035;1981.553;responsability;lamboll;67%;exponential;-449.607189559599;-21;1.5°C;consumption_based
Somalia;27.54213;37206.512;responsability;lamboll;67%;exponential;2625.96524642339;285.623836571162;1.5°C;consumption_based
South Africa;442.3963;79177.328;responsability;lamboll;67%;exponential;-5520.24868536402;-11;1.5°C;consumption_based
South Sudan;0;18341.974;responsability;lamboll;67%;exponential;1726.40714875139;inf;1.5°C;consumption_based
Spain;347.0203;44928.558;responsability;lamboll;67%;exponential;-10909.5419897873;-21;1.5°C;consumption_based
Sri Lanka;52.34435;24813.69;responsability;lamboll;67%;exponential;1324.6268649868;75.8100434881245;1.5°C;consumption_based
Sudan;0;85206.383;responsability;lamboll;67%;exponential;8019.90607610986;inf;1.5°C;consumption_based
Suriname;3.667079;733.905;responsability;lamboll;67%;exponential;-40.0959124188752;-10;1.5°C;consumption_based
Sweden;98.71911;11309.63;responsability;lamboll;67%;exponential;-2432.2783957526;-21;1.5°C;consumption_based
Switzerland;98.65993;9342.586;responsability;lamboll;67%;exponential;-2937.01139121166;-24;1.5°C;consumption_based
Tajikistan;16.7698;15574.642;responsability;lamboll;67%;exponential;1046.62599558829;186.967720147195;1.5°C;consumption_based
Thailand;283.2797;66382.735;responsability;lamboll;67%;exponential;-2754.31581976416;-7;1.5°C;consumption_based
Togo;13.54584;15584.778;responsability;lamboll;67%;exponential;1162.00282337221;256.982908401177;1.5°C;consumption_based
Trinidad and Tobago;32.59566;1399.8;responsability;lamboll;67%;exponential;-797.833462572188;-25;1.5°C;consumption_based
Tunisia;31.10463;13145.141;responsability;lamboll;67%;exponential;133.957789491376;12.9016700495478;1.5°C;consumption_based
Turkmenistan;101.6677;9639.708;responsability;lamboll;67%;exponential;-1376.3553476259;-14;1.5°C;consumption_based
Uganda;50.1081;85431.202;responsability;lamboll;67%;exponential;6903.41062262788;412.723092669684;1.5°C;consumption_based
Ukraine;252.1204;31990.132;responsability;lamboll;67%;exponential;-9231.09146101088;-27;1.5°C;consumption_based
Uruguay;31.57455;3254.354;responsability;lamboll;67%;exponential;-829.847767297907;-22;1.5°C;consumption_based
Uzbekistan;165.7009;52210.754;responsability;lamboll;67%;exponential;-1269.45586015907;-6;1.5°C;consumption_based
Vanuatu;0.5712391;534.388;responsability;lamboll;67%;exponential;27.9662300374437;146.662470921205;1.5°C;consumption_based
Viet Nam;237.3877;110008.908;responsability;lamboll;67%;exponential;4485.61926443551;56.6066160856058;1.5°C;consumption_based
Yemen;45.34253;70976.403;responsability;lamboll;67%;exponential;5655.78473835174;373.671625137689;1.5°C;consumption_based
Zambia;39.16851;38083.386;responsability;lamboll;67%;exponential;2585.45670229546;197.743955155378;1.5°C;consumption_based
Zimbabwe;22.44673;25866.385;responsability;lamboll;67%;exponential;1620.47023885041;216.267358000827;1.5°C;consumption_based
Afghanistan;36.29291;76885.134;equality;foster;33%;linear;2386.65528180224;131.521847203888;1.5°C;consumption_based
Albania;10.69817;2240.166;equality;foster;33%;linear;69.5388528036355;13.0001398002902;1.5°C;consumption_based
Algeria;229.2533;59565.554;equality;foster;33%;linear;1849.02381866924;16.1308371017494;1.5°C;consumption_based
Andorra;0.7052279;82.195;equality;foster;33%;linear;2.55148324106107;7.2359112311384;1.5°C;consumption_based
Angola;63.06419;74295.394;equality;foster;33%;linear;2306.26501221521;73.1402405141559;1.5°C;consumption_based
Argentina;329.7293;48308.943;equality;foster;33%;linear;1499.5980103154;9.09593421218803;1.5°C;consumption_based
Armenia;13.76886;2495.207;equality;foster;33%;linear;77.4557922437895;11.2508649581432;1.5°C;consumption_based
Aruba;0.8570806;100.002;equality;foster;33%;linear;3.10424511311624;7.24376473604989;1.5°C;consumption_based
Australia;516.071;32506.969;equality;foster;33%;linear;1009.07581508841;3.91060848250884;1.5°C;consumption_based
Austria;104.6011;8724.332;equality;foster;33%;linear;270.819233377369;5.17813356412827;1.5°C;consumption_based
Azerbaijan;61.16201;11224.923;equality;foster;33%;linear;348.442154835464;11.3940714124818;1.5°C;consumption_based
Bahamas;3.216727;424.265;equality;foster;33%;linear;13.16996212992;8.18842390412368;1.5°C;consumption_based
Bahrain;29.84191;2139.464;equality;foster;33%;linear;66.4128784093131;4.45098041039016;1.5°C;consumption_based
Bangladesh;198.2366;214709.096;equality;foster;33%;linear;6664.96332072964;67.2425104216844;1.5°C;consumption_based
Barbados;4.262979;264.216;equality;foster;33%;linear;8.20174823310655;3.84789520807236;1.5°C;consumption_based
Belarus;37.69015;7453.546;equality;foster;33%;linear;231.371710024671;12.2775690743959;1.5°C;consumption_based
Belgium;135.3539;11870.906;equality;foster;33%;linear;368.494649494633;5.4449062715538;1.5°C;consumption_based
Belize;1.471538;516.627;equality;foster;33%;linear;16.0370476595858;21.7963078895494;1.5°C;consumption_based
Benin;17.1341;24433.809;equality;foster;33%;linear;758.470152427608;88.5334102669656;1.5°C;consumption_based
Bermuda;0;56.937;equality;foster;33%;linear;1.76742869148116;inf;1.5°C;consumption_based
Bhutan;3.675114;882.34;equality;foster;33%;linear;27.389448542099;14.9053599654862;1.5°C;consumption_based
Bosnia and Herzegovina;26.34888;2455.167;equality;foster;33%;linear;76.2128773587955;5.78490450894273;1.5°C;consumption_based
Botswana;18.26959;3437.43;equality;foster;33%;linear;106.704118709417;11.6810633089651;1.5°C;consumption_based
Brazil;1077.661;217489.3;equality;foster;33%;linear;6751.26594148189;12.5294799412466;1.5°C;consumption_based
British Virgin Islands;0.2776416;40.34;equality;foster;33%;linear;1.25222743408241;9.02045971556431;1.5°C;consumption_based
Bulgaria;57.15165;5402.217;equality;foster;33%;linear;167.694703328368;5.86841161465568;1.5°C;consumption_based
Burkina Faso;29.78411;37304.383;equality;foster;33%;linear;1157.99632632914;77.7593371988714;1.5°C;consumption_based
Burundi;4.499215;24131.72;equality;foster;33%;linear;749.092756955756;332.988202144488;1.5°C;consumption_based
Cambodia;40.78146;21931.455;equality;foster;33%;linear;680.792504222703;33.3873531856242;1.5°C;consumption_based
Cameroon;38.30513;51096.317;equality;foster;33%;linear;1586.12320099086;82.8151843364512;1.5°C;consumption_based
Canada;672.7777;45621.882;equality;foster;33%;linear;1416.18671876228;4.20996926254328;1.5°C;consumption_based
Cayman Islands;0;103.958;equality;foster;33%;linear;3.22704659376151;inf;1.5°C;consumption_based
Central African Republic;9.32562;10616.752;equality;foster;33%;linear;329.563413863394;70.679142805174;1.5°C;consumption_based
Chad;49.86327;38857.686;equality;foster;33%;linear;1206.21369445117;48.380850050595;1.5°C;consumption_based
Chile;120.2864;20320.306;equality;foster;33%;linear;630.779490385459;10.487960241315;1.5°C;consumption_based
China;12046.22;1260289.093;equality;foster;33%;linear;39121.6801469866;6.49526243867148;1.5°C;consumption_based
Colombia;192.7321;59385.356;equality;foster;33%;linear;1843.43014293382;19.1294563067992;1.5°C;consumption_based
Congo;20.37865;11006.472;equality;foster;33%;linear;341.661035965788;33.5312727747705;1.5°C;consumption_based
Costa Rica;20.15067;5354.15;equality;foster;33%;linear;166.2026156716;16.495989033774;1.5°C;consumption_based
Croatia;23.31505;3234.159;equality;foster;33%;linear;100.394214823613;8.61196650434913;1.5°C;consumption_based
Cuba;41.99676;9382;equality;foster;33%;linear;291.234451823529;13.8693771530723;1.5°C;consumption_based
Cyprus;10.44542;1508.481;equality;foster;33%;linear;46.8260112045629;8.96584554849167;1.5°C;consumption_based
Denmark;60.05671;6124.838;equality;foster;33%;linear;190.126181777651;6.33155501783734;1.5°C;consumption_based
Djibouti;1.718966;1530.539;equality;foster;33%;linear;47.5107318972002;55.2782683278206;1.5°C;consumption_based
Dominican Republic;36.86521;12996.293;equality;foster;33%;linear;403.428721764333;21.8866905553682;1.5°C;consumption_based
Ecuador;64.94059;21337.238;equality;foster;33%;linear;662.346920950563;20.3985495342917;1.5°C;consumption_based
Egypt;359.3699;161630.192;equality;foster;33%;linear;5017.29699054059;27.9227447292641;1.5°C;consumption_based
El Salvador;15.27658;6663.345;equality;foster;33%;linear;206.842424684082;27.0796768234882;1.5°C;consumption_based
Eritrea;6.147011;5696.062;equality;foster;33%;linear;176.816189951272;57.5291600913915;1.5°C;consumption_based
Estonia;12.3808;1174.267;equality;foster;33%;linear;36.451396934498;5.88837505403496;1.5°C;consumption_based
Ethiopia;15.46353;225021.874;equality;foster;33%;linear;6985.09082527108;903.427719967056;1.5°C;consumption_based
Fiji;3.433959;1000.261;equality;foster;33%;linear;31.0499322122634;18.084043643074;1.5°C;consumption_based
Finland;64.9849;5351.645;equality;foster;33%;linear;166.124855886712;5.11272175187503;1.5°C;consumption_based
France;561.8057;68219.675;equality;foster;33%;linear;2117.6635740998;7.53877568027452;1.5°C;consumption_based
French Polynesia;0;284.75;equality;foster;33%;linear;8.83916117637497;inf;1.5°C;consumption_based
Gabon;14.30998;4084.533;equality;foster;33%;linear;126.791380218516;17.7206928616973;1.5°C;consumption_based
Gambia;2.508158;4301.896;equality;foster;33%;linear;133.538725576831;106.483503492867;1.5°C;consumption_based
Georgia;17.8212;3664.014;equality;foster;33%;linear;113.737700784879;12.7643145001323;1.5°C;consumption_based
Germany;872.121;78294.613;equality;foster;33%;linear;2430.40808972398;5.57355708605567;1.5°C;consumption_based
Ghana;54.33566;50553.047;equality;foster;33%;linear;1569.25910584674;57.7616653905277;1.5°C;consumption_based
Greece;83.41989;8812.07;equality;foster;33%;linear;273.542781483753;6.55821486898994;1.5°C;consumption_based
Greenland;0;49.898;equality;foster;33%;linear;1.54892524803778;inf;1.5°C;consumption_based
Guatemala;40.88083;24670.857;equality;foster;33%;linear;765.828556215272;37.466389807412;1.5°C;consumption_based
Guinea;25.79336;23404.584;equality;foster;33%;linear;726.521124642693;56.3339653804462;1.5°C;consumption_based
Guyana;3.330323;940.608;equality;foster;33%;linear;29.1981939097022;17.5347519803348;1.5°C;consumption_based
Haiti;14.31872;14710.861;equality;foster;33%;linear;456.65205064881;63.783920720401;1.5°C;consumption_based
Honduras;16.61826;14846.778;equality;foster;33%;linear;460.871163096955;55.4656339589049;1.5°C;consumption_based
Hungary;60.08714;8725.347;equality;foster;33%;linear;270.850740835118;9.01526485817491;1.5°C;consumption_based
Iceland;6.905605;432.993;equality;foster;33%;linear;13.4408952247309;3.89274950557726;1.5°C;consumption_based
India;2949.414;1679589.259;equality;foster;33%;linear;52137.5247424379;35.3544973628239;1.5°C;consumption_based
Indonesia;847.1642;320712.949;equality;foster;33%;linear;9955.51693612476;23.5031577966226;1.5°C;consumption_based
Iraq;404.6027;71928.75;equality;foster;33%;linear;2232.80005079958;11.0370002513556;1.5°C;consumption_based
Ireland;58.80573;5970.042;equality;foster;33%;linear;185.321030615375;6.30282221189584;1.5°C;consumption_based
Israel;96.33576;13092.722;equality;foster;33%;linear;406.422054417807;8.43761557323691;1.5°C;consumption_based
Italy;480.3724;51891.098;equality;foster;33%;linear;1610.7946579142;6.70644132724612;1.5°C;consumption_based
Jamaica;12.76953;2454.94;equality;foster;33%;linear;76.2058308633186;11.935573331723;1.5°C;consumption_based
Japan;1258.371;105123.167;equality;foster;33%;linear;3263.21551004033;5.18641244917488;1.5°C;consumption_based
Jordan;33.45501;16367.355;equality;foster;33%;linear;508.072656280761;30.3734870371141;1.5°C;consumption_based
Kazakhstan;260.4604;26544.264;equality;foster;33%;linear;823.982538381906;6.32712334298731;1.5°C;consumption_based
Kenya;79.74114;83593.239;equality;foster;33%;linear;2594.8871388103;65.0827700434256;1.5°C;consumption_based
Kuwait;120.129;6367.756;equality;foster;33%;linear;197.666801109144;3.29090895802253;1.5°C;consumption_based
Kyrgyzstan;24.1211;9642.952;equality;foster;33%;linear;299.334879522554;24.8193390452802;1.5°C;consumption_based
Latvia;16.48173;1513.81;equality;foster;33%;linear;46.9914331182026;5.70224522767969;1.5°C;consumption_based
Lebanon;35.63768;6999.26;equality;foster;33%;linear;217.269841107478;12.1932651680737;1.5°C;consumption_based
Lesotho;4.251056;2993.076;equality;foster;33%;linear;92.9105572507101;43.7117540915528;1.5°C;consumption_based
Liberia;4.860882;8910.53;equality;foster;33%;linear;276.599160094555;113.806161143;1.5°C;consumption_based
Libya;56.0342;9260.606;equality;foster;33%;linear;287.466159876752;10.2603824049153;1.5°C;consumption_based
Liechtenstein;1.370673;43.013;equality;foster;33%;linear;1.33520224645976;1.94824330304859;1.5°C;consumption_based
Lithuania;26.37468;2258.774;equality;foster;33%;linear;70.1164791817566;5.31695392564055;1.5°C;consumption_based
Luxembourg;8.842451;791.464;equality;foster;33%;linear;24.5684911722509;5.55694143450744;1.5°C;consumption_based
Madagascar;31.88092;53185.475;equality;foster;33%;linear;1650.97448908538;103.571320343665;1.5°C;consumption_based
Malawi;16.42;37361.682;equality;foster;33%;linear;1159.77499216319;141.263701846917;1.5°C;consumption_based
Malaysia;233.1968;44289.772;equality;foster;33%;linear;1374.8355862086;11.7912045637728;1.5°C;consumption_based
Maldives;2.901473;589.962;equality;foster;33%;linear;18.3135002842372;12.6235882837698;1.5°C;consumption_based
Mali;73.55506;46154.079;equality;foster;33%;linear;1432.70708771955;38.9560442944253;1.5°C;consumption_based
Malta;2.956266;535.722;equality;foster;33%;linear;16.6297914090604;11.2505379482499;1.5°C;consumption_based
Mauritania;8.741203;9415.598;equality;foster;33%;linear;292.277395237766;66.8734944693004;1.5°C;consumption_based
Mauritius;9.153498;1107.197;equality;foster;33%;linear;34.3694213766421;7.50957095891474;1.5°C;consumption_based
Mexico;597.8052;148946.274;equality;foster;33%;linear;4623.56496051452;15.468466853465;1.5°C;consumption_based
Monaco;1.08342;36.757;equality;foster;33%;linear;1.14100455613701;2.10630144567576;1.5°C;consumption_based
Mongolia;44.70931;4501.493;equality;foster;33%;linear;139.734581778134;6.25080466587984;1.5°C;consumption_based
Montenegro;4.889849;533.295;equality;foster;33%;linear;16.5544528869355;6.77094645946553;1.5°C;consumption_based
Morocco;84.54553;43440.431;equality;foster;33%;linear;1348.47048702439;31.8992733743438;1.5°C;consumption_based
Mozambique;46.50852;63530.951;equality;foster;33%;linear;1972.11699939379;84.806697757477;1.5°C;consumption_based
Myanmar;76.01056;58623.231;equality;foster;33%;linear;1819.77238802058;47.8820939622227;1.5°C;consumption_based
Namibia;15.53063;4512.3;equality;foster;33%;linear;140.070050838127;18.0379097097964;1.5°C;consumption_based
Nepal;51.71283;34642.027;equality;foster;33%;linear;1075.35192319344;41.5893666308127;1.5°C;consumption_based
Netherlands;199.7464;18958.475;equality;foster;33%;linear;588.505763593592;5.89252936316842;1.5°C;consumption_based
New Caledonia;0;340.581;equality;foster;33%;linear;10.5722576035504;inf;1.5°C;consumption_based
New Zealand;79.7114;5755.288;equality;foster;33%;linear;178.654673392298;4.48253758916034;1.5°C;consumption_based
Nicaragua;16.31699;8756.43;equality;foster;33%;linear;271.815614046164;33.3168818570292;1.5°C;consumption_based
Niger;34.38707;52513.876;equality;foster;33%;linear;1630.12682690138;94.8104521206014;1.5°C;consumption_based
Nigeria;449.8309;359185.556;equality;foster;33%;linear;11149.7770736079;49.5731932759974;1.5°C;consumption_based
Norway;76.82043;5899.829;equality;foster;33%;linear;183.141490584903;4.76804127716815;1.5°C;consumption_based
Oman;65.19586;7827.002;equality;foster;33%;linear;242.964467799155;7.4533710514488;1.5°C;consumption_based
Pakistan;578.9303;371863.793;equality;foster;33%;linear;11543.3327549961;39.8781433792499;1.5°C;consumption_based
Panama;21.22502;5630.68;equality;foster;33%;linear;174.786613002953;16.4698655645982;1.5°C;consumption_based
Papua New Guinea;17.17362;14906.59;equality;foster;33%;linear;462.727837050533;53.8882119262606;1.5°C;consumption_based
Paraguay;29.96962;8640.464;equality;foster;33%;linear;268.215817154225;17.8991803802801;1.5°C;consumption_based
Peru;99.16215;40583.876;equality;foster;33%;linear;1259.79779148732;25.4088438277574;1.5°C;consumption_based
Philippines;260.8678;134373.439;equality;foster;33%;linear;4171.19748953394;31.9793971470143;1.5°C;consumption_based
Poland;340.3965;32814.096;equality;foster;33%;linear;1018.60959930129;5.98484179068402;1.5°C;consumption_based
Portugal;63.02308;9770.27;equality;foster;33%;linear;303.287063271997;9.62463476148728;1.5°C;consumption_based
Qatar;162.3337;4164.46;equality;foster;33%;linear;129.272460588469;1.5926755884757;1.5°C;consumption_based
Romania;116.8046;16027.266;equality;foster;33%;linear;497.515671257716;8.5187684604496;1.5°C;consumption_based
Rwanda;8.712675;22707.91;equality;foster;33%;linear;704.895088564063;161.809108813094;1.5°C;consumption_based
Samoa;0.6925006;272.726;equality;foster;33%;linear;8.46591420891322;24.450272559802;1.5°C;consumption_based
San Marino;0.566147;33.696;equality;foster;33%;linear;1.04598551360538;3.69510220351031;1.5°C;consumption_based
Sao Tome and Principe;0.2998609;365.115;equality;foster;33%;linear;11.333837867997;75.5939695238493;1.5°C;consumption_based
Saudi Arabia;703.8256;47693.909;equality;foster;33%;linear;1480.50622926202;4.20702580088596;1.5°C;consumption_based
Senegal;28.29428;30364.954;equality;foster;33%;linear;942.583748970015;66.6271591975491;1.5°C;consumption_based
Serbia;73.73461;5532.87;equality;foster;33%;linear;171.750411581843;4.65861042953487;1.5°C;consumption_based
Seychelles;0.9971907;141.747;equality;foster;33%;linear;4.4000863187625;8.82496461060558;1.5°C;consumption_based
Sierra Leone;7.612386;12948.325;equality;foster;33%;linear;401.939707248764;105.601504508248;1.5°C;consumption_based
Singapore;98.39144;6081.692;equality;foster;33%;linear;188.786850967762;3.83746494548229;1.5°C;consumption_based
Slovakia;47.49821;4936.488;equality;foster;33%;linear;153.237622747115;6.45235358330829;1.5°C;consumption_based
Slovenia;16.40035;1981.553;equality;foster;33%;linear;61.5110319456694;7.5011852729569;1.5°C;consumption_based
Somalia;27.54213;37206.512;equality;foster;33%;linear;1154.95823135638;83.8684757755759;1.5°C;consumption_based
South Africa;442.3963;79177.328;equality;foster;33%;linear;2457.80917895244;11.1113459988361;1.5°C;consumption_based
South Sudan;0;18341.974;equality;foster;33%;linear;569.368444175168;inf;1.5°C;consumption_based
Spain;347.0203;44928.558;equality;foster;33%;linear;1394.66467281514;8.03794286855922;1.5°C;consumption_based
Sri Lanka;52.34435;24813.69;equality;foster;33%;linear;770.262353961734;29.4305824396228;1.5°C;consumption_based
Sudan;0;85206.383;equality;foster;33%;linear;2644.96208109899;inf;1.5°C;consumption_based
Suriname;3.667079;733.905;equality;foster;33%;linear;22.7817544623265;12.4250142755727;1.5°C;consumption_based
Sweden;98.71911;11309.63;equality;foster;33%;linear;351.071615154225;7.11253606630419;1.5°C;consumption_based
Switzerland;98.65993;9342.586;equality;foster;33%;linear;290.0109691243;5.87900212627963;1.5°C;consumption_based
Tajikistan;16.7698;15574.642;equality;foster;33%;linear;483.465393862472;57.659053043265;1.5°C;consumption_based
Thailand;283.2797;66382.735;equality;foster;33%;linear;2060.64159435852;14.5484593097106;1.5°C;consumption_based
Togo;13.54584;15584.778;equality;foster;33%;linear;483.780033854338;71.4285764270563;1.5°C;consumption_based
Trinidad and Tobago;32.59566;1399.8;equality;foster;33%;linear;43.4523540463202;2.66614353237948;1.5°C;consumption_based
Tunisia;31.10463;13145.141;equality;foster;33%;linear;408.049236120017;26.2372023791967;1.5°C;consumption_based
Turkmenistan;101.6677;9639.708;equality;foster;33%;linear;299.234179825079;5.8865141992015;1.5°C;consumption_based
Uganda;50.1081;85431.202;equality;foster;33%;linear;2651.94087434398;105.848789890017;1.5°C;consumption_based
Ukraine;252.1204;31990.132;equality;foster;33%;linear;993.032248644462;7.87744465457347;1.5°C;consumption_based
Uruguay;31.57455;3254.354;equality;foster;33%;linear;101.021104586411;6.39889433650907;1.5°C;consumption_based
Uzbekistan;165.7009;52210.754;equality;foster;33%;linear;1620.71736521884;19.5619621283751;1.5°C;consumption_based
Vanuatu;0.5712391;534.388;equality;foster;33%;linear;16.5883816074475;58.0785930355519;1.5°C;consumption_based
Viet Nam;237.3877;110008.908;equality;foster;33%;linear;3414.87785302548;28.7704700203547;1.5°C;consumption_based
Yemen;45.34253;70976.403;equality;foster;33%;linear;2203.23745684405;97.1819374368414;1.5°C;consumption_based
Zambia;39.16851;38083.386;equality;foster;33%;linear;1182.17800525409;60.3636954918167;1.5°C;consumption_based
Zimbabwe;22.44673;25866.385;equality;foster;33%;linear;802.939933503662;71.5418177617553;1.5°C;consumption_based
Afghanistan;36.29291;76885.134;equality;foster;33%;exponential;2386.65528180224;197.002121173063;1.5°C;consumption_based
Albania;10.69817;2240.166;equality;foster;33%;exponential;69.5388528036355;19.4724691802216;1.5°C;consumption_based
Algeria;229.2533;59565.554;equality;foster;33%;exponential;1849.02381866924;24.1618346525764;1.5°C;consumption_based
Andorra;0.7052279;82.195;equality;foster;33%;exponential;2.55148324106107;10.8384264018465;1.5°C;consumption_based
Angola;63.06419;74295.394;equality;foster;33%;exponential;2306.26501221521;109.554289501879;1.5°C;consumption_based
Argentina;329.7293;48308.943;equality;foster;33%;exponential;1499.5980103154;13.6244918387878;1.5°C;consumption_based
Armenia;13.76886;2495.207;equality;foster;33%;exponential;77.4557922437895;16.8522896302536;1.5°C;consumption_based
Aruba;0.8570806;100.002;equality;foster;33%;exponential;3.10424511311624;10.8501899009085;1.5°C;consumption_based
Australia;516.071;32506.969;equality;foster;33%;exponential;1009.07581508841;5.85756802014286;1.5°C;consumption_based
Austria;104.6011;8724.332;equality;foster;33%;exponential;270.819233377369;7.75615091741611;1.5°C;consumption_based
Azerbaijan;61.16201;11224.923;equality;foster;33%;exponential;348.442154835464;17.0667937287754;1.5°C;consumption_based
Bahamas;3.216727;424.265;equality;foster;33%;exponential;13.16996212992;12.2651628795621;1.5°C;consumption_based
Bahrain;29.84191;2139.464;equality;foster;33%;exponential;66.4128784093131;6.66697283218119;1.5°C;consumption_based
Bangladesh;198.2366;214709.096;equality;foster;33%;exponential;6664.96332072964;100.720279312515;1.5°C;consumption_based
Barbados;4.262979;264.216;equality;foster;33%;exponential;8.20174823310655;5.76363193003805;1.5°C;consumption_based
Belarus;37.69015;7453.546;equality;foster;33%;exponential;231.371710024671;18.390154958478;1.5°C;consumption_based
Belgium;135.3539;11870.906;equality;foster;33%;exponential;368.494649494633;8.15574072208512;1.5°C;consumption_based
Belize;1.471538;516.627;equality;foster;33%;exponential;16.0370476595858;32.6479514945213;1.5°C;consumption_based
Benin;17.1341;24433.809;equality;foster;33%;exponential;758.470152427608;132.611197212273;1.5°C;consumption_based
Bermuda;0;56.937;equality;foster;33%;exponential;1.76742869148116;inf;1.5°C;consumption_based
Bhutan;3.675114;882.34;equality;foster;33%;exponential;27.389448542099;22.3262339487734;1.5°C;consumption_based
Bosnia and Herzegovina;26.34888;2455.167;equality;foster;33%;exponential;76.2128773587955;8.66501256843387;1.5°C;consumption_based
Botswana;18.26959;3437.43;equality;foster;33%;exponential;106.704118709417;17.496669172047;1.5°C;consumption_based
Brazil;1077.661;217489.3;equality;foster;33%;exponential;6751.26594148189;18.7674837154199;1.5°C;consumption_based
British Virgin Islands;0.2776416;40.34;equality;foster;33%;exponential;1.25222743408241;13.5114411461048;1.5°C;consumption_based
Bulgaria;57.15165;5402.217;equality;foster;33%;exponential;167.694703328368;8.79009503426156;1.5°C;consumption_based
Burkina Faso;29.78411;37304.383;equality;foster;33%;exponential;1157.99632632914;116.473078008413;1.5°C;consumption_based
Burundi;4.499215;24131.72;equality;foster;33%;exponential;749.092756955756;498.771751938481;1.5°C;consumption_based
Cambodia;40.78146;21931.455;equality;foster;33%;exponential;680.792504222703;50.00978573336;1.5°C;consumption_based
Cameroon;38.30513;51096.317;equality;foster;33%;exponential;1586.12320099086;124.046060228515;1.5°C;consumption_based
Canada;672.7777;45621.882;equality;foster;33%;exponential;1416.18671876228;6.3059703952356;1.5°C;consumption_based
Cayman Islands;0;103.958;equality;foster;33%;exponential;3.22704659376151;inf;1.5°C;consumption_based
Central African Republic;9.32562;10616.752;equality;foster;33%;exponential;329.563413863394;105.867894584296;1.5°C;consumption_based
Chad;49.86327;38857.686;equality;foster;33%;exponential;1206.21369445117;72.4680369592717;1.5°C;consumption_based
Chile;120.2864;20320.306;equality;foster;33%;exponential;630.779490385459;15.7095604893293;1.5°C;consumption_based
China;12046.22;1260289.093;equality;foster;33%;exponential;39121.6801469866;9.72903365636557;1.5°C;consumption_based
Colombia;192.7321;59385.356;equality;foster;33%;exponential;1843.43014293382;28.6533648169096;1.5°C;consumption_based
Congo;20.37865;11006.472;equality;foster;33%;exponential;341.661035965788;50.2253580123611;1.5°C;consumption_based
Costa Rica;20.15067;5354.15;equality;foster;33%;exponential;166.2026156716;24.7087833663348;1.5°C;consumption_based
Croatia;23.31505;3234.159;equality;foster;33%;exponential;100.394214823613;12.8995729979223;1.5°C;consumption_based
Cuba;41.99676;9382;equality;foster;33%;exponential;291.234451823529;20.7744703757755;1.5°C;consumption_based
Cyprus;10.44542;1508.481;equality;foster;33%;exponential;46.8260112045629;13.4296364346584;1.5°C;consumption_based
Denmark;60.05671;6124.838;equality;foster;33%;exponential;190.126181777651;9.48382185435901;1.5°C;consumption_based
Djibouti;1.718966;1530.539;equality;foster;33%;exponential;47.5107318972002;82.7994462279148;1.5°C;consumption_based
Dominican Republic;36.86521;12996.293;equality;foster;33%;exponential;403.428721764333;32.7833326290029;1.5°C;consumption_based
Ecuador;64.94059;21337.238;equality;foster;33%;exponential;662.346920950563;30.5542965867836;1.5°C;consumption_based
Egypt;359.3699;161630.192;equality;foster;33%;exponential;5017.29699054059;41.8245337758331;1.5°C;consumption_based
El Salvador;15.27658;6663.345;equality;foster;33%;exponential;206.842424684082;40.5617309087678;1.5°C;consumption_based
Eritrea;6.147011;5696.062;equality;foster;33%;exponential;176.816189951272;86.1709807781178;1.5°C;consumption_based
Estonia;12.3808;1174.267;equality;foster;33%;exponential;36.451396934498;8.81999759408137;1.5°C;consumption_based
Ethiopia;15.46353;225021.874;equality;foster;33%;exponential;6985.09082527108;1353.2137887643;1.5°C;consumption_based
Fiji;3.433959;1000.261;equality;foster;33%;exponential;31.0499322122634;27.0874765889578;1.5°C;consumption_based
Finland;64.9849;5351.645;equality;foster;33%;exponential;166.124855886712;7.65817277889677;1.5°C;consumption_based
France;561.8057;68219.675;equality;foster;33%;exponential;2117.6635740998;11.2920768042411;1.5°C;consumption_based
French Polynesia;0;284.75;equality;foster;33%;exponential;8.83916117637497;inf;1.5°C;consumption_based
Gabon;14.30998;4084.533;equality;foster;33%;exponential;126.791380218516;26.5432257577623;1.5°C;consumption_based
Gambia;2.508158;4301.896;equality;foster;33%;exponential;133.538725576831;159.498034007341;1.5°C;consumption_based
Georgia;17.8212;3664.014;equality;foster;33%;exponential;113.737700784879;19.1192344489198;1.5°C;consumption_based
Germany;872.121;78294.613;equality;foster;33%;exponential;2430.40808972398;8.34844242059625;1.5°C;consumption_based
Ghana;54.33566;50553.047;equality;foster;33%;exponential;1569.25910584674;86.5192425923152;1.5°C;consumption_based
Greece;83.41989;8812.07;equality;foster;33%;exponential;273.542781483753;9.82332796996741;1.5°C;consumption_based
Greenland;0;49.898;equality;foster;33%;exponential;1.54892524803778;inf;1.5°C;consumption_based
Guatemala;40.88083;24670.857;equality;foster;33%;exponential;765.828556215272;56.1196365598092;1.5°C;consumption_based
Guinea;25.79336;23404.584;equality;foster;33%;exponential;726.521124642693;84.3807390937379;1.5°C;consumption_based
Guyana;3.330323;940.608;equality;foster;33%;exponential;29.1981939097022;26.2647112081268;1.5°C;consumption_based
Haiti;14.31872;14710.861;equality;foster;33%;exponential;456.65205064881;95.5397749179572;1.5°C;consumption_based
Honduras;16.61826;14846.778;equality;foster;33%;exponential;460.871163096955;83.0800948619118;1.5°C;consumption_based
Hungary;60.08714;8725.347;equality;foster;33%;exponential;270.850740835118;13.5036599451358;1.5°C;consumption_based
Iceland;6.905605;432.993;equality;foster;33%;exponential;13.4408952247309;5.83081766335956;1.5°C;consumption_based
India;2949.414;1679589.259;equality;foster;33%;exponential;52137.5247424379;52.9563043825455;1.5°C;consumption_based
Indonesia;847.1642;320712.949;equality;foster;33%;exponential;9955.51693612476;35.2045841708872;1.5°C;consumption_based
Iraq;404.6027;71928.75;equality;foster;33%;exponential;2232.80005079958;16.5319489281048;1.5°C;consumption_based
Ireland;58.80573;5970.042;equality;foster;33%;exponential;185.321030615375;9.44078395732466;1.5°C;consumption_based
Israel;96.33576;13092.722;equality;foster;33%;exponential;406.422054417807;12.6384186422938;1.5°C;consumption_based
Italy;480.3724;51891.098;equality;foster;33%;exponential;1610.7946579142;10.0453513623637;1.5°C;consumption_based
Jamaica;12.76953;2454.94;equality;foster;33%;exponential;76.2058308633186;17.8778911166065;1.5°C;consumption_based
Japan;1258.371;105123.167;equality;foster;33%;exponential;3263.21551004033;7.7685515789777;1.5°C;consumption_based
Jordan;33.45501;16367.355;equality;foster;33%;exponential;508.072656280761;45.4954176887282;1.5°C;consumption_based
Kazakhstan;260.4604;26544.264;equality;foster;33%;exponential;823.982538381906;9.47718379867195;1.5°C;consumption_based
Kenya;79.74114;83593.239;equality;foster;33%;exponential;2594.8871388103;97.4852773356915;1.5°C;consumption_based
Kuwait;120.129;6367.756;equality;foster;33%;exponential;197.666801109144;4.92934108743801;1.5°C;consumption_based
Kyrgyzstan;24.1211;9642.952;equality;foster;33%;exponential;299.334879522554;37.1760474931123;1.5°C;consumption_based
Latvia;16.48173;1513.81;equality;foster;33%;exponential;46.9914331182026;8.54120003013964;1.5°C;consumption_based
Lebanon;35.63768;6999.26;equality;foster;33%;exponential;217.269841107478;18.263878992;1.5°C;consumption_based
Lesotho;4.251056;2993.076;equality;foster;33%;exponential;92.9105572507101;65.4743562328602;1.5°C;consumption_based
Liberia;4.860882;8910.53;equality;foster;33%;exponential;276.599160094555;170.466394932686;1.5°C;consumption_based
Libya;56.0342;9260.606;equality;foster;33%;exponential;287.466159876752;15.3686793547051;1.5°C;consumption_based
Liechtenstein;1.370673;43.013;equality;foster;33%;exponential;1.33520224645976;2.91820766983904;1.5°C;consumption_based
Lithuania;26.37468;2258.774;equality;foster;33%;exponential;70.1164791817566;7.96408523602048;1.5°C;consumption_based
Luxembourg;8.842451;791.464;equality;foster;33%;exponential;24.5684911722509;8.32355439880168;1.5°C;consumption_based
Madagascar;31.88092;53185.475;equality;foster;33%;exponential;1650.97448908538;155.135973484058;1.5°C;consumption_based
Malawi;16.42;37361.682;equality;foster;33%;exponential;1159.77499216319;211.594115352259;1.5°C;consumption_based
Malaysia;233.1968;44289.772;equality;foster;33%;exponential;1374.8355862086;17.6616460278856;1.5°C;consumption_based
Maldives;2.901473;589.962;equality;foster;33%;exponential;18.3135002842372;18.9084454148736;1.5°C;consumption_based
Mali;73.55506;46154.079;equality;foster;33%;exponential;1432.70708771955;58.3509395714043;1.5°C;consumption_based
Malta;2.956266;535.722;equality;foster;33%;exponential;16.6297914090604;16.851799813208;1.5°C;consumption_based
Mauritania;8.741203;9415.598;equality;foster;33%;exponential;292.277395237766;100.167542813509;1.5°C;consumption_based
Mauritius;9.153498;1107.197;equality;foster;33%;exponential;34.3694213766421;11.2483320410823;1.5°C;consumption_based
Mexico;597.8052;148946.274;equality;foster;33%;exponential;4623.56496051452;23.1696926876627;1.5°C;consumption_based
Monaco;1.08342;36.757;equality;foster;33%;exponential;1.14100455613701;3.15495760932215;1.5°C;consumption_based
Mongolia;44.70931;4501.493;equality;foster;33%;exponential;139.734581778134;9.36286863662906;1.5°C;consumption_based
Montenegro;4.889849;533.295;equality;foster;33%;exponential;16.5544528869355;10.1419714155635;1.5°C;consumption_based
Morocco;84.54553;43440.431;equality;foster;33%;exponential;1348.47048702439;47.7808413752216;1.5°C;consumption_based
Mozambique;46.50852;63530.951;equality;foster;33%;exponential;1972.11699939379;127.029080742806;1.5°C;consumption_based
Myanmar;76.01056;58623.231;equality;foster;33%;exponential;1819.77238802058;71.7209671039877;1.5°C;consumption_based
Namibia;15.53063;4512.3;equality;foster;33%;exponential;140.070050838127;27.0183741325449;1.5°C;consumption_based
Nepal;51.71283;34642.027;equality;foster;33%;exponential;1075.35192319344;62.2953039262975;1.5°C;consumption_based
Netherlands;199.7464;18958.475;equality;foster;33%;exponential;588.505763593592;8.82622019305409;1.5°C;consumption_based
New Caledonia;0;340.581;equality;foster;33%;exponential;10.5722576035504;inf;1.5°C;consumption_based
New Zealand;79.7114;5755.288;equality;foster;33%;exponential;178.654673392298;6.71424126163326;1.5°C;consumption_based
Nicaragua;16.31699;8756.43;equality;foster;33%;exponential;271.815614046164;49.9042291166439;1.5°C;consumption_based
Niger;34.38707;52513.876;equality;foster;33%;exponential;1630.12682690138;142.013365643965;1.5°C;consumption_based
Nigeria;449.8309;359185.556;equality;foster;33%;exponential;11149.7770736079;74.2540075000175;1.5°C;consumption_based
Norway;76.82043;5899.829;equality;foster;33%;exponential;183.141490584903;7.1418875678251;1.5°C;consumption_based
Oman;65.19586;7827.002;equality;foster;33%;exponential;242.964467799155;11.1641521027991;1.5°C;consumption_based
Pakistan;578.9303;371863.793;equality;foster;33%;exponential;11543.3327549961;59.7321205653162;1.5°C;consumption_based
Panama;21.22502;5630.68;equality;foster;33%;exponential;174.786613002953;24.6696539064811;1.5°C;consumption_based
Papua New Guinea;17.17362;14906.59;equality;foster;33%;exponential;462.727837050533;80.7173278158079;1.5°C;consumption_based
Paraguay;29.96962;8640.464;equality;foster;33%;exponential;268.215817154225;26.8105761676847;1.5°C;consumption_based
Peru;99.16215;40583.876;equality;foster;33%;exponential;1259.79779148732;38.0590467442529;1.5°C;consumption_based
Philippines;260.8678;134373.439;equality;foster;33%;exponential;4171.19748953394;47.9008560610555;1.5°C;consumption_based
Poland;340.3965;32814.096;equality;foster;33%;exponential;1018.60959930129;8.96449185223338;1.5°C;consumption_based
Portugal;63.02308;9770.27;equality;foster;33%;exponential;303.287063271997;14.4164144880785;1.5°C;consumption_based
Qatar;162.3337;4164.46;equality;foster;33%;exponential;129.272460588469;2.38561483084912;1.5°C;consumption_based
Romania;116.8046;16027.266;equality;foster;33%;exponential;497.515671257716;12.7599748039513;1.5°C;consumption_based
Rwanda;8.712675;22707.91;equality;foster;33%;exponential;704.895088564063;242.368384713198;1.5°C;consumption_based
Samoa;0.6925006;272.726;equality;foster;33%;exponential;8.46591420891322;36.6232353022952;1.5°C;consumption_based
San Marino;0.566147;33.696;equality;foster;33%;exponential;1.04598551360538;5.53476846256815;1.5°C;consumption_based
Sao Tome and Principe;0.2998609;365.115;equality;foster;33%;exponential;11.333837867997;113.229647094326;1.5°C;consumption_based
Saudi Arabia;703.8256;47693.909;equality;foster;33%;exponential;1480.50622926202;6.3015614836942;1.5°C;consumption_based
Senegal;28.29428;30364.954;equality;foster;33%;exponential;942.583748970015;99.7985655516588;1.5°C;consumption_based
Serbia;73.73461;5532.87;equality;foster;33%;exponential;171.750411581843;6.97797480683641;1.5°C;consumption_based
Seychelles;0.9971907;141.747;equality;foster;33%;exponential;4.4000863187625;13.2186156484815;1.5°C;consumption_based
Sierra Leone;7.612386;12948.325;equality;foster;33%;exponential;401.939707248764;158.176917595609;1.5°C;consumption_based
Singapore;98.39144;6081.692;equality;foster;33%;exponential;188.786850967762;5.7480087929067;1.5°C;consumption_based
Slovakia;47.49821;4936.488;equality;foster;33%;exponential;153.237622747115;9.66476193494919;1.5°C;consumption_based
Slovenia;16.40035;1981.553;equality;foster;33%;exponential;61.5110319456694;11.2357714060524;1.5°C;consumption_based
Somalia;27.54213;37206.512;equality;foster;33%;exponential;1154.95823135638;125.623749807337;1.5°C;consumption_based
South Africa;442.3963;79177.328;equality;foster;33%;exponential;2457.80917895244;16.6433089056691;1.5°C;consumption_based
South Sudan;0;18341.974;equality;foster;33%;exponential;569.368444175168;inf;1.5°C;consumption_based
Spain;347.0203;44928.558;equality;foster;33%;exponential;1394.66467281514;12.039762432163;1.5°C;consumption_based
Sri Lanka;52.34435;24813.69;equality;foster;33%;exponential;770.262353961734;44.0830728219346;1.5°C;consumption_based
Sudan;0;85206.383;equality;foster;33%;exponential;2644.96208109899;inf;1.5°C;consumption_based
Suriname;3.667079;733.905;equality;foster;33%;exponential;22.7817544623265;18.6110081323511;1.5°C;consumption_based
Sweden;98.71911;11309.63;equality;foster;33%;exponential;351.071615154225;10.6536269203221;1.5°C;consumption_based
Switzerland;98.65993;9342.586;equality;foster;33%;exponential;290.0109691243;8.80595820299421;1.5°C;consumption_based
Tajikistan;16.7698;15574.642;equality;foster;33%;exponential;483.465393862472;86.3655430321351;1.5°C;consumption_based
Thailand;283.2797;66382.735;equality;foster;33%;exponential;2060.64159435852;21.7916445422936;1.5°C;consumption_based
Togo;13.54584;15584.778;equality;foster;33%;exponential;483.780033854338;106.990445828275;1.5°C;consumption_based
Trinidad and Tobago;32.59566;1399.8;equality;foster;33%;exponential;43.4523540463202;3.99352611293822;1.5°C;consumption_based
Tunisia;31.10463;13145.141;equality;foster;33%;exponential;408.049236120017;39.2998169675636;1.5°C;consumption_based
Turkmenistan;101.6677;9639.708;equality;foster;33%;exponential;299.234179825079;8.81721028264087;1.5°C;consumption_based
Uganda;50.1081;85431.202;equality;foster;33%;exponential;2651.94087434398;158.54731799508;1.5°C;consumption_based
Ukraine;252.1204;31990.132;equality;foster;33%;exponential;993.032248644462;11.7993575924206;1.5°C;consumption_based
Uruguay;31.57455;3254.354;equality;foster;33%;exponential;101.021104586411;9.58468713947103;1.5°C;consumption_based
Uzbekistan;165.7009;52210.754;equality;foster;33%;exponential;1620.71736521884;29.3012006410072;1.5°C;consumption_based
Vanuatu;0.5712391;534.388;equality;foster;33%;exponential;16.5883816074475;86.9939577796054;1.5°C;consumption_based
Viet Nam;237.3877;110008.908;equality;foster;33%;exponential;3414.87785302548;43.0943127826471;1.5°C;consumption_based
Yemen;45.34253;70976.403;equality;foster;33%;exponential;2203.23745684405;145.565533193025;1.5°C;consumption_based
Zambia;39.16851;38083.386;equality;foster;33%;exponential;1182.17800525409;90.4167353679105;1.5°C;consumption_based
Zimbabwe;22.44673;25866.385;equality;foster;33%;exponential;802.939933503662;107.160066188804;1.5°C;consumption_based
Afghanistan;36.29291;76885.134;responsability;foster;33%;linear;8365.43275313874;460.995426001318;1.5°C;consumption_based
Albania;10.69817;2240.166;responsability;foster;33%;linear;-41.8162209480673;-2;1.5°C;consumption_based
Algeria;229.2533;59565.554;responsability;foster;33%;linear;2790.59775258606;24.3451043242218;1.5°C;consumption_based
Andorra;0.7052279;82.195;responsability;foster;33%;linear;-22.1182521410567;-21;1.5°C;consumption_based
Angola;63.06419;74295.394;responsability;foster;33%;linear;6936.6027886645;219.98547158584;1.5°C;consumption_based
Argentina;329.7293;48308.943;responsability;foster;33%;linear;-4047.35618502263;-11;1.5°C;consumption_based
Armenia;13.76886;2495.207;responsability;foster;33%;linear;-106.199250460249;-7;1.5°C;consumption_based
Aruba;0.8570806;100.002;responsability;foster;33%;linear;-45.7486281137533;-22;1.5°C;consumption_based
Australia;516.071;32506.969;responsability;foster;33%;linear;-12726.4557041672;-22;1.5°C;consumption_based
Austria;104.6011;8724.332;responsability;foster;33%;linear;-2723.4867521501;-22;1.5°C;consumption_based
Azerbaijan;61.16201;11224.923;responsability;foster;33%;linear;-513.523894383673;-7;1.5°C;consumption_based
Bahamas;3.216727;424.265;responsability;foster;33%;linear;-77.2458267887696;-19;1.5°C;consumption_based
Bahrain;29.84191;2139.464;responsability;foster;33%;linear;-817.419492170323;-23;1.5°C;consumption_based
Bangladesh;198.2366;214709.096;responsability;foster;33%;linear;21859.6686423607;220.541198167853;1.5°C;consumption_based
Barbados;4.262979;264.216;responsability;foster;33%;linear;-147.892518186635;-25;1.5°C;consumption_based
Belarus;37.69015;7453.546;responsability;foster;33%;linear;668.110049888556;35.452766831045;1.5°C;consumption_based
Belgium;135.3539;11870.906;responsability;foster;33%;linear;-3134.12561598895;-22;1.5°C;consumption_based
Belize;1.471538;516.627;responsability;foster;33%;linear;13.9843220073217;19.0064028347507;1.5°C;consumption_based
Benin;17.1341;24433.809;responsability;foster;33%;linear;2541.31086603499;296.637800180342;1.5°C;consumption_based
Bermuda;0;56.937;responsability;foster;33%;linear;6.77304137020689;inf;1.5°C;consumption_based
Bhutan;3.675114;882.34;responsability;foster;33%;linear;35.0457536716959;19.0719273860326;1.5°C;consumption_based
Bosnia and Herzegovina;26.34888;2455.167;responsability;foster;33%;linear;-421.392631359964;-15;1.5°C;consumption_based
Botswana;18.26959;3437.43;responsability;foster;33%;linear;-236.837634786513;-10;1.5°C;consumption_based
Brazil;1077.661;217489.3;responsability;foster;33%;linear;-3910.52409173757;-2;1.5°C;consumption_based
British Virgin Islands;0.2776416;40.34;responsability;foster;33%;linear;-10.0388569705667;-21;1.5°C;consumption_based
Bulgaria;57.15165;5402.217;responsability;foster;33%;linear;-1024.06117792376;-18;1.5°C;consumption_based
Burkina Faso;29.78411;37304.383;responsability;foster;33%;linear;3831.25014312698;257.268062945442;1.5°C;consumption_based
Burundi;4.499215;24131.72;responsability;foster;33%;linear;2760.45684863325;1227.08376844994;1.5°C;consumption_based
Cambodia;40.78146;21931.455;responsability;foster;33%;linear;1716.80326449059;84.1952820958637;1.5°C;consumption_based
Cameroon;38.30513;51096.317;responsability;foster;33%;linear;5033.92677088933;262.833034159619;1.5°C;consumption_based
Canada;672.7777;45621.882;responsability;foster;33%;linear;-17488.8901708942;-23;1.5°C;consumption_based
Cayman Islands;0;103.958;responsability;foster;33%;linear;12.3665074514633;inf;1.5°C;consumption_based
Central African Republic;9.32562;10616.752;responsability;foster;33%;linear;683.46415244728;146.577740128223;1.5°C;consumption_based
Chad;49.86327;38857.686;responsability;foster;33%;linear;3763.63613320126;150.958255774291;1.5°C;consumption_based
Chile;120.2864;20320.306;responsability;foster;33%;linear;-542.092709653945;-3;1.5°C;consumption_based
China;12046.22;1260289.093;responsability;foster;33%;linear;-85747.8936155132;-6;1.5°C;consumption_based
Colombia;192.7321;59385.356;responsability;foster;33%;linear;2207.42548131556;22.9066718135231;1.5°C;consumption_based
Congo;20.37865;11006.472;responsability;foster;33%;linear;859.778454186466;84.3803151029598;1.5°C;consumption_based
Costa Rica;20.15067;5354.15;responsability;foster;33%;linear;95.8050932180345;9.50887421788303;1.5°C;consumption_based
Croatia;23.31505;3234.159;responsability;foster;33%;linear;-597.988375512638;-18;1.5°C;consumption_based
Cuba;41.99676;9382;responsability;foster;33%;linear;-319.721313947853;-6;1.5°C;consumption_based
Cyprus;10.44542;1508.481;responsability;foster;33%;linear;-234.344400079139;-16;1.5°C;consumption_based
Denmark;60.05671;6124.838;responsability;foster;33%;linear;-1956.21783091724;-23;1.5°C;consumption_based
Djibouti;1.718966;1530.539;responsability;foster;33%;linear;125.38546125927;145.8847484584;1.5°C;consumption_based
Dominican Republic;36.86521;12996.293;responsability;foster;33%;linear;605.793411722434;32.8653172854534;1.5°C;consumption_based
Ecuador;64.94059;21337.238;responsability;foster;33%;linear;803.0154420305;24.7307713721264;1.5°C;consumption_based
Egypt;359.3699;161630.192;responsability;foster;33%;linear;10863.1009841787;60.456376475485;1.5°C;consumption_based
El Salvador;15.27658;6663.345;responsability;foster;33%;linear;316.756101124194;41.469504447225;1.5°C;consumption_based
Eritrea;6.147011;5696.062;responsability;foster;33%;linear;499.180200901337;162.413960509046;1.5°C;consumption_based
Estonia;12.3808;1174.267;responsability;foster;33%;linear;-435.029515579874;-25;1.5°C;consumption_based
Ethiopia;15.46353;225021.874;responsability;foster;33%;linear;26382.8985827029;3412.27372827587;1.5°C;consumption_based
Fiji;3.433959;1000.261;responsability;foster;33%;linear;24.2040424430074;14.0968732841641;1.5°C;consumption_based
Finland;64.9849;5351.645;responsability;foster;33%;linear;-1933.32068948011;-24;1.5°C;consumption_based
France;561.8057;68219.675;responsability;foster;33%;linear;-14834.7421030425;-20;1.5°C;consumption_based
French Polynesia;0;284.75;responsability;foster;33%;linear;33.8729390408067;inf;1.5°C;consumption_based
Gabon;14.30998;4084.533;responsability;foster;33%;linear;-37.9321048141758;-1;1.5°C;consumption_based
Gambia;2.508158;4301.896;responsability;foster;33%;linear;445.638469654575;355.351193708351;1.5°C;consumption_based
Georgia;17.8212;3664.014;responsability;foster;33%;linear;-288.531494980992;-14;1.5°C;consumption_based
Germany;872.121;78294.613;responsability;foster;33%;linear;-26657.0562636609;-24;1.5°C;consumption_based
Ghana;54.33566;50553.047;responsability;foster;33%;linear;5138.65493877274;189.144842954801;1.5°C;consumption_based
Greece;83.41989;8812.07;responsability;foster;33%;linear;-3930.61353343873;-24;1.5°C;consumption_based
Greenland;0;49.898;responsability;foster;33%;linear;5.93570469625346;inf;1.5°C;consumption_based
Guatemala;40.88083;24670.857;responsability;foster;33%;linear;2012.68591643709;98.4660006382984;1.5°C;consumption_based
Guinea;25.79336;23404.584;responsability;foster;33%;linear;2262.25539682947;175.413780665215;1.5°C;consumption_based
Guyana;3.330323;940.608;responsability;foster;33%;linear;-1194.70883050291;-28;1.5°C;consumption_based
Haiti;14.31872;14710.861;responsability;foster;33%;linear;1406.11937962171;196.402943785717;1.5°C;consumption_based
Honduras;16.61826;14846.778;responsability;foster;33%;linear;1314.24037234904;158.168228484696;1.5°C;consumption_based
Hungary;60.08714;8725.347;responsability;foster;33%;linear;-1178.54257103289;-17;1.5°C;consumption_based
Iceland;6.905605;432.993;responsability;foster;33%;linear;-145.075176137503;-21;1.5°C;consumption_based
India;2949.414;1679589.259;responsability;foster;33%;linear;136681.094000705;92.683559514334;1.5°C;consumption_based
Indonesia;847.1642;320712.949;responsability;foster;33%;linear;19279.7869398573;45.5160568396476;1.5°C;consumption_based
Iraq;404.6027;71928.75;responsability;foster;33%;linear;2373.58669279693;11.7329256220828;1.5°C;consumption_based
Ireland;58.80573;5970.042;responsability;foster;33%;linear;-1410.08352242474;-19;1.5°C;consumption_based
Israel;96.33576;13092.722;responsability;foster;33%;linear;-1335.69934631526;-12;1.5°C;consumption_based
Italy;480.3724;51891.098;responsability;foster;33%;linear;-14510.5542118893;-22;1.5°C;consumption_based
Jamaica;12.76953;2454.94;responsability;foster;33%;linear;-224.262247545784;-13;1.5°C;consumption_based
Japan;1258.371;105123.167;responsability;foster;33%;linear;-43512.3420506847;-24;1.5°C;consumption_based
Jordan;33.45501;16367.355;responsability;foster;33%;linear;950.474984308141;56.8210850517241;1.5°C;consumption_based
Kazakhstan;260.4604;26544.264;responsability;foster;33%;linear;-7494.23350595231;-19;1.5°C;consumption_based
Kenya;79.74114;83593.239;responsability;foster;33%;linear;8049.35387809688;201.887103146428;1.5°C;consumption_based
Kuwait;120.129;6367.756;responsability;foster;33%;linear;-2209.50626130033;-20;1.5°C;consumption_based
Kyrgyzstan;24.1211;9642.952;responsability;foster;33%;linear;582.708977982178;48.3152905947223;1.5°C;consumption_based
Latvia;16.48173;1513.81;responsability;foster;33%;linear;-354.903748474579;-20;1.5°C;consumption_based
Lebanon;35.63768;6999.26;responsability;foster;33%;linear;-147.501847916569;-3;1.5°C;consumption_based
Lesotho;4.251056;2993.076;responsability;foster;33%;linear;199.817870535563;94.0085807082115;1.5°C;consumption_based
Liberia;4.860882;8910.53;responsability;foster;33%;linear;986.920294314766;406.066345290738;1.5°C;consumption_based
Libya;56.0342;9260.606;responsability;foster;33%;linear;-630.137831566535;-10;1.5°C;consumption_based
Liechtenstein;1.370673;43.013;responsability;foster;33%;linear;-15.193806135778;-21;1.5°C;consumption_based
Lithuania;26.37468;2258.774;responsability;foster;33%;linear;-682.775120451416;-23;1.5°C;consumption_based
Luxembourg;8.842451;791.464;responsability;foster;33%;linear;-452.421135370525;-25;1.5°C;consumption_based
Madagascar;31.88092;53185.475;responsability;foster;33%;linear;5456.74220966234;342.320247324251;1.5°C;consumption_based
Malawi;16.42;37361.682;responsability;foster;33%;linear;4125.45743984638;502.491770992251;1.5°C;consumption_based
Malaysia;233.1968;44289.772;responsability;foster;33%;linear;-370.775708086993;0;1.5°C;consumption_based
Maldives;2.901473;589.962;responsability;foster;33%;linear;21.1030035219224;14.5464069608247;1.5°C;consumption_based
Mali;73.55506;46154.079;responsability;foster;33%;linear;4228.3319329555;114.970525017735;1.5°C;consumption_based
Malta;2.956266;535.722;responsability;foster;33%;linear;-69.9605835511183;-16;1.5°C;consumption_based
Mauritania;8.741203;9415.598;responsability;foster;33%;linear;900.370151467047;206.006004314749;1.5°C;consumption_based
Mauritius;9.153498;1107.197;responsability;foster;33%;linear;-118.086703857194;-11;1.5°C;consumption_based
Mexico;597.8052;148946.274;responsability;foster;33%;linear;-1361.6117778497;-1;1.5°C;consumption_based
Monaco;1.08342;36.757;responsability;foster;33%;linear;-12.0498157621671;-21;1.5°C;consumption_based
Mongolia;44.70931;4501.493;responsability;foster;33%;linear;-180.778315776582;-3;1.5°C;consumption_based
Montenegro;4.889849;533.295;responsability;foster;33%;linear;-91.1512746215381;-17;1.5°C;consumption_based
Morocco;84.54553;43440.431;responsability;foster;33%;linear;3161.43463355354;74.7865589949827;1.5°C;consumption_based
Mozambique;46.50852;63530.951;responsability;foster;33%;linear;6526.64532453021;280.664502956887;1.5°C;consumption_based
Myanmar;76.01056;58623.231;responsability;foster;33%;linear;5474.49883623575;144.045744071238;1.5°C;consumption_based
Namibia;15.53063;4512.3;responsability;foster;33%;linear;32.588873990631;4.19672273315777;1.5°C;consumption_based
Nepal;51.71283;34642.027;responsability;foster;33%;linear;3046.4465501527;117.821691450756;1.5°C;consumption_based
Netherlands;199.7464;18958.475;responsability;foster;33%;linear;-5467.99313088092;-22;1.5°C;consumption_based
New Caledonia;0;340.581;responsability;foster;33%;linear;40.5144142281194;inf;1.5°C;consumption_based
New Zealand;79.7114;5755.288;responsability;foster;33%;linear;-1766.84201369171;-21;1.5°C;consumption_based
Nicaragua;16.31699;8756.43;responsability;foster;33%;linear;579.674502116211;71.0516464269711;1.5°C;consumption_based
Niger;34.38707;52513.876;responsability;foster;33%;linear;5647.65336575675;328.475404607415;1.5°C;consumption_based
Nigeria;449.8309;359185.556;responsability;foster;33%;linear;31696.1745376691;140.924843258518;1.5°C;consumption_based
Norway;76.82043;5899.829;responsability;foster;33%;linear;-1916.09606381674;-22;1.5°C;consumption_based
Oman;65.19586;7827.002;responsability;foster;33%;linear;-424.478406740044;-5;1.5°C;consumption_based
Pakistan;578.9303;371863.793;responsability;foster;33%;linear;33540.2409063114;115.869702816769;1.5°C;consumption_based
Panama;21.22502;5630.68;responsability;foster;33%;linear;128.352331644564;12.094436815095;1.5°C;consumption_based
Papua New Guinea;17.17362;14906.59;responsability;foster;33%;linear;1422.07605742072;165.611683200248;1.5°C;consumption_based
Paraguay;29.96962;8640.464;responsability;foster;33%;linear;-21.1419381781034;1;1.5°C;consumption_based
Peru;99.16215;40583.876;responsability;foster;33%;linear;2158.57092963181;43.5361865314904;1.5°C;consumption_based
Philippines;260.8678;134373.439;responsability;foster;33%;linear;10616.9928730748;81.3974961499644;1.5°C;consumption_based
Poland;340.3965;32814.096;responsability;foster;33%;linear;-8336.8396695797;-21;1.5°C;consumption_based
Portugal;63.02308;9770.27;responsability;foster;33%;linear;-1811.16248051897;-19;1.5°C;consumption_based
Qatar;162.3337;4164.46;responsability;foster;33%;linear;-2435.0612973999;-17;1.5°C;consumption_based
Romania;116.8046;16027.266;responsability;foster;33%;linear;-2621.12563319124;-19;1.5°C;consumption_based
Rwanda;8.712675;22707.91;responsability;foster;33%;linear;2500.53039802327;573.998318087905;1.5°C;consumption_based
Samoa;0.6925006;272.726;responsability;foster;33%;linear;14.4591031897034;41.7591066049717;1.5°C;consumption_based
San Marino;0.566147;33.696;responsability;foster;33%;linear;-19.2786665220579;-25;1.5°C;consumption_based
Sao Tome and Principe;0.2998609;365.115;responsability;foster;33%;linear;34.0034950184694;226.795124129017;1.5°C;consumption_based
Saudi Arabia;703.8256;47693.909;responsability;foster;33%;linear;-8866.10724047486;-12;1.5°C;consumption_based
Senegal;28.29428;30364.954;responsability;foster;33%;linear;2953.13069929377;208.744007572822;1.5°C;consumption_based
Serbia;73.73461;5532.87;responsability;foster;33%;linear;-1766.97389961121;-21;1.5°C;consumption_based
Seychelles;0.9971907;141.747;responsability;foster;33%;linear;-14.1262198284733;-13;1.5°C;consumption_based
Sierra Leone;7.612386;12948.325;responsability;foster;33%;linear;1367.62903358403;359.316785455712;1.5°C;consumption_based
Singapore;98.39144;6081.692;responsability;foster;33%;linear;-3089.3467795313;-22;1.5°C;consumption_based
Slovakia;47.49821;4936.488;responsability;foster;33%;linear;-1426.4185534691;-23;1.5°C;consumption_based
Slovenia;16.40035;1981.553;responsability;foster;33%;linear;-400.398364003063;-19;1.5°C;consumption_based
Somalia;27.54213;37206.512;responsability;foster;33%;linear;3549.9318315085;257.781938543496;1.5°C;consumption_based
South Africa;442.3963;79177.328;responsability;foster;33%;linear;-3554.00134220208;-6;1.5°C;consumption_based
South Sudan;0;18341.974;responsability;foster;33%;linear;2181.90190409153;inf;1.5°C;consumption_based
Spain;347.0203;44928.558;responsability;foster;33%;linear;-9793.81025153521;-19;1.5°C;consumption_based
Sri Lanka;52.34435;24813.69;responsability;foster;33%;linear;1940.83674815619;74.15649437451;1.5°C;consumption_based
Sudan;0;85206.383;responsability;foster;33%;linear;10135.875740989;inf;1.5°C;consumption_based
Suriname;3.667079;733.905;responsability;foster;33%;linear;-21.870508849014;-5;1.5°C;consumption_based
Sweden;98.71911;11309.63;responsability;foster;33%;linear;-2151.42110362922;-19;1.5°C;consumption_based
Switzerland;98.65993;9342.586;responsability;foster;33%;linear;-2705.00261591222;-22;1.5°C;consumption_based
Tajikistan;16.7698;15574.642;responsability;foster;33%;linear;1433.39831067827;170.9499589355;1.5°C;consumption_based
Thailand;283.2797;66382.735;responsability;foster;33%;linear;-1105.80254427734;-2;1.5°C;consumption_based
Togo;13.54584;15584.778;responsability;foster;33%;linear;1549.02685045568;228.708865667346;1.5°C;consumption_based
Trinidad and Tobago;32.59566;1399.8;responsability;foster;33%;linear;-763.071579335132;-23;1.5°C;consumption_based
Tunisia;31.10463;13145.141;responsability;foster;33%;linear;460.397178387389;29.6031284337663;1.5°C;consumption_based
Turkmenistan;101.6677;9639.708;responsability;foster;33%;linear;-1136.96800376584;-11;1.5°C;consumption_based
Uganda;50.1081;85431.202;responsability;foster;33%;linear;9024.96332210306;360.219737810975;1.5°C;consumption_based
Ukraine;252.1204;31990.132;responsability;foster;33%;linear;-8436.66566209531;-25;1.5°C;consumption_based
Uruguay;31.57455;3254.354;responsability;foster;33%;linear;-749.030883628778;-19;1.5°C;consumption_based
Uzbekistan;165.7009;52210.754;responsability;foster;33%;linear;27.1180320159992;0.327313032288892;1.5°C;consumption_based
Vanuatu;0.5712391;534.388;responsability;foster;33%;linear;41.2369353234017;144.37714548392;1.5°C;consumption_based
Viet Nam;237.3877;110008.908;responsability;foster;33%;linear;7217.52154685589;60.807881342259;1.5°C;consumption_based
Yemen;45.34253;70976.403;responsability;foster;33%;linear;7418.37470382698;327.2148556257;1.5°C;consumption_based
Zambia;39.16851;38083.386;responsability;foster;33%;linear;3531.19910649873;180.308064131044;1.5°C;consumption_based
Zimbabwe;22.44673;25866.385;responsability;foster;33%;linear;2262.82218565334;201.617089496184;1.5°C;consumption_based
Afghanistan;36.29291;76885.134;responsability;foster;33%;exponential;8365.43275313874;690.509437816459;1.5°C;consumption_based
Albania;10.69817;2240.166;responsability;foster;33%;exponential;-41.8162209480673;-2;1.5°C;consumption_based
Algeria;229.2533;59565.554;responsability;foster;33%;exponential;2790.59775258606;36.4657073635551;1.5°C;consumption_based
Andorra;0.7052279;82.195;responsability;foster;33%;exponential;-22.1182521410567;-21;1.5°C;consumption_based
Angola;63.06419;74295.394;responsability;foster;33%;exponential;6936.6027886645;329.508788471347;1.5°C;consumption_based
Argentina;329.7293;48308.943;responsability;foster;33%;exponential;-4047.35618502263;-11;1.5°C;consumption_based
Armenia;13.76886;2495.207;responsability;foster;33%;exponential;-106.199250460249;-7;1.5°C;consumption_based
Aruba;0.8570806;100.002;responsability;foster;33%;exponential;-45.7486281137533;-22;1.5°C;consumption_based
Australia;516.071;32506.969;responsability;foster;33%;exponential;-12726.4557041672;-22;1.5°C;consumption_based
Austria;104.6011;8724.332;responsability;foster;33%;exponential;-2723.4867521501;-22;1.5°C;consumption_based
Azerbaijan;61.16201;11224.923;responsability;foster;33%;exponential;-513.523894383673;-7;1.5°C;consumption_based
Bahamas;3.216727;424.265;responsability;foster;33%;exponential;-77.2458267887696;-19;1.5°C;consumption_based
Bahrain;29.84191;2139.464;responsability;foster;33%;exponential;-817.419492170323;-23;1.5°C;consumption_based
Bangladesh;198.2366;214709.096;responsability;foster;33%;exponential;21859.6686423607;330.341192499852;1.5°C;consumption_based
Barbados;4.262979;264.216;responsability;foster;33%;exponential;-147.892518186635;-25;1.5°C;consumption_based
Belarus;37.69015;7453.546;responsability;foster;33%;exponential;668.110049888556;53.103498891273;1.5°C;consumption_based
Belgium;135.3539;11870.906;responsability;foster;33%;exponential;-3134.12561598895;-22;1.5°C;consumption_based
Belize;1.471538;516.627;responsability;foster;33%;exponential;13.9843220073217;28.4690471881154;1.5°C;consumption_based
Benin;17.1341;24433.809;responsability;foster;33%;exponential;2541.31086603499;444.323715778154;1.5°C;consumption_based
Bermuda;0;56.937;responsability;foster;33%;exponential;6.77304137020689;inf;1.5°C;consumption_based
Bhutan;3.675114;882.34;responsability;foster;33%;exponential;35.0457536716959;28.567194194608;1.5°C;consumption_based
Bosnia and Herzegovina;26.34888;2455.167;responsability;foster;33%;exponential;-421.392631359964;-15;1.5°C;consumption_based
Botswana;18.26959;3437.43;responsability;foster;33%;exponential;-236.837634786513;-10;1.5°C;consumption_based
Brazil;1077.661;217489.3;responsability;foster;33%;exponential;-3910.52409173757;-2;1.5°C;consumption_based
British Virgin Islands;0.2776416;40.34;responsability;foster;33%;exponential;-10.0388569705667;-21;1.5°C;consumption_based
Bulgaria;57.15165;5402.217;responsability;foster;33%;exponential;-1024.06117792376;-18;1.5°C;consumption_based
Burkina Faso;29.78411;37304.383;responsability;foster;33%;exponential;3831.25014312698;385.353119560189;1.5°C;consumption_based
Burundi;4.499215;24131.72;responsability;foster;33%;exponential;2760.45684863325;1838.00722374987;1.5°C;consumption_based
Cambodia;40.78146;21931.455;responsability;foster;33%;exponential;1716.80326449059;126.113261927781;1.5°C;consumption_based
Cameroon;38.30513;51096.317;responsability;foster;33%;exponential;5033.92677088933;393.688701494045;1.5°C;consumption_based
Canada;672.7777;45621.882;responsability;foster;33%;exponential;-17488.8901708942;-23;1.5°C;consumption_based
Cayman Islands;0;103.958;responsability;foster;33%;exponential;12.3665074514633;inf;1.5°C;consumption_based
Central African Republic;9.32562;10616.752;responsability;foster;33%;exponential;683.46415244728;219.553833343364;1.5°C;consumption_based
Chad;49.86327;38857.686;responsability;foster;33%;exponential;3763.63613320126;226.11525939123;1.5°C;consumption_based
Chile;120.2864;20320.306;responsability;foster;33%;exponential;-542.092709653945;-3;1.5°C;consumption_based
China;12046.22;1260289.093;responsability;foster;33%;exponential;-85747.8936155132;-6;1.5°C;consumption_based
Colombia;192.7321;59385.356;responsability;foster;33%;exponential;2207.42548131556;34.3111280157404;1.5°C;consumption_based
Congo;20.37865;11006.472;responsability;foster;33%;exponential;859.778454186466;126.390416603296;1.5°C;consumption_based
Costa Rica;20.15067;5354.15;responsability;foster;33%;exponential;95.8050932180345;14.2430206898388;1.5°C;consumption_based
Croatia;23.31505;3234.159;responsability;foster;33%;exponential;-597.988375512638;-18;1.5°C;consumption_based
Cuba;41.99676;9382;responsability;foster;33%;exponential;-319.721313947853;-6;1.5°C;consumption_based
Cyprus;10.44542;1508.481;responsability;foster;33%;exponential;-234.344400079139;-16;1.5°C;consumption_based
Denmark;60.05671;6124.838;responsability;foster;33%;exponential;-1956.21783091724;-23;1.5°C;consumption_based
Djibouti;1.718966;1530.539;responsability;foster;33%;exponential;125.38546125927;218.515824588066;1.5°C;consumption_based
Dominican Republic;36.86521;12996.293;responsability;foster;33%;exponential;605.793411722434;49.2278458363122;1.5°C;consumption_based
Ecuador;64.94059;21337.238;responsability;foster;33%;exponential;803.0154420305;37.0433849746821;1.5°C;consumption_based
Egypt;359.3699;161630.192;responsability;foster;33%;exponential;10863.1009841787;90.5555590748704;1.5°C;consumption_based
El Salvador;15.27658;6663.345;responsability;foster;33%;exponential;316.756101124194;62.1157664204213;1.5°C;consumption_based
Eritrea;6.147011;5696.062;responsability;foster;33%;exponential;499.180200901337;243.274371586337;1.5°C;consumption_based
Estonia;12.3808;1174.267;responsability;foster;33%;exponential;-435.029515579874;-25;1.5°C;consumption_based
Ethiopia;15.46353;225021.874;responsability;foster;33%;exponential;26382.8985827029;5111.12926699821;1.5°C;consumption_based
Fiji;3.433959;1000.261;responsability;foster;33%;exponential;24.2040424430074;21.1152291267857;1.5°C;consumption_based
Finland;64.9849;5351.645;responsability;foster;33%;exponential;-1933.32068948011;-24;1.5°C;consumption_based
France;561.8057;68219.675;responsability;foster;33%;exponential;-14834.7421030425;-20;1.5°C;consumption_based
French Polynesia;0;284.75;responsability;foster;33%;exponential;33.8729390408067;inf;1.5°C;consumption_based
Gabon;14.30998;4084.533;responsability;foster;33%;exponential;-37.9321048141758;-1;1.5°C;consumption_based
Gambia;2.508158;4301.896;responsability;foster;33%;exponential;445.638469654575;532.268519719021;1.5°C;consumption_based
Georgia;17.8212;3664.014;responsability;foster;33%;exponential;-288.531494980992;-14;1.5°C;consumption_based
Germany;872.121;78294.613;responsability;foster;33%;exponential;-26657.0562636609;-24;1.5°C;consumption_based
Ghana;54.33566;50553.047;responsability;foster;33%;exponential;5138.65493877274;283.313655208;1.5°C;consumption_based
Greece;83.41989;8812.07;responsability;foster;33%;exponential;-3930.61353343873;-24;1.5°C;consumption_based
Greenland;0;49.898;responsability;foster;33%;exponential;5.93570469625346;inf;1.5°C;consumption_based
Guatemala;40.88083;24670.857;responsability;foster;33%;exponential;2012.68591643709;147.488887979969;1.5°C;consumption_based
Guinea;25.79336;23404.584;responsability;foster;33%;exponential;2262.25539682947;262.746361982453;1.5°C;consumption_based
Guyana;3.330323;940.608;responsability;foster;33%;exponential;-1194.70883050291;-28;1.5°C;consumption_based
Haiti;14.31872;14710.861;responsability;foster;33%;exponential;1406.11937962171;294.18531865994;1.5°C;consumption_based
Honduras;16.61826;14846.778;responsability;foster;33%;exponential;1314.24037234904;236.914833361233;1.5°C;consumption_based
Hungary;60.08714;8725.347;responsability;foster;33%;exponential;-1178.54257103289;-17;1.5°C;consumption_based
Iceland;6.905605;432.993;responsability;foster;33%;exponential;-145.075176137503;-21;1.5°C;consumption_based
India;2949.414;1679589.259;responsability;foster;33%;exponential;136681.094000705;138.827565232476;1.5°C;consumption_based
Indonesia;847.1642;320712.949;responsability;foster;33%;exponential;19279.7869398573;68.176960219725;1.5°C;consumption_based
Iraq;404.6027;71928.75;responsability;foster;33%;exponential;2373.58669279693;17.5743519746409;1.5°C;consumption_based
Ireland;58.80573;5970.042;responsability;foster;33%;exponential;-1410.08352242474;-19;1.5°C;consumption_based
Israel;96.33576;13092.722;responsability;foster;33%;exponential;-1335.69934631526;-12;1.5°C;consumption_based
Italy;480.3724;51891.098;responsability;foster;33%;exponential;-14510.5542118893;-22;1.5°C;consumption_based
Jamaica;12.76953;2454.94;responsability;foster;33%;exponential;-224.262247545784;-13;1.5°C;consumption_based
Japan;1258.371;105123.167;responsability;foster;33%;exponential;-43512.3420506847;-24;1.5°C;consumption_based
Jordan;33.45501;16367.355;responsability;foster;33%;exponential;950.474984308141;85.1103791539031;1.5°C;consumption_based
Kazakhstan;260.4604;26544.264;responsability;foster;33%;exponential;-7494.23350595231;-19;1.5°C;consumption_based
Kenya;79.74114;83593.239;responsability;foster;33%;exponential;8049.35387809688;302.399855255039;1.5°C;consumption_based
Kuwait;120.129;6367.756;responsability;foster;33%;exponential;-2209.50626130033;-20;1.5°C;consumption_based
Kyrgyzstan;24.1211;9642.952;responsability;foster;33%;exponential;582.708977982178;72.3698376703746;1.5°C;consumption_based
Latvia;16.48173;1513.81;responsability;foster;33%;exponential;-354.903748474579;-20;1.5°C;consumption_based
Lebanon;35.63768;6999.26;responsability;foster;33%;exponential;-147.501847916569;-3;1.5°C;consumption_based
Lesotho;4.251056;2993.076;responsability;foster;33%;exponential;199.817870535563;140.812269609297;1.5°C;consumption_based
Liberia;4.860882;8910.53;responsability;foster;33%;exponential;986.920294314766;608.233027895791;1.5°C;consumption_based
Libya;56.0342;9260.606;responsability;foster;33%;exponential;-630.137831566535;-10;1.5°C;consumption_based
Liechtenstein;1.370673;43.013;responsability;foster;33%;exponential;-15.193806135778;-21;1.5°C;consumption_based
Lithuania;26.37468;2258.774;responsability;foster;33%;exponential;-682.775120451416;-23;1.5°C;consumption_based
Luxembourg;8.842451;791.464;responsability;foster;33%;exponential;-452.421135370525;-25;1.5°C;consumption_based
Madagascar;31.88092;53185.475;responsability;foster;33%;exponential;5456.74220966234;512.749906400122;1.5°C;consumption_based
Malawi;16.42;37361.682;responsability;foster;33%;exponential;4125.45743984638;752.665407778393;1.5°C;consumption_based
Malaysia;233.1968;44289.772;responsability;foster;33%;exponential;-370.775708086993;0;1.5°C;consumption_based
Maldives;2.901473;589.962;responsability;foster;33%;exponential;21.1030035219224;21.7885703983965;1.5°C;consumption_based
Mali;73.55506;46154.079;responsability;foster;33%;exponential;4228.3319329555;172.210456151537;1.5°C;consumption_based
Malta;2.956266;535.722;responsability;foster;33%;exponential;-69.9605835511183;-16;1.5°C;consumption_based
Mauritania;8.741203;9415.598;responsability;foster;33%;exponential;900.370151467047;308.569417835798;1.5°C;consumption_based
Mauritius;9.153498;1107.197;responsability;foster;33%;exponential;-118.086703857194;-11;1.5°C;consumption_based
Mexico;597.8052;148946.274;responsability;foster;33%;exponential;-1361.6117778497;-1;1.5°C;consumption_based
Monaco;1.08342;36.757;responsability;foster;33%;exponential;-12.0498157621671;-21;1.5°C;consumption_based
Mongolia;44.70931;4501.493;responsability;foster;33%;exponential;-180.778315776582;-3;1.5°C;consumption_based
Montenegro;4.889849;533.295;responsability;foster;33%;exponential;-91.1512746215381;-17;1.5°C;consumption_based
Morocco;84.54553;43440.431;responsability;foster;33%;exponential;3161.43463355354;112.02025420466;1.5°C;consumption_based
Mozambique;46.50852;63530.951;responsability;foster;33%;exponential;6526.64532453021;420.397854774468;1.5°C;consumption_based
Myanmar;76.01056;58623.231;responsability;foster;33%;exponential;5474.49883623575;215.761242191154;1.5°C;consumption_based
Namibia;15.53063;4512.3;responsability;foster;33%;exponential;32.588873990631;6.28612886743921;1.5°C;consumption_based
Nepal;51.71283;34642.027;responsability;foster;33%;exponential;3046.4465501527;176.481121801875;1.5°C;consumption_based
Netherlands;199.7464;18958.475;responsability;foster;33%;exponential;-5467.99313088092;-22;1.5°C;consumption_based
New Caledonia;0;340.581;responsability;foster;33%;exponential;40.5144142281194;inf;1.5°C;consumption_based
New Zealand;79.7114;5755.288;responsability;foster;33%;exponential;-1766.84201369171;-21;1.5°C;consumption_based
Nicaragua;16.31699;8756.43;responsability;foster;33%;exponential;579.674502116211;106.425855145212;1.5°C;consumption_based
Niger;34.38707;52513.876;responsability;foster;33%;exponential;5647.65336575675;492.012185325569;1.5°C;consumption_based
Nigeria;449.8309;359185.556;responsability;foster;33%;exponential;31696.1745376691;211.08655054754;1.5°C;consumption_based
Norway;76.82043;5899.829;responsability;foster;33%;exponential;-1916.09606381674;-22;1.5°C;consumption_based
Oman;65.19586;7827.002;responsability;foster;33%;exponential;-424.478406740044;-5;1.5°C;consumption_based
Pakistan;578.9303;371863.793;responsability;foster;33%;exponential;33540.2409063114;173.557304127652;1.5°C;consumption_based
Panama;21.22502;5630.68;responsability;foster;33%;exponential;128.352331644564;18.1158473487199;1.5°C;consumption_based
Papua New Guinea;17.17362;14906.59;responsability;foster;33%;exponential;1422.07605742072;248.06413212029;1.5°C;consumption_based
Paraguay;29.96962;8640.464;responsability;foster;33%;exponential;-21.1419381781034;1;1.5°C;consumption_based
Peru;99.16215;40583.876;responsability;foster;33%;exponential;2158.57092963181;65.2113795299261;1.5°C;consumption_based
Philippines;260.8678;134373.439;responsability;foster;33%;exponential;10616.9928730748;121.922553101467;1.5°C;consumption_based
Poland;340.3965;32814.096;responsability;foster;33%;exponential;-8336.8396695797;-21;1.5°C;consumption_based
Portugal;63.02308;9770.27;responsability;foster;33%;exponential;-1811.16248051897;-19;1.5°C;consumption_based
Qatar;162.3337;4164.46;responsability;foster;33%;exponential;-2435.0612973999;-17;1.5°C;consumption_based
Romania;116.8046;16027.266;responsability;foster;33%;exponential;-2621.12563319124;-19;1.5°C;consumption_based
Rwanda;8.712675;22707.91;responsability;foster;33%;exponential;2500.53039802327;859.772643230823;1.5°C;consumption_based
Samoa;0.6925006;272.726;responsability;foster;33%;exponential;14.4591031897034;62.5495516856477;1.5°C;consumption_based
San Marino;0.566147;33.696;responsability;foster;33%;exponential;-19.2786665220579;-25;1.5°C;consumption_based
Sao Tome and Principe;0.2998609;365.115;responsability;foster;33%;exponential;34.0034950184694;339.708736418989;1.5°C;consumption_based
Saudi Arabia;703.8256;47693.909;responsability;foster;33%;exponential;-8866.10724047486;-12;1.5°C;consumption_based
Senegal;28.29428;30364.954;responsability;foster;33%;exponential;2953.13069929377;312.67058019845;1.5°C;consumption_based
Serbia;73.73461;5532.87;responsability;foster;33%;exponential;-1766.97389961121;-21;1.5°C;consumption_based
Seychelles;0.9971907;141.747;responsability;foster;33%;exponential;-14.1262198284733;-13;1.5°C;consumption_based
Sierra Leone;7.612386;12948.325;responsability;foster;33%;exponential;1367.62903358403;538.208445309676;1.5°C;consumption_based
Singapore;98.39144;6081.692;responsability;foster;33%;exponential;-3089.3467795313;-22;1.5°C;consumption_based
Slovakia;47.49821;4936.488;responsability;foster;33%;exponential;-1426.4185534691;-23;1.5°C;consumption_based
Slovenia;16.40035;1981.553;responsability;foster;33%;exponential;-400.398364003063;-19;1.5°C;consumption_based
Somalia;27.54213;37206.512;responsability;foster;33%;exponential;3549.9318315085;386.122836417032;1.5°C;consumption_based
South Africa;442.3963;79177.328;responsability;foster;33%;exponential;-3554.00134220208;-6;1.5°C;consumption_based
South Sudan;0;18341.974;responsability;foster;33%;exponential;2181.90190409153;inf;1.5°C;consumption_based
Spain;347.0203;44928.558;responsability;foster;33%;exponential;-9793.81025153521;-19;1.5°C;consumption_based
Sri Lanka;52.34435;24813.69;responsability;foster;33%;exponential;1940.83674815619;111.076501745672;1.5°C;consumption_based
Sudan;0;85206.383;responsability;foster;33%;exponential;10135.875740989;inf;1.5°C;consumption_based
Suriname;3.667079;733.905;responsability;foster;33%;exponential;-21.870508849014;-5;1.5°C;consumption_based
Sweden;98.71911;11309.63;responsability;foster;33%;exponential;-2151.42110362922;-19;1.5°C;consumption_based
Switzerland;98.65993;9342.586;responsability;foster;33%;exponential;-2705.00261591222;-22;1.5°C;consumption_based
Tajikistan;16.7698;15574.642;responsability;foster;33%;exponential;1433.39831067827;256.060154572903;1.5°C;consumption_based
Thailand;283.2797;66382.735;responsability;foster;33%;exponential;-1105.80254427734;-2;1.5°C;consumption_based
Togo;13.54584;15584.778;responsability;foster;33%;exponential;1549.02685045568;342.575265063797;1.5°C;consumption_based
Trinidad and Tobago;32.59566;1399.8;responsability;foster;33%;exponential;-763.071579335132;-23;1.5°C;consumption_based
Tunisia;31.10463;13145.141;responsability;foster;33%;exponential;460.397178387389;44.3415236235987;1.5°C;consumption_based
Turkmenistan;101.6677;9639.708;responsability;foster;33%;exponential;-1136.96800376584;-11;1.5°C;consumption_based
Uganda;50.1081;85431.202;responsability;foster;33%;exponential;9024.96332210306;539.560947065747;1.5°C;consumption_based
Ukraine;252.1204;31990.132;responsability;foster;33%;exponential;-8436.66566209531;-25;1.5°C;consumption_based
Uruguay;31.57455;3254.354;responsability;foster;33%;exponential;-749.030883628778;-19;1.5°C;consumption_based
Uzbekistan;165.7009;52210.754;responsability;foster;33%;exponential;27.1180320159992;0.490271107191326;1.5°C;consumption_based
Vanuatu;0.5712391;534.388;responsability;foster;33%;exponential;41.2369353234017;216.257637144889;1.5°C;consumption_based
Viet Nam;237.3877;110008.908;responsability;foster;33%;exponential;7217.52154685589;91.0820663117234;1.5°C;consumption_based
Yemen;45.34253;70976.403;responsability;foster;33%;exponential;7418.37470382698;490.124051692109;1.5°C;consumption_based
Zambia;39.16851;38083.386;responsability;foster;33%;exponential;3531.19910649873;270.077343449706;1.5°C;consumption_based
Zimbabwe;22.44673;25866.385;responsability;foster;33%;exponential;2262.82218565334;301.99541095187;1.5°C;consumption_based
Afghanistan;36.29291;76885.134;equality;foster;50%;linear;1988.87940150187;109.601539336574;1.5°C;consumption_based
Albania;10.69817;2240.166;equality;foster;50%;linear;57.9490440030296;10.8334498335752;1.5°C;consumption_based
Algeria;229.2533;59565.554;equality;foster;50%;linear;1540.85318222437;13.4423642514578;1.5°C;consumption_based
Andorra;0.7052279;82.195;equality;foster;50%;linear;2.12623603421756;6.02992602594866;1.5°C;consumption_based
Angola;63.06419;74295.394;equality;foster;50%;linear;1921.88751017934;60.9502004284632;1.5°C;consumption_based
Argentina;329.7293;48308.943;equality;foster;50%;linear;1249.66500859617;7.57994517682335;1.5°C;consumption_based
Armenia;13.76886;2495.207;equality;foster;50%;linear;64.5464935364912;9.37572079845263;1.5°C;consumption_based
Aruba;0.8570806;100.002;equality;foster;50%;linear;2.58687092759687;6.03647061337491;1.5°C;consumption_based
Australia;516.071;32506.969;equality;foster;50%;linear;840.896512573675;3.2588404020907;1.5°C;consumption_based
Austria;104.6011;8724.332;equality;foster;50%;linear;225.682694481141;4.31511130344023;1.5°C;consumption_based
Azerbaijan;61.16201;11224.923;equality;foster;50%;linear;290.368462362887;9.49505951040154;1.5°C;consumption_based
Bahamas;3.216727;424.265;equality;foster;50%;linear;10.9749684416;6.82368658676973;1.5°C;consumption_based
Bahrain;29.84191;2139.464;equality;foster;50%;linear;55.3440653410942;3.7091503419918;1.5°C;consumption_based
Bangladesh;198.2366;214709.096;equality;foster;50%;linear;5554.13610060804;56.0354253514037;1.5°C;consumption_based
Barbados;4.262979;264.216;equality;foster;50%;linear;6.83479019425546;3.2065793400603;1.5°C;consumption_based
Belarus;37.69015;7453.546;equality;foster;50%;linear;192.809758353892;10.2313075619965;1.5°C;consumption_based
Belgium;135.3539;11870.906;equality;foster;50%;linear;307.078874578861;4.5374218929615;1.5°C;consumption_based
Belize;1.471538;516.627;equality;foster;50%;linear;13.3642063829882;18.1635899079578;1.5°C;consumption_based
Benin;17.1341;24433.809;equality;foster;50%;linear;632.05846035634;73.777841889138;1.5°C;consumption_based
Bermuda;0;56.937;equality;foster;50%;linear;1.47285724290097;inf;1.5°C;consumption_based
Bhutan;3.675114;882.34;equality;foster;50%;linear;22.8245404517492;12.4211333045719;1.5°C;consumption_based
Bosnia and Herzegovina;26.34888;2455.167;equality;foster;50%;linear;63.5107311323296;4.82075375745227;1.5°C;consumption_based
Botswana;18.26959;3437.43;equality;foster;50%;linear;88.9200989245145;9.73421942413754;1.5°C;consumption_based
Brazil;1077.661;217489.3;equality;foster;50%;linear;5626.05495123491;10.4412332843722;1.5°C;consumption_based
British Virgin Islands;0.2776416;40.34;equality;foster;50%;linear;1.04352286173534;7.51704976297026;1.5°C;consumption_based
Bulgaria;57.15165;5402.217;equality;foster;50%;linear;139.745586106973;4.89034301221307;1.5°C;consumption_based
Burkina Faso;29.78411;37304.383;equality;foster;50%;linear;964.996938607616;64.7994476657262;1.5°C;consumption_based
Burundi;4.499215;24131.72;equality;foster;50%;linear;624.243964129796;277.49016845374;1.5°C;consumption_based
Cambodia;40.78146;21931.455;equality;foster;50%;linear;567.327086852253;27.8227943213535;1.5°C;consumption_based
Cameroon;38.30513;51096.317;equality;foster;50%;linear;1321.76933415905;69.0126536137093;1.5°C;consumption_based
Canada;672.7777;45621.882;equality;foster;50%;linear;1180.15559896857;3.50830771878607;1.5°C;consumption_based
Cayman Islands;0;103.958;equality;foster;50%;linear;2.68920549480126;inf;1.5°C;consumption_based
Central African Republic;9.32562;10616.752;equality;foster;50%;linear;274.636178219495;58.8992856709784;1.5°C;consumption_based
Chad;49.86327;38857.686;equality;foster;50%;linear;1005.1780787093;40.3173750421625;1.5°C;consumption_based
Chile;120.2864;20320.306;equality;foster;50%;linear;525.649575321216;8.73996686776253;1.5°C;consumption_based
China;12046.22;1260289.093;equality;foster;50%;linear;32601.4001224888;5.4127186988929;1.5°C;consumption_based
Colombia;192.7321;59385.356;equality;foster;50%;linear;1536.19178577819;15.9412135889993;1.5°C;consumption_based
Congo;20.37865;11006.472;equality;foster;50%;linear;284.71752997149;27.9427273123087;1.5°C;consumption_based
Costa Rica;20.15067;5354.15;equality;foster;50%;linear;138.502179726333;13.746657528145;1.5°C;consumption_based
Croatia;23.31505;3234.159;equality;foster;50%;linear;83.6618456863439;7.17663875362428;1.5°C;consumption_based
Cuba;41.99676;9382;equality;foster;50%;linear;242.695376519608;11.5578142942269;1.5°C;consumption_based
Cyprus;10.44542;1508.481;equality;foster;50%;linear;39.0216760038024;7.47153795707639;1.5°C;consumption_based
Denmark;60.05671;6124.838;equality;foster;50%;linear;158.438484814709;5.27629584819778;1.5°C;consumption_based
Djibouti;1.718966;1530.539;equality;foster;50%;linear;39.5922765810002;46.0652236065172;1.5°C;consumption_based
Dominican Republic;36.86521;12996.293;equality;foster;50%;linear;336.190601470277;18.2389087961402;1.5°C;consumption_based
Ecuador;64.94059;21337.238;equality;foster;50%;linear;551.955767458802;16.9987912785764;1.5°C;consumption_based
Egypt;359.3699;161630.192;equality;foster;50%;linear;4181.08082545049;23.2689539410534;1.5°C;consumption_based
El Salvador;15.27658;6663.345;equality;foster;50%;linear;172.368687236735;22.5663973529068;1.5°C;consumption_based
Eritrea;6.147011;5696.062;equality;foster;50%;linear;147.346824959394;47.9409667428262;1.5°C;consumption_based
Estonia;12.3808;1174.267;equality;foster;50%;linear;30.3761641120817;4.9069792116958;1.5°C;consumption_based
Ethiopia;15.46353;225021.874;equality;foster;50%;linear;5820.90902105923;752.85643330588;1.5°C;consumption_based
Fiji;3.433959;1000.261;equality;foster;50%;linear;25.8749435102195;15.0700363692283;1.5°C;consumption_based
Finland;64.9849;5351.645;equality;foster;50%;linear;138.437379905593;4.26060145989586;1.5°C;consumption_based
France;561.8057;68219.675;equality;foster;50%;linear;1764.71964508317;6.28231306689543;1.5°C;consumption_based
French Polynesia;0;284.75;equality;foster;50%;linear;7.36596764697914;inf;1.5°C;consumption_based
Gabon;14.30998;4084.533;equality;foster;50%;linear;105.65948351543;14.7672440514144;1.5°C;consumption_based
Gambia;2.508158;4301.896;equality;foster;50%;linear;111.282271314026;88.7362529107227;1.5°C;consumption_based
Georgia;17.8212;3664.014;equality;foster;50%;linear;94.7814173207327;10.6369287501103;1.5°C;consumption_based
Germany;872.121;78294.613;equality;foster;50%;linear;2025.34007476998;4.64463090504639;1.5°C;consumption_based
Ghana;54.33566;50553.047;equality;foster;50%;linear;1307.71592153895;48.1347211587731;1.5°C;consumption_based
Greece;83.41989;8812.07;equality;foster;50%;linear;227.952317903127;5.46517905749162;1.5°C;consumption_based
Greenland;0;49.898;equality;foster;50%;linear;1.29077104003148;inf;1.5°C;consumption_based
Guatemala;40.88083;24670.857;equality;foster;50%;linear;638.190463512727;31.2219915061767;1.5°C;consumption_based
Guinea;25.79336;23404.584;equality;foster;50%;linear;605.434270535577;46.9449711503718;1.5°C;consumption_based
Guyana;3.330323;940.608;equality;foster;50%;linear;24.3318282580852;14.6122933169456;1.5°C;consumption_based
Haiti;14.31872;14710.861;equality;foster;50%;linear;380.543375540675;53.1532672670008;1.5°C;consumption_based
Honduras;16.61826;14846.778;equality;foster;50%;linear;384.059302580796;46.2213616324207;1.5°C;consumption_based
Hungary;60.08714;8725.347;equality;foster;50%;linear;225.708950695931;7.51272071514575;1.5°C;consumption_based
Iceland;6.905605;432.993;equality;foster;50%;linear;11.2007460206091;3.24395792131438;1.5°C;consumption_based
India;2949.414;1679589.259;equality;foster;50%;linear;43447.9372853649;29.4620811356866;1.5°C;consumption_based
Indonesia;847.1642;320712.949;equality;foster;50%;linear;8296.2641134373;19.5859648305188;1.5°C;consumption_based
Iraq;404.6027;71928.75;equality;foster;50%;linear;1860.66670899965;9.19750020946302;1.5°C;consumption_based
Ireland;58.80573;5970.042;equality;foster;50%;linear;154.434192179479;5.25235184324653;1.5°C;consumption_based
Israel;96.33576;13092.722;equality;foster;50%;linear;338.685045348172;7.03134631103076;1.5°C;consumption_based
Italy;480.3724;51891.098;equality;foster;50%;linear;1342.32888159517;5.58870110603843;1.5°C;consumption_based
Jamaica;12.76953;2454.94;equality;foster;50%;linear;63.5048590527655;9.94631110976919;1.5°C;consumption_based
Japan;1258.371;105123.167;equality;foster;50%;linear;2719.34625836694;4.3220103743124;1.5°C;consumption_based
Jordan;33.45501;16367.355;equality;foster;50%;linear;423.393880233968;25.3112391975951;1.5°C;consumption_based
Kazakhstan;260.4604;26544.264;equality;foster;50%;linear;686.652115318255;5.27260278582276;1.5°C;consumption_based
Kenya;79.74114;83593.239;equality;foster;50%;linear;2162.40594900859;54.2356417028547;1.5°C;consumption_based
Kuwait;120.129;6367.756;equality;foster;50%;linear;164.72233425762;2.74242413168544;1.5°C;consumption_based
Kyrgyzstan;24.1211;9642.952;equality;foster;50%;linear;249.445732935462;20.6827825377335;1.5°C;consumption_based
Latvia;16.48173;1513.81;equality;foster;50%;linear;39.1595275985022;4.75187102306641;1.5°C;consumption_based
Lebanon;35.63768;6999.26;equality;foster;50%;linear;181.058200922898;10.161054306728;1.5°C;consumption_based
Lesotho;4.251056;2993.076;equality;foster;50%;linear;77.4254643755917;36.4264617429607;1.5°C;consumption_based
Liberia;4.860882;8910.53;equality;foster;50%;linear;230.499300078796;94.8384676191669;1.5°C;consumption_based
Libya;56.0342;9260.606;equality;foster;50%;linear;239.555133230627;8.55031867076273;1.5°C;consumption_based
Liechtenstein;1.370673;43.013;equality;foster;50%;linear;1.11266853871647;1.62353608587382;1.5°C;consumption_based
Lithuania;26.37468;2258.774;equality;foster;50%;linear;58.4303993181305;4.43079493803379;1.5°C;consumption_based
Luxembourg;8.842451;791.464;equality;foster;50%;linear;20.4737426435424;4.6307845287562;1.5°C;consumption_based
Madagascar;31.88092;53185.475;equality;foster;50%;linear;1375.81207423782;86.3094336197209;1.5°C;consumption_based
Malawi;16.42;37361.682;equality;foster;50%;linear;966.479160135989;117.719751539097;1.5°C;consumption_based
Malaysia;233.1968;44289.772;equality;foster;50%;linear;1145.6963218405;9.82600380314396;1.5°C;consumption_based
Maldives;2.901473;589.962;equality;foster;50%;linear;15.2612502368643;10.5196569031415;1.5°C;consumption_based
Mali;73.55506;46154.079;equality;foster;50%;linear;1193.92257309963;32.4633702453544;1.5°C;consumption_based
Malta;2.956266;535.722;equality;foster;50%;linear;13.8581595075503;9.37544829020822;1.5°C;consumption_based
Mauritania;8.741203;9415.598;equality;foster;50%;linear;243.564496031471;55.7279120577503;1.5°C;consumption_based
Mauritius;9.153498;1107.197;equality;foster;50%;linear;28.6411844805351;6.25797579909562;1.5°C;consumption_based
Mexico;597.8052;148946.274;equality;foster;50%;linear;3852.97080042876;12.8903890445542;1.5°C;consumption_based
Monaco;1.08342;36.757;equality;foster;50%;linear;0.950837130114178;1.7552512047298;1.5°C;consumption_based
Mongolia;44.70931;4501.493;equality;foster;50%;linear;116.445484815112;5.2090038882332;1.5°C;consumption_based
Montenegro;4.889849;533.295;equality;foster;50%;linear;13.7953774057796;5.64245538288794;1.5°C;consumption_based
Morocco;84.54553;43440.431;equality;foster;50%;linear;1123.72540585366;26.5827278119532;1.5°C;consumption_based
Mozambique;46.50852;63530.951;equality;foster;50%;linear;1643.43083282815;70.6722481312308;1.5°C;consumption_based
Myanmar;76.01056;58623.231;equality;foster;50%;linear;1516.47699001715;39.901744968519;1.5°C;consumption_based
Namibia;15.53063;4512.3;equality;foster;50%;linear;116.725042365106;15.0315914248303;1.5°C;consumption_based
Nepal;51.71283;34642.027;equality;foster;50%;linear;896.126602661204;34.6578055256772;1.5°C;consumption_based
Netherlands;199.7464;18958.475;equality;foster;50%;linear;490.421469661327;4.91044113597369;1.5°C;consumption_based
New Caledonia;0;340.581;equality;foster;50%;linear;8.8102146696253;inf;1.5°C;consumption_based
New Zealand;79.7114;5755.288;equality;foster;50%;linear;148.878894493581;3.73544799096695;1.5°C;consumption_based
Nicaragua;16.31699;8756.43;equality;foster;50%;linear;226.513011705136;27.764068214191;1.5°C;consumption_based
Niger;34.38707;52513.876;equality;foster;50%;linear;1358.43902241782;79.0087101005012;1.5°C;consumption_based
Nigeria;449.8309;359185.556;equality;foster;50%;linear;9291.48089467327;41.3109943966645;1.5°C;consumption_based
Norway;76.82043;5899.829;equality;foster;50%;linear;152.617908820753;3.97336773097346;1.5°C;consumption_based
Oman;65.19586;7827.002;equality;foster;50%;linear;202.470389832629;6.211142542874;1.5°C;consumption_based
Pakistan;578.9303;371863.793;equality;foster;50%;linear;9619.44396249675;33.231786149375;1.5°C;consumption_based
Panama;21.22502;5630.68;equality;foster;50%;linear;145.655510835795;13.7248879704985;1.5°C;consumption_based
Papua New Guinea;17.17362;14906.59;equality;foster;50%;linear;385.606530875444;44.9068432718838;1.5°C;consumption_based
Paraguay;29.96962;8640.464;equality;foster;50%;linear;223.513180961854;14.9159836502334;1.5°C;consumption_based
Peru;99.16215;40583.876;equality;foster;50%;linear;1049.8314929061;21.1740365231311;1.5°C;consumption_based
Philippines;260.8678;134373.439;equality;foster;50%;linear;3475.99790794495;26.6494976225119;1.5°C;consumption_based
Poland;340.3965;32814.096;equality;foster;50%;linear;848.841332751072;4.98736815890335;1.5°C;consumption_based
Portugal;63.02308;9770.27;equality;foster;50%;linear;252.739219393331;8.02052896790606;1.5°C;consumption_based
Qatar;162.3337;4164.46;equality;foster;50%;linear;107.727050490391;1.32722965706308;1.5°C;consumption_based
Romania;116.8046;16027.266;equality;foster;50%;linear;414.596392714763;7.09897371704133;1.5°C;consumption_based
Rwanda;8.712675;22707.91;equality;foster;50%;linear;587.412573803386;134.840924010912;1.5°C;consumption_based
Samoa;0.6925006;272.726;equality;foster;50%;linear;7.05492850742769;20.3752271331684;1.5°C;consumption_based
San Marino;0.566147;33.696;equality;foster;50%;linear;0.871654594671147;3.07925183625859;1.5°C;consumption_based
Sao Tome and Principe;0.2998609;365.115;equality;foster;50%;linear;9.4448648899975;62.9949746032077;1.5°C;consumption_based
Saudi Arabia;703.8256;47693.909;equality;foster;50%;linear;1233.75519105168;3.50585483407164;1.5°C;consumption_based
Senegal;28.29428;30364.954;equality;foster;50%;linear;785.486457475013;55.5226326646243;1.5°C;consumption_based
Serbia;73.73461;5532.87;equality;foster;50%;linear;143.125342984869;3.88217535794572;1.5°C;consumption_based
Seychelles;0.9971907;141.747;equality;foster;50%;linear;3.66673859896875;7.35413717550465;1.5°C;consumption_based
Sierra Leone;7.612386;12948.325;equality;foster;50%;linear;334.949756040636;88.0012537568737;1.5°C;consumption_based
Singapore;98.39144;6081.692;equality;foster;50%;linear;157.322375806468;3.19788745456858;1.5°C;consumption_based
Slovakia;47.49821;4936.488;equality;foster;50%;linear;127.698018955929;5.37696131942357;1.5°C;consumption_based
Slovenia;16.40035;1981.553;equality;foster;50%;linear;51.2591932880578;6.25098772746408;1.5°C;consumption_based
Somalia;27.54213;37206.512;equality;foster;50%;linear;962.465192796984;69.8903964796466;1.5°C;consumption_based
South Africa;442.3963;79177.328;equality;foster;50%;linear;2048.1743157937;9.25945499903005;1.5°C;consumption_based
South Sudan;0;18341.974;equality;foster;50%;linear;474.473703479307;inf;1.5°C;consumption_based
Spain;347.0203;44928.558;equality;foster;50%;linear;1162.22056067928;6.69828572379935;1.5°C;consumption_based
Sri Lanka;52.34435;24813.69;equality;foster;50%;linear;641.885294968112;24.5254853663523;1.5°C;consumption_based
Sudan;0;85206.383;equality;foster;50%;linear;2204.13506758249;inf;1.5°C;consumption_based
Suriname;3.667079;733.905;equality;foster;50%;linear;18.9847953852721;10.3541785629773;1.5°C;consumption_based
Sweden;98.71911;11309.63;equality;foster;50%;linear;292.559679295188;5.92711338858682;1.5°C;consumption_based
Switzerland;98.65993;9342.586;equality;foster;50%;linear;241.675807603583;4.89916843856636;1.5°C;consumption_based
Tajikistan;16.7698;15574.642;equality;foster;50%;linear;402.887828218727;48.0492108693875;1.5°C;consumption_based
Thailand;283.2797;66382.735;equality;foster;50%;linear;1717.2013286321;12.1237160914255;1.5°C;consumption_based
Togo;13.54584;15584.778;equality;foster;50%;linear;403.150028211948;59.5238136892136;1.5°C;consumption_based
Trinidad and Tobago;32.59566;1399.8;equality;foster;50%;linear;36.2102950386002;2.2217862769829;1.5°C;consumption_based
Tunisia;31.10463;13145.141;equality;foster;50%;linear;340.041030100014;21.8643353159973;1.5°C;consumption_based
Turkmenistan;101.6677;9639.708;equality;foster;50%;linear;249.361816520899;4.90542849933458;1.5°C;consumption_based
Uganda;50.1081;85431.202;equality;foster;50%;linear;2209.95072861998;88.2073249083474;1.5°C;consumption_based
Ukraine;252.1204;31990.132;equality;foster;50%;linear;827.526873870385;6.56453721214456;1.5°C;consumption_based
Uruguay;31.57455;3254.354;equality;foster;50%;linear;84.1842538220093;5.33241194709089;1.5°C;consumption_based
Uzbekistan;165.7009;52210.754;equality;foster;50%;linear;1350.59780434903;16.3016351069793;1.5°C;consumption_based
Vanuatu;0.5712391;534.388;equality;foster;50%;linear;13.8236513395396;48.3988275296266;1.5°C;consumption_based
Viet Nam;237.3877;110008.908;equality;foster;50%;linear;2845.7315441879;23.9753916836289;1.5°C;consumption_based
Yemen;45.34253;70976.403;equality;foster;50%;linear;1836.03121403671;80.9849478640345;1.5°C;consumption_based
Zambia;39.16851;38083.386;equality;foster;50%;linear;985.148337711741;50.303079576514;1.5°C;consumption_based
Zimbabwe;22.44673;25866.385;equality;foster;50%;linear;669.116611253052;59.6181814681294;1.5°C;consumption_based
Afghanistan;36.29291;76885.134;equality;foster;50%;exponential;1988.87940150187;164.168434310885;1.5°C;consumption_based
Albania;10.69817;2240.166;equality;foster;50%;exponential;57.9490440030296;16.2270576501847;1.5°C;consumption_based
Algeria;229.2533;59565.554;equality;foster;50%;exponential;1540.85318222437;20.1348622104803;1.5°C;consumption_based
Andorra;0.7052279;82.195;equality;foster;50%;exponential;2.12623603421756;9.03202200153878;1.5°C;consumption_based
Angola;63.06419;74295.394;equality;foster;50%;exponential;1921.88751017934;91.2952412515658;1.5°C;consumption_based
Argentina;329.7293;48308.943;equality;foster;50%;exponential;1249.66500859617;11.3537431989898;1.5°C;consumption_based
Armenia;13.76886;2495.207;equality;foster;50%;exponential;64.5464935364912;14.043574691878;1.5°C;consumption_based
Aruba;0.8570806;100.002;equality;foster;50%;exponential;2.58687092759687;9.04182491742373;1.5°C;consumption_based
Australia;516.071;32506.969;equality;foster;50%;exponential;840.896512573675;4.88130668345239;1.5°C;consumption_based
Austria;104.6011;8724.332;equality;foster;50%;exponential;225.682694481141;6.46345909784676;1.5°C;consumption_based
Azerbaijan;61.16201;11224.923;equality;foster;50%;exponential;290.368462362887;14.2223281073128;1.5°C;consumption_based
Bahamas;3.216727;424.265;equality;foster;50%;exponential;10.9749684416;10.2209690663018;1.5°C;consumption_based
Bahrain;29.84191;2139.464;equality;foster;50%;exponential;55.3440653410942;5.55581069348432;1.5°C;consumption_based
Bangladesh;198.2366;214709.096;equality;foster;50%;exponential;5554.13610060804;83.9335660937627;1.5°C;consumption_based
Barbados;4.262979;264.216;equality;foster;50%;exponential;6.83479019425546;4.80302660836504;1.5°C;consumption_based
Belarus;37.69015;7453.546;equality;foster;50%;exponential;192.809758353892;15.325129132065;1.5°C;consumption_based
Belgium;135.3539;11870.906;equality;foster;50%;exponential;307.078874578861;6.7964506017376;1.5°C;consumption_based
Belize;1.471538;516.627;equality;foster;50%;exponential;13.3642063829882;27.2066262454344;1.5°C;consumption_based
Benin;17.1341;24433.809;equality;foster;50%;exponential;632.05846035634;110.509331010227;1.5°C;consumption_based
Bermuda;0;56.937;equality;foster;50%;exponential;1.47285724290097;inf;1.5°C;consumption_based
Bhutan;3.675114;882.34;equality;foster;50%;exponential;22.8245404517492;18.6051949573111;1.5°C;consumption_based
Bosnia and Herzegovina;26.34888;2455.167;equality;foster;50%;exponential;63.5107311323296;7.22084380702822;1.5°C;consumption_based
Botswana;18.26959;3437.43;equality;foster;50%;exponential;88.9200989245145;14.5805576433725;1.5°C;consumption_based
Brazil;1077.661;217489.3;equality;foster;50%;exponential;5626.05495123491;15.63956976285;1.5°C;consumption_based
British Virgin Islands;0.2776416;40.34;equality;foster;50%;exponential;1.04352286173534;11.2595342884207;1.5°C;consumption_based
Bulgaria;57.15165;5402.217;equality;foster;50%;exponential;139.745586106973;7.32507919521796;1.5°C;consumption_based
Burkina Faso;29.78411;37304.383;equality;foster;50%;exponential;964.996938607616;97.0608983403444;1.5°C;consumption_based
Burundi;4.499215;24131.72;equality;foster;50%;exponential;624.243964129796;415.643126615401;1.5°C;consumption_based
Cambodia;40.78146;21931.455;equality;foster;50%;exponential;567.327086852253;41.6748214444667;1.5°C;consumption_based
Cameroon;38.30513;51096.317;equality;foster;50%;exponential;1321.76933415905;103.371716857096;1.5°C;consumption_based
Canada;672.7777;45621.882;equality;foster;50%;exponential;1180.15559896857;5.254975329363;1.5°C;consumption_based
Cayman Islands;0;103.958;equality;foster;50%;exponential;2.68920549480126;inf;1.5°C;consumption_based
Central African Republic;9.32562;10616.752;equality;foster;50%;exponential;274.636178219495;88.223245486913;1.5°C;consumption_based
Chad;49.86327;38857.686;equality;foster;50%;exponential;1005.1780787093;60.3900307993931;1.5°C;consumption_based
Chile;120.2864;20320.306;equality;foster;50%;exponential;525.649575321216;13.0913004077744;1.5°C;consumption_based
China;12046.22;1260289.093;equality;foster;50%;exponential;32601.4001224888;8.10752804697131;1.5°C;consumption_based
Colombia;192.7321;59385.356;equality;foster;50%;exponential;1536.19178577819;23.8778040140913;1.5°C;consumption_based
Congo;20.37865;11006.472;equality;foster;50%;exponential;284.71752997149;41.8544650103009;1.5°C;consumption_based
Costa Rica;20.15067;5354.15;equality;foster;50%;exponential;138.502179726333;20.590652805279;1.5°C;consumption_based
Croatia;23.31505;3234.159;equality;foster;50%;exponential;83.6618456863439;10.7496441649353;1.5°C;consumption_based
Cuba;41.99676;9382;equality;foster;50%;exponential;242.695376519608;17.3120586464795;1.5°C;consumption_based
Cyprus;10.44542;1508.481;equality;foster;50%;exponential;39.0216760038024;11.1913636955487;1.5°C;consumption_based
Denmark;60.05671;6124.838;equality;foster;50%;exponential;158.438484814709;7.90318487863251;1.5°C;consumption_based
Djibouti;1.718966;1530.539;equality;foster;50%;exponential;39.5922765810002;68.9995385232623;1.5°C;consumption_based
Dominican Republic;36.86521;12996.293;equality;foster;50%;exponential;336.190601470277;27.3194438575024;1.5°C;consumption_based
Ecuador;64.94059;21337.238;equality;foster;50%;exponential;551.955767458802;25.4619138223197;1.5°C;consumption_based
Egypt;359.3699;161630.192;equality;foster;50%;exponential;4181.08082545049;34.8537781465276;1.5°C;consumption_based
El Salvador;15.27658;6663.345;equality;foster;50%;exponential;172.368687236735;33.8014424239732;1.5°C;consumption_based
Eritrea;6.147011;5696.062;equality;foster;50%;exponential;147.346824959394;71.8091506484315;1.5°C;consumption_based
Estonia;12.3808;1174.267;equality;foster;50%;exponential;30.3761641120817;7.34999799506781;1.5°C;consumption_based
Ethiopia;15.46353;225021.874;equality;foster;50%;exponential;5820.90902105923;1127.67815730359;1.5°C;consumption_based
Fiji;3.433959;1000.261;equality;foster;50%;exponential;25.8749435102195;22.5728971574649;1.5°C;consumption_based
Finland;64.9849;5351.645;equality;foster;50%;exponential;138.437379905593;6.38181064908064;1.5°C;consumption_based
France;561.8057;68219.675;equality;foster;50%;exponential;1764.71964508317;9.41006400353429;1.5°C;consumption_based
French Polynesia;0;284.75;equality;foster;50%;exponential;7.36596764697914;inf;1.5°C;consumption_based
Gabon;14.30998;4084.533;equality;foster;50%;exponential;105.65948351543;22.1193547981352;1.5°C;consumption_based
Gambia;2.508158;4301.896;equality;foster;50%;exponential;111.282271314026;132.915028339451;1.5°C;consumption_based
Georgia;17.8212;3664.014;equality;foster;50%;exponential;94.7814173207327;15.9326953740998;1.5°C;consumption_based
Germany;872.121;78294.613;equality;foster;50%;exponential;2025.34007476998;6.95703535049688;1.5°C;consumption_based
Ghana;54.33566;50553.047;equality;foster;50%;exponential;1307.71592153895;72.0993688269293;1.5°C;consumption_based
Greece;83.41989;8812.07;equality;foster;50%;exponential;227.952317903127;8.18610664163951;1.5°C;consumption_based
Greenland;0;49.898;equality;foster;50%;exponential;1.29077104003148;inf;1.5°C;consumption_based
Guatemala;40.88083;24670.857;equality;foster;50%;exponential;638.190463512727;46.766363799841;1.5°C;consumption_based
Guinea;25.79336;23404.584;equality;foster;50%;exponential;605.434270535577;70.3172825781149;1.5°C;consumption_based
Guyana;3.330323;940.608;equality;foster;50%;exponential;24.3318282580852;21.8872593401057;1.5°C;consumption_based
Haiti;14.31872;14710.861;equality;foster;50%;exponential;380.543375540675;79.6164790982976;1.5°C;consumption_based
Honduras;16.61826;14846.778;equality;foster;50%;exponential;384.059302580796;69.2334123849265;1.5°C;consumption_based
Hungary;60.08714;8725.347;equality;foster;50%;exponential;225.708950695931;11.2530499542799;1.5°C;consumption_based
Iceland;6.905605;432.993;equality;foster;50%;exponential;11.2007460206091;4.8590147194663;1.5°C;consumption_based
India;2949.414;1679589.259;equality;foster;50%;exponential;43447.9372853649;44.1302536521212;1.5°C;consumption_based
Indonesia;847.1642;320712.949;equality;foster;50%;exponential;8296.2641134373;29.3371534757393;1.5°C;consumption_based
Iraq;404.6027;71928.75;equality;foster;50%;exponential;1860.66670899965;13.776624106754;1.5°C;consumption_based
Ireland;58.80573;5970.042;equality;foster;50%;exponential;154.434192179479;7.86731996443722;1.5°C;consumption_based
Israel;96.33576;13092.722;equality;foster;50%;exponential;338.685045348172;10.5320155352448;1.5°C;consumption_based
Italy;480.3724;51891.098;equality;foster;50%;exponential;1342.32888159517;8.3711261353031;1.5°C;consumption_based
Jamaica;12.76953;2454.94;equality;foster;50%;exponential;63.5048590527655;14.8982425971721;1.5°C;consumption_based
Japan;1258.371;105123.167;equality;foster;50%;exponential;2719.34625836694;6.47379298248141;1.5°C;consumption_based
Jordan;33.45501;16367.355;equality;foster;50%;exponential;423.393880233968;37.9128480739402;1.5°C;consumption_based
Kazakhstan;260.4604;26544.264;equality;foster;50%;exponential;686.652115318255;7.89765316555996;1.5°C;consumption_based
Kenya;79.74114;83593.239;equality;foster;50%;exponential;2162.40594900859;81.2377311130762;1.5°C;consumption_based
Kuwait;120.129;6367.756;equality;foster;50%;exponential;164.72233425762;4.10778423953167;1.5°C;consumption_based
Kyrgyzstan;24.1211;9642.952;equality;foster;50%;exponential;249.445732935462;30.9800395775936;1.5°C;consumption_based
Latvia;16.48173;1513.81;equality;foster;50%;exponential;39.1595275985022;7.11766669178303;1.5°C;consumption_based
Lebanon;35.63768;6999.26;equality;foster;50%;exponential;181.058200922898;15.21989916;1.5°C;consumption_based
Lesotho;4.251056;2993.076;equality;foster;50%;exponential;77.4254643755917;54.5619635273835;1.5°C;consumption_based
Liberia;4.860882;8910.53;equality;foster;50%;exponential;230.499300078796;142.055329110572;1.5°C;consumption_based
Libya;56.0342;9260.606;equality;foster;50%;exponential;239.555133230627;12.8072327955876;1.5°C;consumption_based
Liechtenstein;1.370673;43.013;equality;foster;50%;exponential;1.11266853871647;2.43183972486587;1.5°C;consumption_based
Lithuania;26.37468;2258.774;equality;foster;50%;exponential;58.4303993181305;6.63673769668374;1.5°C;consumption_based
Luxembourg;8.842451;791.464;equality;foster;50%;exponential;20.4737426435424;6.93629533233473;1.5°C;consumption_based
Madagascar;31.88092;53185.475;equality;foster;50%;exponential;1375.81207423782;129.279977903382;1.5°C;consumption_based
Malawi;16.42;37361.682;equality;foster;50%;exponential;966.479160135989;176.328429460215;1.5°C;consumption_based
Malaysia;233.1968;44289.772;equality;foster;50%;exponential;1145.6963218405;14.7180383565713;1.5°C;consumption_based
Maldives;2.901473;589.962;equality;foster;50%;exponential;15.2612502368643;15.757037845728;1.5°C;consumption_based
Mali;73.55506;46154.079;equality;foster;50%;exponential;1193.92257309963;48.6257829761703;1.5°C;consumption_based
Malta;2.956266;535.722;equality;foster;50%;exponential;13.8581595075503;14.0431665110067;1.5°C;consumption_based
Mauritania;8.741203;9415.598;equality;foster;50%;exponential;243.564496031471;83.4729523445906;1.5°C;consumption_based
Mauritius;9.153498;1107.197;equality;foster;50%;exponential;28.6411844805351;9.37361003423529;1.5°C;consumption_based
Mexico;597.8052;148946.274;equality;foster;50%;exponential;3852.97080042876;19.3080772397189;1.5°C;consumption_based
Monaco;1.08342;36.757;equality;foster;50%;exponential;0.950837130114178;2.62913134110179;1.5°C;consumption_based
Mongolia;44.70931;4501.493;equality;foster;50%;exponential;116.445484815112;7.80239053052421;1.5°C;consumption_based
Montenegro;4.889849;533.295;equality;foster;50%;exponential;13.7953774057796;8.45164284630292;1.5°C;consumption_based
Morocco;84.54553;43440.431;equality;foster;50%;exponential;1123.72540585366;39.8173678126847;1.5°C;consumption_based
Mozambique;46.50852;63530.951;equality;foster;50%;exponential;1643.43083282815;105.857567285672;1.5°C;consumption_based
Myanmar;76.01056;58623.231;equality;foster;50%;exponential;1516.47699001715;59.7674725866564;1.5°C;consumption_based
Namibia;15.53063;4512.3;equality;foster;50%;exponential;116.725042365106;22.5153117771208;1.5°C;consumption_based
Nepal;51.71283;34642.027;equality;foster;50%;exponential;896.126602661204;51.9127532719146;1.5°C;consumption_based
Netherlands;199.7464;18958.475;equality;foster;50%;exponential;490.421469661327;7.35518349421174;1.5°C;consumption_based
New Caledonia;0;340.581;equality;foster;50%;exponential;8.8102146696253;inf;1.5°C;consumption_based
New Zealand;79.7114;5755.288;equality;foster;50%;exponential;148.878894493581;5.59520105136105;1.5°C;consumption_based
Nicaragua;16.31699;8756.43;equality;foster;50%;exponential;226.513011705136;41.5868575972032;1.5°C;consumption_based
Niger;34.38707;52513.876;equality;foster;50%;exponential;1358.43902241782;118.344471369971;1.5°C;consumption_based
Nigeria;449.8309;359185.556;equality;foster;50%;exponential;9291.48089467327;61.8783395833479;1.5°C;consumption_based
Norway;76.82043;5899.829;equality;foster;50%;exponential;152.617908820753;5.95157297318759;1.5°C;consumption_based
Oman;65.19586;7827.002;equality;foster;50%;exponential;202.470389832629;9.30346008566593;1.5°C;consumption_based
Pakistan;578.9303;371863.793;equality;foster;50%;exponential;9619.44396249675;49.7767671377635;1.5°C;consumption_based
Panama;21.22502;5630.68;equality;foster;50%;exponential;145.655510835795;20.5580449220676;1.5°C;consumption_based
Papua New Guinea;17.17362;14906.59;equality;foster;50%;exponential;385.606530875444;67.2644398465066;1.5°C;consumption_based
Paraguay;29.96962;8640.464;equality;foster;50%;exponential;223.513180961854;22.3421468064039;1.5°C;consumption_based
Peru;99.16215;40583.876;equality;foster;50%;exponential;1049.8314929061;31.7158722868774;1.5°C;consumption_based
Philippines;260.8678;134373.439;equality;foster;50%;exponential;3475.99790794495;39.9173800508796;1.5°C;consumption_based
Poland;340.3965;32814.096;equality;foster;50%;exponential;848.841332751072;7.47040987686115;1.5°C;consumption_based
Portugal;63.02308;9770.27;equality;foster;50%;exponential;252.739219393331;12.0136787400654;1.5°C;consumption_based
Qatar;162.3337;4164.46;equality;foster;50%;exponential;107.727050490391;1.98801235904094;1.5°C;consumption_based
Romania;116.8046;16027.266;equality;foster;50%;exponential;414.596392714763;10.6333123366261;1.5°C;consumption_based
Rwanda;8.712675;22707.91;equality;foster;50%;exponential;587.412573803386;201.973653927665;1.5°C;consumption_based
Samoa;0.6925006;272.726;equality;foster;50%;exponential;7.05492850742769;30.5193627519127;1.5°C;consumption_based
San Marino;0.566147;33.696;equality;foster;50%;exponential;0.871654594671147;4.61230705214013;1.5°C;consumption_based
Sao Tome and Principe;0.2998609;365.115;equality;foster;50%;exponential;9.4448648899975;94.3580392452716;1.5°C;consumption_based
Saudi Arabia;703.8256;47693.909;equality;foster;50%;exponential;1233.75519105168;5.25130123641183;1.5°C;consumption_based
Senegal;28.29428;30364.954;equality;foster;50%;exponential;785.486457475013;83.165471293049;1.5°C;consumption_based
Serbia;73.73461;5532.87;equality;foster;50%;exponential;143.125342984869;5.81497900569701;1.5°C;consumption_based
Seychelles;0.9971907;141.747;equality;foster;50%;exponential;3.66673859896875;11.0155130404012;1.5°C;consumption_based
Sierra Leone;7.612386;12948.325;equality;foster;50%;exponential;334.949756040636;131.81409799634;1.5°C;consumption_based
Singapore;98.39144;6081.692;equality;foster;50%;exponential;157.322375806468;4.79000732742225;1.5°C;consumption_based
Slovakia;47.49821;4936.488;equality;foster;50%;exponential;127.698018955929;8.05396827912432;1.5°C;consumption_based
Slovenia;16.40035;1981.553;equality;foster;50%;exponential;51.2591932880578;9.36314283837704;1.5°C;consumption_based
Somalia;27.54213;37206.512;equality;foster;50%;exponential;962.465192796984;104.686458172781;1.5°C;consumption_based
South Africa;442.3963;79177.328;equality;foster;50%;exponential;2048.1743157937;13.8694240880576;1.5°C;consumption_based
South Sudan;0;18341.974;equality;foster;50%;exponential;474.473703479307;inf;1.5°C;consumption_based
Spain;347.0203;44928.558;equality;foster;50%;exponential;1162.22056067928;10.0331353601358;1.5°C;consumption_based
Sri Lanka;52.34435;24813.69;equality;foster;50%;exponential;641.885294968112;36.7358940182789;1.5°C;consumption_based
Sudan;0;85206.383;equality;foster;50%;exponential;2204.13506758249;inf;1.5°C;consumption_based
Suriname;3.667079;733.905;equality;foster;50%;exponential;18.9847953852721;15.509173443626;1.5°C;consumption_based
Sweden;98.71911;11309.63;equality;foster;50%;exponential;292.559679295188;8.87802243360175;1.5°C;consumption_based
Switzerland;98.65993;9342.586;equality;foster;50%;exponential;241.675807603583;7.33829850249517;1.5°C;consumption_based
Tajikistan;16.7698;15574.642;equality;foster;50%;exponential;402.887828218727;71.9712858601126;1.5°C;consumption_based
Thailand;283.2797;66382.735;equality;foster;50%;exponential;1717.2013286321;18.1597037852446;1.5°C;consumption_based
Togo;13.54584;15584.778;equality;foster;50%;exponential;403.150028211948;89.158704856896;1.5°C;consumption_based
Trinidad and Tobago;32.59566;1399.8;equality;foster;50%;exponential;36.2102950386002;3.32793842744852;1.5°C;consumption_based
Tunisia;31.10463;13145.141;equality;foster;50%;exponential;340.041030100014;32.7498474729697;1.5°C;consumption_based
Turkmenistan;101.6677;9639.708;equality;foster;50%;exponential;249.361816520899;7.34767523553406;1.5°C;consumption_based
Uganda;50.1081;85431.202;equality;foster;50%;exponential;2209.95072861998;132.1227649959;1.5°C;consumption_based
Ukraine;252.1204;31990.132;equality;foster;50%;exponential;827.526873870385;9.83279799368379;1.5°C;consumption_based
Uruguay;31.57455;3254.354;equality;foster;50%;exponential;84.1842538220093;7.98723928289253;1.5°C;consumption_based
Uzbekistan;165.7009;52210.754;equality;foster;50%;exponential;1350.59780434903;24.4176672008393;1.5°C;consumption_based
Vanuatu;0.5712391;534.388;equality;foster;50%;exponential;13.8236513395396;72.4949648163379;1.5°C;consumption_based
Viet Nam;237.3877;110008.908;equality;foster;50%;exponential;2845.7315441879;35.9119273188726;1.5°C;consumption_based
Yemen;45.34253;70976.403;equality;foster;50%;exponential;1836.03121403671;121.304610994188;1.5°C;consumption_based
Zambia;39.16851;38083.386;equality;foster;50%;exponential;985.148337711741;75.3472794732587;1.5°C;consumption_based
Zimbabwe;22.44673;25866.385;equality;foster;50%;exponential;669.116611253052;89.3000551573368;1.5°C;consumption_based
Afghanistan;36.29291;76885.134;responsability;foster;50%;linear;7967.65687283837;439.075118134003;1.5°C;consumption_based
Albania;10.69817;2240.166;responsability;foster;50%;linear;-53.4060297486732;-3;1.5°C;consumption_based
Algeria;229.2533;59565.554;responsability;foster;50%;linear;2482.42711614119;21.6566314739303;1.5°C;consumption_based
Andorra;0.7052279;82.195;responsability;foster;50%;linear;-22.5434993479002;-21;1.5°C;consumption_based
Angola;63.06419;74295.394;responsability;foster;50%;linear;6552.22528662864;207.795431500147;1.5°C;consumption_based
Argentina;329.7293;48308.943;responsability;foster;50%;linear;-4297.28918674186;-11;1.5°C;consumption_based
Armenia;13.76886;2495.207;responsability;foster;50%;linear;-119.108549167547;-8;1.5°C;consumption_based
Aruba;0.8570806;100.002;responsability;foster;50%;linear;-46.2660022992726;-23;1.5°C;consumption_based
Australia;516.071;32506.969;responsability;foster;50%;linear;-12894.6350066819;-23;1.5°C;consumption_based
Austria;104.6011;8724.332;responsability;foster;50%;linear;-2768.62329104633;-23;1.5°C;consumption_based
Azerbaijan;61.16201;11224.923;responsability;foster;50%;linear;-571.59758685625;-8;1.5°C;consumption_based
Bahamas;3.216727;424.265;responsability;foster;50%;linear;-79.4408204770896;-19;1.5°C;consumption_based
Bahrain;29.84191;2139.464;responsability;foster;50%;linear;-828.488305238542;-23;1.5°C;consumption_based
Bangladesh;198.2366;214709.096;responsability;foster;50%;linear;20748.8414222391;209.334113097573;1.5°C;consumption_based
Barbados;4.262979;264.216;responsability;foster;50%;linear;-149.259476225486;-25;1.5°C;consumption_based
Belarus;37.69015;7453.546;responsability;foster;50%;linear;629.548098217777;33.4065053186457;1.5°C;consumption_based
Belgium;135.3539;11870.906;responsability;foster;50%;linear;-3195.54139090472;-22;1.5°C;consumption_based
Belize;1.471538;516.627;responsability;foster;50%;linear;11.3114807307241;15.3736848531592;1.5°C;consumption_based
Benin;17.1341;24433.809;responsability;foster;50%;linear;2414.89917396373;281.882231802514;1.5°C;consumption_based
Bermuda;0;56.937;responsability;foster;50%;linear;6.4784699216267;inf;1.5°C;consumption_based
Bhutan;3.675114;882.34;responsability;foster;50%;linear;30.4808455813461;16.5877007251182;1.5°C;consumption_based
Bosnia and Herzegovina;26.34888;2455.167;responsability;foster;50%;linear;-434.09477758643;-16;1.5°C;consumption_based
Botswana;18.26959;3437.43;responsability;foster;50%;linear;-254.621654571416;-11;1.5°C;consumption_based
Brazil;1077.661;217489.3;responsability;foster;50%;linear;-5035.73508198456;-3;1.5°C;consumption_based
British Virgin Islands;0.2776416;40.34;responsability;foster;50%;linear;-10.2475615429137;-21;1.5°C;consumption_based
Bulgaria;57.15165;5402.217;responsability;foster;50%;linear;-1052.01029514515;-19;1.5°C;consumption_based
Burkina Faso;29.78411;37304.383;responsability;foster;50%;linear;3638.25075540546;244.308173412296;1.5°C;consumption_based
Burundi;4.499215;24131.72;responsability;foster;50%;linear;2635.60805580729;1171.58573475919;1.5°C;consumption_based
Cambodia;40.78146;21931.455;responsability;foster;50%;linear;1603.33784712014;78.630723231593;1.5°C;consumption_based
Cameroon;38.30513;51096.317;responsability;foster;50%;linear;4769.57290405752;249.030503436877;1.5°C;consumption_based
Canada;672.7777;45621.882;responsability;foster;50%;linear;-17724.9212906879;-23;1.5°C;consumption_based
Cayman Islands;0;103.958;responsability;foster;50%;linear;11.8286663525031;inf;1.5°C;consumption_based
Central African Republic;9.32562;10616.752;responsability;foster;50%;linear;628.536916803381;134.797882994027;1.5°C;consumption_based
Chad;49.86327;38857.686;responsability;foster;50%;linear;3562.6005174594;142.894780765858;1.5°C;consumption_based
Chile;120.2864;20320.306;responsability;foster;50%;linear;-647.222624718188;-4;1.5°C;consumption_based
China;12046.22;1260289.093;responsability;foster;50%;linear;-92268.173640011;-7;1.5°C;consumption_based
Colombia;192.7321;59385.356;responsability;foster;50%;linear;1900.18712415992;19.7184290957233;1.5°C;consumption_based
Congo;20.37865;11006.472;responsability;foster;50%;linear;802.834948192168;78.791769640498;1.5°C;consumption_based
Costa Rica;20.15067;5354.15;responsability;foster;50%;linear;68.1046572727679;6.75954271225402;1.5°C;consumption_based
Croatia;23.31505;3234.159;responsability;foster;50%;linear;-614.720744649906;-19;1.5°C;consumption_based
Cuba;41.99676;9382;responsability;foster;50%;linear;-368.260389251775;-7;1.5°C;consumption_based
Cyprus;10.44542;1508.481;responsability;foster;50%;linear;-242.148735279899;-16;1.5°C;consumption_based
Denmark;60.05671;6124.838;responsability;foster;50%;linear;-1987.90552788018;-23;1.5°C;consumption_based
Djibouti;1.718966;1530.539;responsability;foster;50%;linear;117.467005943071;136.671703737096;1.5°C;consumption_based
Dominican Republic;36.86521;12996.293;responsability;foster;50%;linear;538.555291428379;29.2175355262253;1.5°C;consumption_based
Ecuador;64.94059;21337.238;responsability;foster;50%;linear;692.62428853874;21.3310131164112;1.5°C;consumption_based
Egypt;359.3699;161630.192;responsability;foster;50%;linear;10026.8848190886;55.8025856872744;1.5°C;consumption_based
El Salvador;15.27658;6663.345;responsability;foster;50%;linear;282.282363676847;36.9562249766436;1.5°C;consumption_based
Eritrea;6.147011;5696.062;responsability;foster;50%;linear;469.710835909458;152.825767160481;1.5°C;consumption_based
Estonia;12.3808;1174.267;responsability;foster;50%;linear;-441.10474840229;-26;1.5°C;consumption_based
Ethiopia;15.46353;225021.874;responsability;foster;50%;linear;25218.716778491;3261.70244161469;1.5°C;consumption_based
Fiji;3.433959;1000.261;responsability;foster;50%;linear;19.0290537409636;11.0828660103184;1.5°C;consumption_based
Finland;64.9849;5351.645;responsability;foster;50%;linear;-1961.00816546123;-24;1.5°C;consumption_based
France;561.8057;68219.675;responsability;foster;50%;linear;-15187.6860320591;-21;1.5°C;consumption_based
French Polynesia;0;284.75;responsability;foster;50%;linear;32.3997455114109;inf;1.5°C;consumption_based
Gabon;14.30998;4084.533;responsability;foster;50%;linear;-59.0640015172618;-2;1.5°C;consumption_based
Gambia;2.508158;4301.896;responsability;foster;50%;linear;423.38201539177;337.603943126207;1.5°C;consumption_based
Georgia;17.8212;3664.014;responsability;foster;50%;linear;-307.487778445139;-15;1.5°C;consumption_based
Germany;872.121;78294.613;responsability;foster;50%;linear;-27062.1242786149;-25;1.5°C;consumption_based
Ghana;54.33566;50553.047;responsability;foster;50%;linear;4877.11175446495;179.517898723047;1.5°C;consumption_based
Greece;83.41989;8812.07;responsability;foster;50%;linear;-3976.20399701936;-25;1.5°C;consumption_based
Greenland;0;49.898;responsability;foster;50%;linear;5.67755048824717;inf;1.5°C;consumption_based
Guatemala;40.88083;24670.857;responsability;foster;50%;linear;1885.04782373454;92.2216023370631;1.5°C;consumption_based
Guinea;25.79336;23404.584;responsability;foster;50%;linear;2141.16854272235;166.024786435141;1.5°C;consumption_based
Guyana;3.330323;940.608;responsability;foster;50%;linear;-1199.57519615453;-28;1.5°C;consumption_based
Haiti;14.31872;14710.861;responsability;foster;50%;linear;1330.01070451357;185.772290332316;1.5°C;consumption_based
Honduras;16.61826;14846.778;responsability;foster;50%;linear;1237.42851183289;148.923956158212;1.5°C;consumption_based
Hungary;60.08714;8725.347;responsability;foster;50%;linear;-1223.68436117207;-18;1.5°C;consumption_based
Iceland;6.905605;432.993;responsability;foster;50%;linear;-147.315325341625;-22;1.5°C;consumption_based
India;2949.414;1679589.259;responsability;foster;50%;linear;127991.506543632;86.7911432871967;1.5°C;consumption_based
Indonesia;847.1642;320712.949;responsability;foster;50%;linear;17620.5341171698;41.5988638735438;1.5°C;consumption_based
Iraq;404.6027;71928.75;responsability;foster;50%;linear;2001.453350997;9.89342558019016;1.5°C;consumption_based
Ireland;58.80573;5970.042;responsability;foster;50%;linear;-1440.97036086063;-19;1.5°C;consumption_based
Israel;96.33576;13092.722;responsability;foster;50%;linear;-1403.4363553849;-13;1.5°C;consumption_based
Italy;480.3724;51891.098;responsability;foster;50%;linear;-14779.0199882083;-22;1.5°C;consumption_based
Jamaica;12.76953;2454.94;responsability;foster;50%;linear;-236.963219356337;-14;1.5°C;consumption_based
Japan;1258.371;105123.167;responsability;foster;50%;linear;-44056.211302358;-25;1.5°C;consumption_based
Jordan;33.45501;16367.355;responsability;foster;50%;linear;865.796208261347;51.7588372122051;1.5°C;consumption_based
Kazakhstan;260.4604;26544.264;responsability;foster;50%;linear;-7631.56392901596;-19;1.5°C;consumption_based
Kenya;79.74114;83593.239;responsability;foster;50%;linear;7616.87268829517;191.039974805857;1.5°C;consumption_based
Kuwait;120.129;6367.756;responsability;foster;50%;linear;-2242.45072815185;-20;1.5°C;consumption_based
Kyrgyzstan;24.1211;9642.952;responsability;foster;50%;linear;532.819831395086;44.1787340871756;1.5°C;consumption_based
Latvia;16.48173;1513.81;responsability;foster;50%;linear;-362.735653994279;-21;1.5°C;consumption_based
Lebanon;35.63768;6999.26;responsability;foster;50%;linear;-183.713488101149;-4;1.5°C;consumption_based
Lesotho;4.251056;2993.076;responsability;foster;50%;linear;184.332777660445;86.7232883596193;1.5°C;consumption_based
Liberia;4.860882;8910.53;responsability;foster;50%;linear;940.820434299007;387.098651766904;1.5°C;consumption_based
Libya;56.0342;9260.606;responsability;foster;50%;linear;-678.048858212661;-11;1.5°C;consumption_based
Liechtenstein;1.370673;43.013;responsability;foster;50%;linear;-15.4163398435213;-22;1.5°C;consumption_based
Lithuania;26.37468;2258.774;responsability;foster;50%;linear;-694.461200315042;-23;1.5°C;consumption_based
Luxembourg;8.842451;791.464;responsability;foster;50%;linear;-456.515883899233;-26;1.5°C;consumption_based
Madagascar;31.88092;53185.475;responsability;foster;50%;linear;5181.57979481477;325.058360600307;1.5°C;consumption_based
Malawi;16.42;37361.682;responsability;foster;50%;linear;3932.16160781918;478.947820684431;1.5°C;consumption_based
Malaysia;233.1968;44289.772;responsability;foster;50%;linear;-599.914972455093;-1;1.5°C;consumption_based
Maldives;2.901473;589.962;responsability;foster;50%;linear;18.0507534745496;12.4424755801964;1.5°C;consumption_based
Mali;73.55506;46154.079;responsability;foster;50%;linear;3989.54741833557;108.477850968664;1.5°C;consumption_based
Malta;2.956266;535.722;responsability;foster;50%;linear;-72.7322154526284;-17;1.5°C;consumption_based
Mauritania;8.741203;9415.598;responsability;foster;50%;linear;851.657252260753;194.860421903199;1.5°C;consumption_based
Mauritius;9.153498;1107.197;responsability;foster;50%;linear;-123.814940753301;-12;1.5°C;consumption_based
Mexico;597.8052;148946.274;responsability;foster;50%;linear;-2132.20593793546;-2;1.5°C;consumption_based
Monaco;1.08342;36.757;responsability;foster;50%;linear;-12.2399831881899;-21;1.5°C;consumption_based
Mongolia;44.70931;4501.493;responsability;foster;50%;linear;-204.067412739605;-3;1.5°C;consumption_based
Montenegro;4.889849;533.295;responsability;foster;50%;linear;-93.910350102694;-17;1.5°C;consumption_based
Morocco;84.54553;43440.431;responsability;foster;50%;linear;2936.68955238281;69.4700134325921;1.5°C;consumption_based
Mozambique;46.50852;63530.951;responsability;foster;50%;linear;6197.95915796458;266.530053330641;1.5°C;consumption_based
Myanmar;76.01056;58623.231;responsability;foster;50%;linear;5171.20343823232;136.065395077535;1.5°C;consumption_based
Namibia;15.53063;4512.3;responsability;foster;50%;linear;9.24386551760972;1.1904044481917;1.5°C;consumption_based
Nepal;51.71283;34642.027;responsability;foster;50%;linear;2867.22122962046;110.890130345621;1.5°C;consumption_based
Netherlands;199.7464;18958.475;responsability;foster;50%;linear;-5566.07742481318;-22;1.5°C;consumption_based
New Caledonia;0;340.581;responsability;foster;50%;linear;38.7523712941943;inf;1.5°C;consumption_based
New Zealand;79.7114;5755.288;responsability;foster;50%;linear;-1796.61779259042;-22;1.5°C;consumption_based
Nicaragua;16.31699;8756.43;responsability;foster;50%;linear;534.371899775184;65.4988327841329;1.5°C;consumption_based
Niger;34.38707;52513.876;responsability;foster;50%;linear;5375.96556127318;312.673662587314;1.5°C;consumption_based
Nigeria;449.8309;359185.556;responsability;foster;50%;linear;29837.8783587344;132.662644379185;1.5°C;consumption_based
Norway;76.82043;5899.829;responsability;foster;50%;linear;-1946.61964558089;-22;1.5°C;consumption_based
Oman;65.19586;7827.002;responsability;foster;50%;linear;-464.97248470657;-5;1.5°C;consumption_based
Pakistan;578.9303;371863.793;responsability;foster;50%;linear;31616.3521138121;109.223345586894;1.5°C;consumption_based
Panama;21.22502;5630.68;responsability;foster;50%;linear;99.2212294774052;9.34945922099534;1.5°C;consumption_based
Papua New Guinea;17.17362;14906.59;responsability;foster;50%;linear;1344.95475124563;156.630314545871;1.5°C;consumption_based
Paraguay;29.96962;8640.464;responsability;foster;50%;linear;-65.8445743704743;-1;1.5°C;consumption_based
Peru;99.16215;40583.876;responsability;foster;50%;linear;1948.60463105059;39.3013792268641;1.5°C;consumption_based
Philippines;260.8678;134373.439;responsability;foster;50%;linear;9921.79329148585;76.067596625462;1.5°C;consumption_based
Poland;340.3965;32814.096;responsability;foster;50%;linear;-8506.60793612992;-21;1.5°C;consumption_based
Portugal;63.02308;9770.27;responsability;foster;50%;linear;-1861.71032439764;-19;1.5°C;consumption_based
Qatar;162.3337;4164.46;responsability;foster;50%;linear;-2456.60670749798;-17;1.5°C;consumption_based
Romania;116.8046;16027.266;responsability;foster;50%;linear;-2704.04491173419;-20;1.5°C;consumption_based
Rwanda;8.712675;22707.91;responsability;foster;50%;linear;2383.04788326259;547.030133285722;1.5°C;consumption_based
Samoa;0.6925006;272.726;responsability;foster;50%;linear;13.0481174882179;37.6840611783381;1.5°C;consumption_based
San Marino;0.566147;33.696;responsability;foster;50%;linear;-19.4529974409921;-25;1.5°C;consumption_based
Sao Tome and Principe;0.2998609;365.115;responsability;foster;50%;linear;32.1145220404699;214.196129208375;1.5°C;consumption_based
Saudi Arabia;703.8256;47693.909;responsability;foster;50%;linear;-9112.8582786852;-13;1.5°C;consumption_based
Senegal;28.29428;30364.954;responsability;foster;50%;linear;2796.03340779876;197.639481039897;1.5°C;consumption_based
Serbia;73.73461;5532.87;responsability;foster;50%;linear;-1795.59896820818;-22;1.5°C;consumption_based
Seychelles;0.9971907;141.747;responsability;foster;50%;linear;-14.859567548267;-14;1.5°C;consumption_based
Sierra Leone;7.612386;12948.325;responsability;foster;50%;linear;1300.63908237591;341.716534704338;1.5°C;consumption_based
Singapore;98.39144;6081.692;responsability;foster;50%;linear;-3120.81125469259;-22;1.5°C;consumption_based
Slovakia;47.49821;4936.488;responsability;foster;50%;linear;-1451.95815726028;-24;1.5°C;consumption_based
Slovenia;16.40035;1981.553;responsability;foster;50%;linear;-410.650202660675;-19;1.5°C;consumption_based
Somalia;27.54213;37206.512;responsability;foster;50%;linear;3357.4387929491;243.803859247567;1.5°C;consumption_based
South Africa;442.3963;79177.328;responsability;foster;50%;linear;-3963.63620536081;-8;1.5°C;consumption_based
South Sudan;0;18341.974;responsability;foster;50%;linear;2087.00716339566;inf;1.5°C;consumption_based
Spain;347.0203;44928.558;responsability;foster;50%;linear;-10026.2543636711;-19;1.5°C;consumption_based
Sri Lanka;52.34435;24813.69;responsability;foster;50%;linear;1812.45968916257;69.2513973012395;1.5°C;consumption_based
Sudan;0;85206.383;responsability;foster;50%;linear;9695.04872747255;inf;1.5°C;consumption_based
Suriname;3.667079;733.905;responsability;foster;50%;linear;-25.6674679260685;-6;1.5°C;consumption_based
Sweden;98.71911;11309.63;responsability;foster;50%;linear;-2209.93303948826;-19;1.5°C;consumption_based
Switzerland;98.65993;9342.586;responsability;foster;50%;linear;-2753.33777743294;-22;1.5°C;consumption_based
Tajikistan;16.7698;15574.642;responsability;foster;50%;linear;1352.82074503453;161.340116761622;1.5°C;consumption_based
Thailand;283.2797;66382.735;responsability;foster;50%;linear;-1449.24281000376;-3;1.5°C;consumption_based
Togo;13.54584;15584.778;responsability;foster;50%;linear;1468.39684481329;216.804102929504;1.5°C;consumption_based
Trinidad and Tobago;32.59566;1399.8;responsability;foster;50%;linear;-770.313638342852;-23;1.5°C;consumption_based
Tunisia;31.10463;13145.141;responsability;foster;50%;linear;392.388972367387;25.2302613705668;1.5°C;consumption_based
Turkmenistan;101.6677;9639.708;responsability;foster;50%;linear;-1186.84036707002;-12;1.5°C;consumption_based
Uganda;50.1081;85431.202;responsability;foster;50%;linear;8582.97317637906;342.578272829305;1.5°C;consumption_based
Ukraine;252.1204;31990.132;responsability;foster;50%;linear;-8602.17103686939;-26;1.5°C;consumption_based
Uruguay;31.57455;3254.354;responsability;foster;50%;linear;-765.86773439318;-20;1.5°C;consumption_based
Uzbekistan;165.7009;52210.754;responsability;foster;50%;linear;-243.001528853807;0;1.5°C;consumption_based
Vanuatu;0.5712391;534.388;responsability;foster;50%;linear;38.4722050554938;134.697379977994;1.5°C;consumption_based
Viet Nam;237.3877;110008.908;responsability;foster;50%;linear;6648.37523801831;56.0128030055332;1.5°C;consumption_based
Yemen;45.34253;70976.403;responsability;foster;50%;linear;7051.16846101964;311.017866052893;1.5°C;consumption_based
Zambia;39.16851;38083.386;responsability;foster;50%;linear;3334.16943895638;170.247448215742;1.5°C;consumption_based
Zimbabwe;22.44673;25866.385;responsability;foster;50%;linear;2128.99886340272;189.693453202558;1.5°C;consumption_based
Afghanistan;36.29291;76885.134;responsability;foster;50%;exponential;7967.65687283837;657.675750954282;1.5°C;consumption_based
Albania;10.69817;2240.166;responsability;foster;50%;exponential;-53.4060297486732;-3;1.5°C;consumption_based
Algeria;229.2533;59565.554;responsability;foster;50%;exponential;2482.42711614119;32.438734921459;1.5°C;consumption_based
Andorra;0.7052279;82.195;responsability;foster;50%;exponential;-22.5434993479002;-21;1.5°C;consumption_based
Angola;63.06419;74295.394;responsability;foster;50%;exponential;6552.22528662864;311.249740221034;1.5°C;consumption_based
Argentina;329.7293;48308.943;responsability;foster;50%;exponential;-4297.28918674186;-11;1.5°C;consumption_based
Armenia;13.76886;2495.207;responsability;foster;50%;exponential;-119.108549167547;-8;1.5°C;consumption_based
Aruba;0.8570806;100.002;responsability;foster;50%;exponential;-46.2660022992726;-23;1.5°C;consumption_based
Australia;516.071;32506.969;responsability;foster;50%;exponential;-12894.6350066819;-23;1.5°C;consumption_based
Austria;104.6011;8724.332;responsability;foster;50%;exponential;-2768.62329104633;-23;1.5°C;consumption_based
Azerbaijan;61.16201;11224.923;responsability;foster;50%;exponential;-571.59758685625;-8;1.5°C;consumption_based
Bahamas;3.216727;424.265;responsability;foster;50%;exponential;-79.4408204770896;-19;1.5°C;consumption_based
Bahrain;29.84191;2139.464;responsability;foster;50%;exponential;-828.488305238542;-23;1.5°C;consumption_based
Bangladesh;198.2366;214709.096;responsability;foster;50%;exponential;20748.8414222391;313.554479281099;1.5°C;consumption_based
Barbados;4.262979;264.216;responsability;foster;50%;exponential;-149.259476225486;-25;1.5°C;consumption_based
Belarus;37.69015;7453.546;responsability;foster;50%;exponential;629.548098217777;50.03847306486;1.5°C;consumption_based
Belgium;135.3539;11870.906;responsability;foster;50%;exponential;-3195.54139090472;-22;1.5°C;consumption_based
Belize;1.471538;516.627;responsability;foster;50%;exponential;11.3114807307241;23.0277219390285;1.5°C;consumption_based
Benin;17.1341;24433.809;responsability;foster;50%;exponential;2414.89917396373;422.221849576109;1.5°C;consumption_based
Bermuda;0;56.937;responsability;foster;50%;exponential;6.4784699216267;inf;1.5°C;consumption_based
Bhutan;3.675114;882.34;responsability;foster;50%;exponential;30.4808455813461;24.8461552031458;1.5°C;consumption_based
Bosnia and Herzegovina;26.34888;2455.167;responsability;foster;50%;exponential;-434.09477758643;-16;1.5°C;consumption_based
Botswana;18.26959;3437.43;responsability;foster;50%;exponential;-254.621654571416;-11;1.5°C;consumption_based
Brazil;1077.661;217489.3;responsability;foster;50%;exponential;-5035.73508198456;-3;1.5°C;consumption_based
British Virgin Islands;0.2776416;40.34;responsability;foster;50%;exponential;-10.2475615429137;-21;1.5°C;consumption_based
Bulgaria;57.15165;5402.217;responsability;foster;50%;exponential;-1052.01029514515;-19;1.5°C;consumption_based
Burkina Faso;29.78411;37304.383;responsability;foster;50%;exponential;3638.25075540546;365.94093989212;1.5°C;consumption_based
Burundi;4.499215;24131.72;responsability;foster;50%;exponential;2635.60805580729;1754.87859842679;1.5°C;consumption_based
Cambodia;40.78146;21931.455;responsability;foster;50%;exponential;1603.33784712014;117.778297638887;1.5°C;consumption_based
Cameroon;38.30513;51096.317;responsability;foster;50%;exponential;4769.57290405752;373.014358122626;1.5°C;consumption_based
Canada;672.7777;45621.882;responsability;foster;50%;exponential;-17724.9212906879;-23;1.5°C;consumption_based
Cayman Islands;0;103.958;responsability;foster;50%;exponential;11.8286663525031;inf;1.5°C;consumption_based
Central African Republic;9.32562;10616.752;responsability;foster;50%;exponential;628.536916803381;201.909184245981;1.5°C;consumption_based
Chad;49.86327;38857.686;responsability;foster;50%;exponential;3562.6005174594;214.037253231352;1.5°C;consumption_based
Chile;120.2864;20320.306;responsability;foster;50%;exponential;-647.222624718188;-4;1.5°C;consumption_based
China;12046.22;1260289.093;responsability;foster;50%;exponential;-92268.173640011;-7;1.5°C;consumption_based
Colombia;192.7321;59385.356;responsability;foster;50%;exponential;1900.18712415992;29.5355672129221;1.5°C;consumption_based
Congo;20.37865;11006.472;responsability;foster;50%;exponential;802.834948192168;118.019523601236;1.5°C;consumption_based
Costa Rica;20.15067;5354.15;responsability;foster;50%;exponential;68.1046572727679;10.124890128783;1.5°C;consumption_based
Croatia;23.31505;3234.159;responsability;foster;50%;exponential;-614.720744649906;-19;1.5°C;consumption_based
Cuba;41.99676;9382;responsability;foster;50%;exponential;-368.260389251775;-7;1.5°C;consumption_based
Cyprus;10.44542;1508.481;responsability;foster;50%;exponential;-242.148735279899;-16;1.5°C;consumption_based
Denmark;60.05671;6124.838;responsability;foster;50%;exponential;-1987.90552788018;-23;1.5°C;consumption_based
Djibouti;1.718966;1530.539;responsability;foster;50%;exponential;117.467005943071;204.715916883414;1.5°C;consumption_based
Dominican Republic;36.86521;12996.293;responsability;foster;50%;exponential;538.555291428379;43.7639570648118;1.5°C;consumption_based
Ecuador;64.94059;21337.238;responsability;foster;50%;exponential;692.62428853874;31.9510022102182;1.5°C;consumption_based
Egypt;359.3699;161630.192;responsability;foster;50%;exponential;10026.8848190886;83.5848034455649;1.5°C;consumption_based
El Salvador;15.27658;6663.345;responsability;foster;50%;exponential;282.282363676847;55.3554779356267;1.5°C;consumption_based
Eritrea;6.147011;5696.062;responsability;foster;50%;exponential;469.710835909458;228.91254145665;1.5°C;consumption_based
Estonia;12.3808;1174.267;responsability;foster;50%;exponential;-441.10474840229;-26;1.5°C;consumption_based
Ethiopia;15.46353;225021.874;responsability;foster;50%;exponential;25218.716778491;4885.59363553749;1.5°C;consumption_based
Fiji;3.433959;1000.261;responsability;foster;50%;exponential;19.0290537409636;16.6006496952927;1.5°C;consumption_based
Finland;64.9849;5351.645;responsability;foster;50%;exponential;-1961.00816546123;-24;1.5°C;consumption_based
France;561.8057;68219.675;responsability;foster;50%;exponential;-15187.6860320591;-21;1.5°C;consumption_based
French Polynesia;0;284.75;responsability;foster;50%;exponential;32.3997455114109;inf;1.5°C;consumption_based
Gabon;14.30998;4084.533;responsability;foster;50%;exponential;-59.0640015172618;-2;1.5°C;consumption_based
Gambia;2.508158;4301.896;responsability;foster;50%;exponential;423.38201539177;505.685514051131;1.5°C;consumption_based
Georgia;17.8212;3664.014;responsability;foster;50%;exponential;-307.487778445139;-15;1.5°C;consumption_based
Germany;872.121;78294.613;responsability;foster;50%;exponential;-27062.1242786149;-25;1.5°C;consumption_based
Ghana;54.33566;50553.047;responsability;foster;50%;exponential;4877.11175446495;268.893781442614;1.5°C;consumption_based
Greece;83.41989;8812.07;responsability;foster;50%;exponential;-3976.20399701936;-25;1.5°C;consumption_based
Greenland;0;49.898;responsability;foster;50%;exponential;5.67755048824717;inf;1.5°C;consumption_based
Guatemala;40.88083;24670.857;responsability;foster;50%;exponential;1885.04782373454;138.135615220001;1.5°C;consumption_based
Guinea;25.79336;23404.584;responsability;foster;50%;exponential;2141.16854272235;248.68290546683;1.5°C;consumption_based
Guyana;3.330323;940.608;responsability;foster;50%;exponential;-1199.57519615453;-28;1.5°C;consumption_based
Haiti;14.31872;14710.861;responsability;foster;50%;exponential;1330.01070451357;278.262022840281;1.5°C;consumption_based
Honduras;16.61826;14846.778;responsability;foster;50%;exponential;1237.42851183289;223.068150884248;1.5°C;consumption_based
Hungary;60.08714;8725.347;responsability;foster;50%;exponential;-1223.68436117207;-18;1.5°C;consumption_based
Iceland;6.905605;432.993;responsability;foster;50%;exponential;-147.315325341625;-22;1.5°C;consumption_based
India;2949.414;1679589.259;responsability;foster;50%;exponential;127991.506543632;130.001514502052;1.5°C;consumption_based
Indonesia;847.1642;320712.949;responsability;foster;50%;exponential;17620.5341171698;62.3095295245772;1.5°C;consumption_based
Iraq;404.6027;71928.75;responsability;foster;50%;exponential;2001.453350997;14.8190271532901;1.5°C;consumption_based
Ireland;58.80573;5970.042;responsability;foster;50%;exponential;-1440.97036086063;-19;1.5°C;consumption_based
Israel;96.33576;13092.722;responsability;foster;50%;exponential;-1403.4363553849;-13;1.5°C;consumption_based
Italy;480.3724;51891.098;responsability;foster;50%;exponential;-14779.0199882083;-22;1.5°C;consumption_based
Jamaica;12.76953;2454.94;responsability;foster;50%;exponential;-236.963219356337;-14;1.5°C;consumption_based
Japan;1258.371;105123.167;responsability;foster;50%;exponential;-44056.211302358;-25;1.5°C;consumption_based
Jordan;33.45501;16367.355;responsability;foster;50%;exponential;865.796208261347;77.5278095391151;1.5°C;consumption_based
Kazakhstan;260.4604;26544.264;responsability;foster;50%;exponential;-7631.56392901596;-19;1.5°C;consumption_based
Kenya;79.74114;83593.239;responsability;foster;50%;exponential;7616.87268829517;286.152309032424;1.5°C;consumption_based
Kuwait;120.129;6367.756;responsability;foster;50%;exponential;-2242.45072815185;-20;1.5°C;consumption_based
Kyrgyzstan;24.1211;9642.952;responsability;foster;50%;exponential;532.819831395086;66.1738297548559;1.5°C;consumption_based
Latvia;16.48173;1513.81;responsability;foster;50%;exponential;-362.735653994279;-21;1.5°C;consumption_based
Lebanon;35.63768;6999.26;responsability;foster;50%;exponential;-183.713488101149;-4;1.5°C;consumption_based
Lesotho;4.251056;2993.076;responsability;foster;50%;exponential;184.332777660445;129.89987690382;1.5°C;consumption_based
Liberia;4.860882;8910.53;responsability;foster;50%;exponential;940.820434299007;579.821962073676;1.5°C;consumption_based
Libya;56.0342;9260.606;responsability;foster;50%;exponential;-678.048858212661;-11;1.5°C;consumption_based
Liechtenstein;1.370673;43.013;responsability;foster;50%;exponential;-15.4163398435213;-22;1.5°C;consumption_based
Lithuania;26.37468;2258.774;responsability;foster;50%;exponential;-694.461200315042;-23;1.5°C;consumption_based
Luxembourg;8.842451;791.464;responsability;foster;50%;exponential;-456.515883899233;-26;1.5°C;consumption_based
Madagascar;31.88092;53185.475;responsability;foster;50%;exponential;5181.57979481477;486.893910819446;1.5°C;consumption_based
Malawi;16.42;37361.682;responsability;foster;50%;exponential;3932.16160781918;717.39972188635;1.5°C;consumption_based
Malaysia;233.1968;44289.772;responsability;foster;50%;exponential;-599.914972455093;-1;1.5°C;consumption_based
Maldives;2.901473;589.962;responsability;foster;50%;exponential;18.0507534745496;18.6371628292509;1.5°C;consumption_based
Mali;73.55506;46154.079;responsability;foster;50%;exponential;3989.54741833557;162.485299556303;1.5°C;consumption_based
Malta;2.956266;535.722;responsability;foster;50%;exponential;-72.7322154526284;-17;1.5°C;consumption_based
Mauritania;8.741203;9415.598;responsability;foster;50%;exponential;851.657252260753;291.87482736688;1.5°C;consumption_based
Mauritius;9.153498;1107.197;responsability;foster;50%;exponential;-123.814940753301;-12;1.5°C;consumption_based
Mexico;597.8052;148946.274;responsability;foster;50%;exponential;-2132.20593793546;-2;1.5°C;consumption_based
Monaco;1.08342;36.757;responsability;foster;50%;exponential;-12.2399831881899;-21;1.5°C;consumption_based
Mongolia;44.70931;4501.493;responsability;foster;50%;exponential;-204.067412739605;-3;1.5°C;consumption_based
Montenegro;4.889849;533.295;responsability;foster;50%;exponential;-93.910350102694;-17;1.5°C;consumption_based
Morocco;84.54553;43440.431;responsability;foster;50%;exponential;2936.68955238281;104.056780642123;1.5°C;consumption_based
Mozambique;46.50852;63530.951;responsability;foster;50%;exponential;6197.95915796458;399.226341317333;1.5°C;consumption_based
Myanmar;76.01056;58623.231;responsability;foster;50%;exponential;5171.20343823232;203.807747673822;1.5°C;consumption_based
Namibia;15.53063;4512.3;responsability;foster;50%;exponential;9.24386551760972;1.78306651201505;1.5°C;consumption_based
Nepal;51.71283;34642.027;responsability;foster;50%;exponential;2867.22122962046;166.098571147492;1.5°C;consumption_based
Netherlands;199.7464;18958.475;responsability;foster;50%;exponential;-5566.07742481318;-22;1.5°C;consumption_based
New Caledonia;0;340.581;responsability;foster;50%;exponential;38.7523712941943;inf;1.5°C;consumption_based
New Zealand;79.7114;5755.288;responsability;foster;50%;exponential;-1796.61779259042;-22;1.5°C;consumption_based
Nicaragua;16.31699;8756.43;responsability;foster;50%;exponential;534.371899775184;98.1084836257715;1.5°C;consumption_based
Niger;34.38707;52513.876;responsability;foster;50%;exponential;5375.96556127318;468.343291051574;1.5°C;consumption_based
Nigeria;449.8309;359185.556;responsability;foster;50%;exponential;29837.8783587344;198.71088263087;1.5°C;consumption_based
Norway;76.82043;5899.829;responsability;foster;50%;exponential;-1946.61964558089;-22;1.5°C;consumption_based
Oman;65.19586;7827.002;responsability;foster;50%;exponential;-464.97248470657;-5;1.5°C;consumption_based
Pakistan;578.9303;371863.793;responsability;foster;50%;exponential;31616.3521138121;163.601950700099;1.5°C;consumption_based
Panama;21.22502;5630.68;responsability;foster;50%;exponential;99.2212294774052;14.0042383643063;1.5°C;consumption_based
Papua New Guinea;17.17362;14906.59;responsability;foster;50%;exponential;1344.95475124563;234.611244150989;1.5°C;consumption_based
Paraguay;29.96962;8640.464;responsability;foster;50%;exponential;-65.8445743704743;-1;1.5°C;consumption_based
Peru;99.16215;40583.876;responsability;foster;50%;exponential;1948.60463105059;58.8682050725506;1.5°C;consumption_based
Philippines;260.8678;134373.439;responsability;foster;50%;exponential;9921.79329148585;113.939077091292;1.5°C;consumption_based
Poland;340.3965;32814.096;responsability;foster;50%;exponential;-8506.60793612992;-21;1.5°C;consumption_based
Portugal;63.02308;9770.27;responsability;foster;50%;exponential;-1861.71032439764;-19;1.5°C;consumption_based
Qatar;162.3337;4164.46;responsability;foster;50%;exponential;-2456.60670749798;-17;1.5°C;consumption_based
Romania;116.8046;16027.266;responsability;foster;50%;exponential;-2704.04491173419;-20;1.5°C;consumption_based
Rwanda;8.712675;22707.91;responsability;foster;50%;exponential;2383.04788326259;819.37791244529;1.5°C;consumption_based
Samoa;0.6925006;272.726;responsability;foster;50%;exponential;13.0481174882179;56.4456791352652;1.5°C;consumption_based
San Marino;0.566147;33.696;responsability;foster;50%;exponential;-19.4529974409921;-25;1.5°C;consumption_based
Sao Tome and Principe;0.2998609;365.115;responsability;foster;50%;exponential;32.1145220404699;320.837128569935;1.5°C;consumption_based
Saudi Arabia;703.8256;47693.909;responsability;foster;50%;exponential;-9112.8582786852;-13;1.5°C;consumption_based
Senegal;28.29428;30364.954;responsability;foster;50%;exponential;2796.03340779876;296.03748593984;1.5°C;consumption_based
Serbia;73.73461;5532.87;responsability;foster;50%;exponential;-1795.59896820818;-22;1.5°C;consumption_based
Seychelles;0.9971907;141.747;responsability;foster;50%;exponential;-14.859567548267;-14;1.5°C;consumption_based
Sierra Leone;7.612386;12948.325;responsability;foster;50%;exponential;1300.63908237591;511.845625710408;1.5°C;consumption_based
Singapore;98.39144;6081.692;responsability;foster;50%;exponential;-3120.81125469259;-22;1.5°C;consumption_based
Slovakia;47.49821;4936.488;responsability;foster;50%;exponential;-1451.95815726028;-24;1.5°C;consumption_based
Slovenia;16.40035;1981.553;responsability;foster;50%;exponential;-410.650202660675;-19;1.5°C;consumption_based
Somalia;27.54213;37206.512;responsability;foster;50%;exponential;3357.4387929491;365.185544782476;1.5°C;consumption_based
South Africa;442.3963;79177.328;responsability;foster;50%;exponential;-3963.63620536081;-8;1.5°C;consumption_based
South Sudan;0;18341.974;responsability;foster;50%;exponential;2087.00716339566;inf;1.5°C;consumption_based
Spain;347.0203;44928.558;responsability;foster;50%;exponential;-10026.2543636711;-19;1.5°C;consumption_based
Sri Lanka;52.34435;24813.69;responsability;foster;50%;exponential;1812.45968916257;103.729322942016;1.5°C;consumption_based
Sudan;0;85206.383;responsability;foster;50%;exponential;9695.04872747255;inf;1.5°C;consumption_based
Suriname;3.667079;733.905;responsability;foster;50%;exponential;-25.6674679260685;-6;1.5°C;consumption_based
Sweden;98.71911;11309.63;responsability;foster;50%;exponential;-2209.93303948826;-19;1.5°C;consumption_based
Switzerland;98.65993;9342.586;responsability;foster;50%;exponential;-2753.33777743294;-22;1.5°C;consumption_based
Tajikistan;16.7698;15574.642;responsability;foster;50%;exponential;1352.82074503453;241.665897400881;1.5°C;consumption_based
Thailand;283.2797;66382.735;responsability;foster;50%;exponential;-1449.24281000376;-3;1.5°C;consumption_based
Togo;13.54584;15584.778;responsability;foster;50%;exponential;1468.39684481329;324.743524092417;1.5°C;consumption_based
Trinidad and Tobago;32.59566;1399.8;responsability;foster;50%;exponential;-770.313638342852;-23;1.5°C;consumption_based
Tunisia;31.10463;13145.141;responsability;foster;50%;exponential;392.388972367387;37.7915541290048;1.5°C;consumption_based
Turkmenistan;101.6677;9639.708;responsability;foster;50%;exponential;-1186.84036707002;-12;1.5°C;consumption_based
Uganda;50.1081;85431.202;responsability;foster;50%;exponential;8582.97317637906;513.136394066567;1.5°C;consumption_based
Ukraine;252.1204;31990.132;responsability;foster;50%;exponential;-8602.17103686939;-26;1.5°C;consumption_based
Uruguay;31.57455;3254.354;responsability;foster;50%;exponential;-765.86773439318;-20;1.5°C;consumption_based
Uzbekistan;165.7009;52210.754;responsability;foster;50%;exponential;-243.001528853807;0;1.5°C;consumption_based
Vanuatu;0.5712391;534.388;responsability;foster;50%;exponential;38.4722050554938;201.758644181621;1.5°C;consumption_based
Viet Nam;237.3877;110008.908;responsability;foster;50%;exponential;6648.37523801831;83.8996808479489;1.5°C;consumption_based
Yemen;45.34253;70976.403;responsability;foster;50%;exponential;7051.16846101964;465.863129493271;1.5°C;consumption_based
Zambia;39.16851;38083.386;responsability;foster;50%;exponential;3334.16943895638;255.007887555054;1.5°C;consumption_based
Zimbabwe;22.44673;25866.385;responsability;foster;50%;exponential;2128.99886340272;284.135399920403;1.5°C;consumption_based
Afghanistan;36.29291;76885.134;equality;foster;67%;linear;1193.32764090112;65.7609236019442;1.5°C;consumption_based
Albania;10.69817;2240.166;equality;foster;67%;linear;34.7694264018178;6.50006990014512;1.5°C;consumption_based
Algeria;229.2533;59565.554;equality;foster;67%;linear;924.511909334621;8.0654185508747;1.5°C;consumption_based
Andorra;0.7052279;82.195;equality;foster;67%;linear;1.27574162053054;3.6179556155692;1.5°C;consumption_based
Angola;63.06419;74295.394;equality;foster;67%;linear;1153.13250610761;36.570120257078;1.5°C;consumption_based
Argentina;329.7293;48308.943;equality;foster;67%;linear;749.799005157702;4.54796710609401;1.5°C;consumption_based
Armenia;13.76886;2495.207;equality;foster;67%;linear;38.7278961218948;5.62543247907158;1.5°C;consumption_based
Aruba;0.8570806;100.002;equality;foster;67%;linear;1.55212255655812;3.62188236802495;1.5°C;consumption_based
Australia;516.071;32506.969;equality;foster;67%;linear;504.537907544205;1.95530424125442;1.5°C;consumption_based
Austria;104.6011;8724.332;equality;foster;67%;linear;135.409616688685;2.58906678206414;1.5°C;consumption_based
Azerbaijan;61.16201;11224.923;equality;foster;67%;linear;174.221077417732;5.69703570624092;1.5°C;consumption_based
Bahamas;3.216727;424.265;equality;foster;67%;linear;6.58498106496001;4.09421195206184;1.5°C;consumption_based
Bahrain;29.84191;2139.464;equality;foster;67%;linear;33.2064392046565;2.22549020519508;1.5°C;consumption_based
Bangladesh;198.2366;214709.096;equality;foster;67%;linear;3332.48166036482;33.6212552108422;1.5°C;consumption_based
Barbados;4.262979;264.216;equality;foster;67%;linear;4.10087411655327;1.92394760403618;1.5°C;consumption_based
Belarus;37.69015;7453.546;equality;foster;67%;linear;115.685855012335;6.13878453719793;1.5°C;consumption_based
Belgium;135.3539;11870.906;equality;foster;67%;linear;184.247324747316;2.7224531357769;1.5°C;consumption_based
Belize;1.471538;516.627;equality;foster;67%;linear;8.01852382979293;10.8981539447747;1.5°C;consumption_based
Benin;17.1341;24433.809;equality;foster;67%;linear;379.235076213804;44.2667051334828;1.5°C;consumption_based
Bermuda;0;56.937;equality;foster;67%;linear;0.883714345740582;inf;1.5°C;consumption_based
Bhutan;3.675114;882.34;equality;foster;67%;linear;13.6947242710495;7.45267998274312;1.5°C;consumption_based
Bosnia and Herzegovina;26.34888;2455.167;equality;foster;67%;linear;38.1064386793977;2.89245225447136;1.5°C;consumption_based
Botswana;18.26959;3437.43;equality;foster;67%;linear;53.3520593547087;5.84053165448253;1.5°C;consumption_based
Brazil;1077.661;217489.3;equality;foster;67%;linear;3375.63297074095;6.26473997062331;1.5°C;consumption_based
British Virgin Islands;0.2776416;40.34;equality;foster;67%;linear;0.626113717041205;4.51022985778216;1.5°C;consumption_based
Bulgaria;57.15165;5402.217;equality;foster;67%;linear;83.8473516641841;2.93420580732784;1.5°C;consumption_based
Burkina Faso;29.78411;37304.383;equality;foster;67%;linear;578.99816316457;38.8796685994357;1.5°C;consumption_based
Burundi;4.499215;24131.72;equality;foster;67%;linear;374.546378477878;166.494101072244;1.5°C;consumption_based
Cambodia;40.78146;21931.455;equality;foster;67%;linear;340.396252111352;16.6936765928121;1.5°C;consumption_based
Cameroon;38.30513;51096.317;equality;foster;67%;linear;793.061600495432;41.4075921682256;1.5°C;consumption_based
Canada;672.7777;45621.882;equality;foster;67%;linear;708.093359381141;2.10498463127164;1.5°C;consumption_based
Cayman Islands;0;103.958;equality;foster;67%;linear;1.61352329688075;inf;1.5°C;consumption_based
Central African Republic;9.32562;10616.752;equality;foster;67%;linear;164.781706931697;35.339571402587;1.5°C;consumption_based
Chad;49.86327;38857.686;equality;foster;67%;linear;603.106847225582;24.1904250252975;1.5°C;consumption_based
Chile;120.2864;20320.306;equality;foster;67%;linear;315.389745192729;5.24398012065752;1.5°C;consumption_based
China;12046.22;1260289.093;equality;foster;67%;linear;19560.8400734933;3.24763121933574;1.5°C;consumption_based
Colombia;192.7321;59385.356;equality;foster;67%;linear;921.715071466912;9.56472815339959;1.5°C;consumption_based
Congo;20.37865;11006.472;equality;foster;67%;linear;170.830517982894;16.7656363873852;1.5°C;consumption_based
Costa Rica;20.15067;5354.15;equality;foster;67%;linear;83.1013078357999;8.24799451688702;1.5°C;consumption_based
Croatia;23.31505;3234.159;equality;foster;67%;linear;50.1971074118063;4.30598325217457;1.5°C;consumption_based
Cuba;41.99676;9382;equality;foster;67%;linear;145.617225911765;6.93468857653613;1.5°C;consumption_based
Cyprus;10.44542;1508.481;equality;foster;67%;linear;23.4130056022815;4.48292277424583;1.5°C;consumption_based
Denmark;60.05671;6124.838;equality;foster;67%;linear;95.0630908888255;3.16577750891867;1.5°C;consumption_based
Djibouti;1.718966;1530.539;equality;foster;67%;linear;23.7553659486001;27.6391341639103;1.5°C;consumption_based
Dominican Republic;36.86521;12996.293;equality;foster;67%;linear;201.714360882166;10.9433452776841;1.5°C;consumption_based
Ecuador;64.94059;21337.238;equality;foster;67%;linear;331.173460475281;10.1992747671458;1.5°C;consumption_based
Egypt;359.3699;161630.192;equality;foster;67%;linear;2508.64849527029;13.9613723646321;1.5°C;consumption_based
El Salvador;15.27658;6663.345;equality;foster;67%;linear;103.421212342041;13.5398384117441;1.5°C;consumption_based
Eritrea;6.147011;5696.062;equality;foster;67%;linear;88.4080949756361;28.7645800456957;1.5°C;consumption_based
Estonia;12.3808;1174.267;equality;foster;67%;linear;18.225698467249;2.94418752701748;1.5°C;consumption_based
Ethiopia;15.46353;225021.874;equality;foster;67%;linear;3492.54541263554;451.713859983528;1.5°C;consumption_based
Fiji;3.433959;1000.261;equality;foster;67%;linear;15.5249661061317;9.04202182153701;1.5°C;consumption_based
Finland;64.9849;5351.645;equality;foster;67%;linear;83.062427943356;2.55636087593752;1.5°C;consumption_based
France;561.8057;68219.675;equality;foster;67%;linear;1058.8317870499;3.76938784013726;1.5°C;consumption_based
French Polynesia;0;284.75;equality;foster;67%;linear;4.41958058818749;inf;1.5°C;consumption_based
Gabon;14.30998;4084.533;equality;foster;67%;linear;63.3956901092579;8.86034643084867;1.5°C;consumption_based
Gambia;2.508158;4301.896;equality;foster;67%;linear;66.7693627884158;53.2417517464336;1.5°C;consumption_based
Georgia;17.8212;3664.014;equality;foster;67%;linear;56.8688503924396;6.38215725006617;1.5°C;consumption_based
Germany;872.121;78294.613;equality;foster;67%;linear;1215.20404486199;2.78677854302784;1.5°C;consumption_based
Ghana;54.33566;50553.047;equality;foster;67%;linear;784.62955292337;28.8808326952638;1.5°C;consumption_based
Greece;83.41989;8812.07;equality;foster;67%;linear;136.771390741876;3.27910743449497;1.5°C;consumption_based
Greenland;0;49.898;equality;foster;67%;linear;0.774462624018891;inf;1.5°C;consumption_based
Guatemala;40.88083;24670.857;equality;foster;67%;linear;382.914278107636;18.733194903706;1.5°C;consumption_based
Guinea;25.79336;23404.584;equality;foster;67%;linear;363.260562321347;28.1669826902231;1.5°C;consumption_based
Guyana;3.330323;940.608;equality;foster;67%;linear;14.5990969548511;8.76737599016739;1.5°C;consumption_based
Haiti;14.31872;14710.861;equality;foster;67%;linear;228.326025324405;31.8919603602005;1.5°C;consumption_based
Honduras;16.61826;14846.778;equality;foster;67%;linear;230.435581548478;27.7328169794524;1.5°C;consumption_based
Hungary;60.08714;8725.347;equality;foster;67%;linear;135.425370417559;4.50763242908745;1.5°C;consumption_based
Iceland;6.905605;432.993;equality;foster;67%;linear;6.72044761236546;1.94637475278863;1.5°C;consumption_based
India;2949.414;1679589.259;equality;foster;67%;linear;26068.762371219;17.6772486814119;1.5°C;consumption_based
Indonesia;847.1642;320712.949;equality;foster;67%;linear;4977.75846806238;11.7515788983113;1.5°C;consumption_based
Iraq;404.6027;71928.75;equality;foster;67%;linear;1116.40002539979;5.51850012567781;1.5°C;consumption_based
Ireland;58.80573;5970.042;equality;foster;67%;linear;92.6605153076874;3.15141110594792;1.5°C;consumption_based
Israel;96.33576;13092.722;equality;foster;67%;linear;203.211027208903;4.21880778661846;1.5°C;consumption_based
Italy;480.3724;51891.098;equality;foster;67%;linear;805.397328957101;3.35322066362306;1.5°C;consumption_based
Jamaica;12.76953;2454.94;equality;foster;67%;linear;38.1029154316593;5.96778666586151;1.5°C;consumption_based
Japan;1258.371;105123.167;equality;foster;67%;linear;1631.60775502016;2.59320622458744;1.5°C;consumption_based
Jordan;33.45501;16367.355;equality;foster;67%;linear;254.036328140381;15.186743518557;1.5°C;consumption_based
Kazakhstan;260.4604;26544.264;equality;foster;67%;linear;411.991269190953;3.16356167149366;1.5°C;consumption_based
Kenya;79.74114;83593.239;equality;foster;67%;linear;1297.44356940515;32.5413850217128;1.5°C;consumption_based
Kuwait;120.129;6367.756;equality;foster;67%;linear;98.833400554572;1.64545447901126;1.5°C;consumption_based
Kyrgyzstan;24.1211;9642.952;equality;foster;67%;linear;149.667439761277;12.4096695226401;1.5°C;consumption_based
Latvia;16.48173;1513.81;equality;foster;67%;linear;23.4957165591013;2.85112261383985;1.5°C;consumption_based
Lebanon;35.63768;6999.26;equality;foster;67%;linear;108.634920553739;6.09663258403683;1.5°C;consumption_based
Lesotho;4.251056;2993.076;equality;foster;67%;linear;46.455278625355;21.8558770457764;1.5°C;consumption_based
Liberia;4.860882;8910.53;equality;foster;67%;linear;138.299580047277;56.9030805715001;1.5°C;consumption_based
Libya;56.0342;9260.606;equality;foster;67%;linear;143.733079938376;5.13019120245764;1.5°C;consumption_based
Liechtenstein;1.370673;43.013;equality;foster;67%;linear;0.66760112322988;0.974121651524295;1.5°C;consumption_based
Lithuania;26.37468;2258.774;equality;foster;67%;linear;35.0582395908783;2.65847696282027;1.5°C;consumption_based
Luxembourg;8.842451;791.464;equality;foster;67%;linear;12.2842455861254;2.77847071725372;1.5°C;consumption_based
Madagascar;31.88092;53185.475;equality;foster;67%;linear;825.487244542689;51.7856601718325;1.5°C;consumption_based
Malawi;16.42;37361.682;equality;foster;67%;linear;579.887496081594;70.6318509234584;1.5°C;consumption_based
Malaysia;233.1968;44289.772;equality;foster;67%;linear;687.417793104301;5.89560228188638;1.5°C;consumption_based
Maldives;2.901473;589.962;equality;foster;67%;linear;9.15675014211858;6.31179414188488;1.5°C;consumption_based
Mali;73.55506;46154.079;equality;foster;67%;linear;716.353543859777;19.4780221472126;1.5°C;consumption_based
Malta;2.956266;535.722;equality;foster;67%;linear;8.3148957045302;5.62526897412493;1.5°C;consumption_based
Mauritania;8.741203;9415.598;equality;foster;67%;linear;146.138697618883;33.4367472346502;1.5°C;consumption_based
Mauritius;9.153498;1107.197;equality;foster;67%;linear;17.1847106883211;3.75478547945737;1.5°C;consumption_based
Mexico;597.8052;148946.274;equality;foster;67%;linear;2311.78248025726;7.73423342673252;1.5°C;consumption_based
Monaco;1.08342;36.757;equality;foster;67%;linear;0.570502278068507;1.05315072283788;1.5°C;consumption_based
Mongolia;44.70931;4501.493;equality;foster;67%;linear;69.8672908890671;3.12540233293992;1.5°C;consumption_based
Montenegro;4.889849;533.295;equality;foster;67%;linear;8.27722644346776;3.38547322973276;1.5°C;consumption_based
Morocco;84.54553;43440.431;equality;foster;67%;linear;674.235243512196;15.9496366871719;1.5°C;consumption_based
Mozambique;46.50852;63530.951;equality;foster;67%;linear;986.058499696893;42.4033488787385;1.5°C;consumption_based
Myanmar;76.01056;58623.231;equality;foster;67%;linear;909.886194010293;23.9410469811114;1.5°C;consumption_based
Namibia;15.53063;4512.3;equality;foster;67%;linear;70.0350254190637;9.01895485489819;1.5°C;consumption_based
Nepal;51.71283;34642.027;equality;foster;67%;linear;537.675961596723;20.7946833154063;1.5°C;consumption_based
Netherlands;199.7464;18958.475;equality;foster;67%;linear;294.252881796796;2.94626468158421;1.5°C;consumption_based
New Caledonia;0;340.581;equality;foster;67%;linear;5.28612880177518;inf;1.5°C;consumption_based
New Zealand;79.7114;5755.288;equality;foster;67%;linear;89.3273366961488;2.24126879458017;1.5°C;consumption_based
Nicaragua;16.31699;8756.43;equality;foster;67%;linear;135.907807023082;16.6584409285146;1.5°C;consumption_based
Niger;34.38707;52513.876;equality;foster;67%;linear;815.063413450692;47.4052260603007;1.5°C;consumption_based
Nigeria;449.8309;359185.556;equality;foster;67%;linear;5574.88853680396;24.7865966379987;1.5°C;consumption_based
Norway;76.82043;5899.829;equality;foster;67%;linear;91.5707452924516;2.38402063858407;1.5°C;consumption_based
Oman;65.19586;7827.002;equality;foster;67%;linear;121.482233899577;3.7266855257244;1.5°C;consumption_based
Pakistan;578.9303;371863.793;equality;foster;67%;linear;5771.66637749805;19.939071689625;1.5°C;consumption_based
Panama;21.22502;5630.68;equality;foster;67%;linear;87.3933065014768;8.23493278229908;1.5°C;consumption_based
Papua New Guinea;17.17362;14906.59;equality;foster;67%;linear;231.363918525267;26.9441059631303;1.5°C;consumption_based
Paraguay;29.96962;8640.464;equality;foster;67%;linear;134.107908577113;8.94959019014005;1.5°C;consumption_based
Peru;99.16215;40583.876;equality;foster;67%;linear;629.898895743663;12.7044219138787;1.5°C;consumption_based
Philippines;260.8678;134373.439;equality;foster;67%;linear;2085.59874476697;15.9896985735071;1.5°C;consumption_based
Poland;340.3965;32814.096;equality;foster;67%;linear;509.304799650643;2.99242089534201;1.5°C;consumption_based
Portugal;63.02308;9770.27;equality;foster;67%;linear;151.643531635998;4.81231738074364;1.5°C;consumption_based
Qatar;162.3337;4164.46;equality;foster;67%;linear;64.6362302942344;0.79633779423785;1.5°C;consumption_based
Romania;116.8046;16027.266;equality;foster;67%;linear;248.757835628858;4.2593842302248;1.5°C;consumption_based
Rwanda;8.712675;22707.91;equality;foster;67%;linear;352.447544282032;80.9045544065471;1.5°C;consumption_based
Samoa;0.6925006;272.726;equality;foster;67%;linear;4.23295710445661;12.225136279901;1.5°C;consumption_based
San Marino;0.566147;33.696;equality;foster;67%;linear;0.522992756802688;1.84755110175516;1.5°C;consumption_based
Sao Tome and Principe;0.2998609;365.115;equality;foster;67%;linear;5.6669189339985;37.7969847619246;1.5°C;consumption_based
Saudi Arabia;703.8256;47693.909;equality;foster;67%;linear;740.253114631011;2.10351290044298;1.5°C;consumption_based
Senegal;28.29428;30364.954;equality;foster;67%;linear;471.291874485008;33.3135795987746;1.5°C;consumption_based
Serbia;73.73461;5532.87;equality;foster;67%;linear;85.8752057909215;2.32930521476743;1.5°C;consumption_based
Seychelles;0.9971907;141.747;equality;foster;67%;linear;2.20004315938125;4.41248230530279;1.5°C;consumption_based
Sierra Leone;7.612386;12948.325;equality;foster;67%;linear;200.969853624382;52.8007522541242;1.5°C;consumption_based
Singapore;98.39144;6081.692;equality;foster;67%;linear;94.393425483881;1.91873247274115;1.5°C;consumption_based
Slovakia;47.49821;4936.488;equality;foster;67%;linear;76.6188113735574;3.22617679165414;1.5°C;consumption_based
Slovenia;16.40035;1981.553;equality;foster;67%;linear;30.7555159728347;3.75059263647845;1.5°C;consumption_based
Somalia;27.54213;37206.512;equality;foster;67%;linear;577.479115678191;41.9342378877879;1.5°C;consumption_based
South Africa;442.3963;79177.328;equality;foster;67%;linear;1228.90458947622;5.55567299941803;1.5°C;consumption_based
South Sudan;0;18341.974;equality;foster;67%;linear;284.684222087584;inf;1.5°C;consumption_based
Spain;347.0203;44928.558;equality;foster;67%;linear;697.33233640757;4.01897143427961;1.5°C;consumption_based
Sri Lanka;52.34435;24813.69;equality;foster;67%;linear;385.131176980867;14.7152912198114;1.5°C;consumption_based
Sudan;0;85206.383;equality;foster;67%;linear;1322.48104054949;inf;1.5°C;consumption_based
Suriname;3.667079;733.905;equality;foster;67%;linear;11.3908772311633;6.21250713778637;1.5°C;consumption_based
Sweden;98.71911;11309.63;equality;foster;67%;linear;175.535807577113;3.5562680331521;1.5°C;consumption_based
Switzerland;98.65993;9342.586;equality;foster;67%;linear;145.00548456215;2.93950106313982;1.5°C;consumption_based
Tajikistan;16.7698;15574.642;equality;foster;67%;linear;241.732696931236;28.8295265216325;1.5°C;consumption_based
Thailand;283.2797;66382.735;equality;foster;67%;linear;1030.32079717926;7.27422965485532;1.5°C;consumption_based
Togo;13.54584;15584.778;equality;foster;67%;linear;241.890016927169;35.7142882135281;1.5°C;consumption_based
Trinidad and Tobago;32.59566;1399.8;equality;foster;67%;linear;21.7261770231601;1.33307176618974;1.5°C;consumption_based
Tunisia;31.10463;13145.141;equality;foster;67%;linear;204.024618060008;13.1186011895984;1.5°C;consumption_based
Turkmenistan;101.6677;9639.708;equality;foster;67%;linear;149.61708991254;2.94325709960075;1.5°C;consumption_based
Uganda;50.1081;85431.202;equality;foster;67%;linear;1325.97043717199;52.9243949450085;1.5°C;consumption_based
Ukraine;252.1204;31990.132;equality;foster;67%;linear;496.516124322231;3.93872232728673;1.5°C;consumption_based
Uruguay;31.57455;3254.354;equality;foster;67%;linear;50.5105522932056;3.19944716825453;1.5°C;consumption_based
Uzbekistan;165.7009;52210.754;equality;foster;67%;linear;810.358682609419;9.78098106418757;1.5°C;consumption_based
Vanuatu;0.5712391;534.388;equality;foster;67%;linear;8.29419080372374;29.039296517776;1.5°C;consumption_based
Viet Nam;237.3877;110008.908;equality;foster;67%;linear;1707.43892651274;14.3852350101774;1.5°C;consumption_based
Yemen;45.34253;70976.403;equality;foster;67%;linear;1101.61872842203;48.5909687184207;1.5°C;consumption_based
Zambia;39.16851;38083.386;equality;foster;67%;linear;591.089002627045;30.1818477459084;1.5°C;consumption_based
Zimbabwe;22.44673;25866.385;equality;foster;67%;linear;401.469966751831;35.7709088808776;1.5°C;consumption_based
Afghanistan;36.29291;76885.134;equality;foster;67%;exponential;1193.32764090112;98.5010605865313;1.5°C;consumption_based
Albania;10.69817;2240.166;equality;foster;67%;exponential;34.7694264018178;9.7362345901108;1.5°C;consumption_based
Algeria;229.2533;59565.554;equality;foster;67%;exponential;924.511909334621;12.0809173262882;1.5°C;consumption_based
Andorra;0.7052279;82.195;equality;foster;67%;exponential;1.27574162053054;5.41921320092327;1.5°C;consumption_based
Angola;63.06419;74295.394;equality;foster;67%;exponential;1153.13250610761;54.7771447509395;1.5°C;consumption_based
Argentina;329.7293;48308.943;equality;foster;67%;exponential;749.799005157702;6.81224591939389;1.5°C;consumption_based
Armenia;13.76886;2495.207;equality;foster;67%;exponential;38.7278961218948;8.42614481512678;1.5°C;consumption_based
Aruba;0.8570806;100.002;equality;foster;67%;exponential;1.55212255655812;5.42509495045424;1.5°C;consumption_based
Australia;516.071;32506.969;equality;foster;67%;exponential;504.537907544205;2.92878401007143;1.5°C;consumption_based
Austria;104.6011;8724.332;equality;foster;67%;exponential;135.409616688685;3.87807545870805;1.5°C;consumption_based
Azerbaijan;61.16201;11224.923;equality;foster;67%;exponential;174.221077417732;8.53339686438769;1.5°C;consumption_based
Bahamas;3.216727;424.265;equality;foster;67%;exponential;6.58498106496001;6.13258143978107;1.5°C;consumption_based
Bahrain;29.84191;2139.464;equality;foster;67%;exponential;33.2064392046565;3.3334864160906;1.5°C;consumption_based
Bangladesh;198.2366;214709.096;equality;foster;67%;exponential;3332.48166036482;50.3601396562576;1.5°C;consumption_based
Barbados;4.262979;264.216;equality;foster;67%;exponential;4.10087411655327;2.88181596501903;1.5°C;consumption_based
Belarus;37.69015;7453.546;equality;foster;67%;exponential;115.685855012335;9.19507747923902;1.5°C;consumption_based
Belgium;135.3539;11870.906;equality;foster;67%;exponential;184.247324747316;4.07787036104256;1.5°C;consumption_based
Belize;1.471538;516.627;equality;foster;67%;exponential;8.01852382979293;16.3239757472606;1.5°C;consumption_based
Benin;17.1341;24433.809;equality;foster;67%;exponential;379.235076213804;66.3055986061363;1.5°C;consumption_based
Bermuda;0;56.937;equality;foster;67%;exponential;0.883714345740582;inf;1.5°C;consumption_based
Bhutan;3.675114;882.34;equality;foster;67%;exponential;13.6947242710495;11.1631169743867;1.5°C;consumption_based
Bosnia and Herzegovina;26.34888;2455.167;equality;foster;67%;exponential;38.1064386793977;4.33250628421693;1.5°C;consumption_based
Botswana;18.26959;3437.43;equality;foster;67%;exponential;53.3520593547087;8.74833458602349;1.5°C;consumption_based
Brazil;1077.661;217489.3;equality;foster;67%;exponential;3375.63297074095;9.38374185770997;1.5°C;consumption_based
British Virgin Islands;0.2776416;40.34;equality;foster;67%;exponential;0.626113717041205;6.75572057305241;1.5°C;consumption_based
Bulgaria;57.15165;5402.217;equality;foster;67%;exponential;83.8473516641841;4.39504751713078;1.5°C;consumption_based
Burkina Faso;29.78411;37304.383;equality;foster;67%;exponential;578.99816316457;58.2365390042066;1.5°C;consumption_based
Burundi;4.499215;24131.72;equality;foster;67%;exponential;374.546378477878;249.38587596924;1.5°C;consumption_based
Cambodia;40.78146;21931.455;equality;foster;67%;exponential;340.396252111352;25.00489286668;1.5°C;consumption_based
Cameroon;38.30513;51096.317;equality;foster;67%;exponential;793.061600495432;62.0230301142574;1.5°C;consumption_based
Canada;672.7777;45621.882;equality;foster;67%;exponential;708.093359381141;3.1529851976178;1.5°C;consumption_based
Cayman Islands;0;103.958;equality;foster;67%;exponential;1.61352329688075;inf;1.5°C;consumption_based
Central African Republic;9.32562;10616.752;equality;foster;67%;exponential;164.781706931697;52.9339472921478;1.5°C;consumption_based
Chad;49.86327;38857.686;equality;foster;67%;exponential;603.106847225582;36.2340184796359;1.5°C;consumption_based
Chile;120.2864;20320.306;equality;foster;67%;exponential;315.389745192729;7.85478024466464;1.5°C;consumption_based
China;12046.22;1260289.093;equality;foster;67%;exponential;19560.8400734933;4.86451682818279;1.5°C;consumption_based
Colombia;192.7321;59385.356;equality;foster;67%;exponential;921.715071466912;14.3266824084548;1.5°C;consumption_based
Congo;20.37865;11006.472;equality;foster;67%;exponential;170.830517982894;25.1126790061805;1.5°C;consumption_based
Costa Rica;20.15067;5354.15;equality;foster;67%;exponential;83.1013078357999;12.3543916831674;1.5°C;consumption_based
Croatia;23.31505;3234.159;equality;foster;67%;exponential;50.1971074118063;6.44978649896116;1.5°C;consumption_based
Cuba;41.99676;9382;equality;foster;67%;exponential;145.617225911765;10.3872351878877;1.5°C;consumption_based
Cyprus;10.44542;1508.481;equality;foster;67%;exponential;23.4130056022815;6.71481821732922;1.5°C;consumption_based
Denmark;60.05671;6124.838;equality;foster;67%;exponential;95.0630908888255;4.74191092717951;1.5°C;consumption_based
Djibouti;1.718966;1530.539;equality;foster;67%;exponential;23.7553659486001;41.3997231139574;1.5°C;consumption_based
Dominican Republic;36.86521;12996.293;equality;foster;67%;exponential;201.714360882166;16.3916663145015;1.5°C;consumption_based
Ecuador;64.94059;21337.238;equality;foster;67%;exponential;331.173460475281;15.2771482933918;1.5°C;consumption_based
Egypt;359.3699;161630.192;equality;foster;67%;exponential;2508.64849527029;20.9122668879165;1.5°C;consumption_based
El Salvador;15.27658;6663.345;equality;foster;67%;exponential;103.421212342041;20.2808654543839;1.5°C;consumption_based
Eritrea;6.147011;5696.062;equality;foster;67%;exponential;88.4080949756361;43.0854903890589;1.5°C;consumption_based
Estonia;12.3808;1174.267;equality;foster;67%;exponential;18.225698467249;4.40999879704069;1.5°C;consumption_based
Ethiopia;15.46353;225021.874;equality;foster;67%;exponential;3492.54541263554;676.606894382151;1.5°C;consumption_based
Fiji;3.433959;1000.261;equality;foster;67%;exponential;15.5249661061317;13.5437382944789;1.5°C;consumption_based
Finland;64.9849;5351.645;equality;foster;67%;exponential;83.062427943356;3.82908638944838;1.5°C;consumption_based
France;561.8057;68219.675;equality;foster;67%;exponential;1058.8317870499;5.64603840212058;1.5°C;consumption_based
French Polynesia;0;284.75;equality;foster;67%;exponential;4.41958058818749;inf;1.5°C;consumption_based
Gabon;14.30998;4084.533;equality;foster;67%;exponential;63.3956901092579;13.2716128788811;1.5°C;consumption_based
Gambia;2.508158;4301.896;equality;foster;67%;exponential;66.7693627884158;79.7490170036704;1.5°C;consumption_based
Georgia;17.8212;3664.014;equality;foster;67%;exponential;56.8688503924396;9.5596172244599;1.5°C;consumption_based
Germany;872.121;78294.613;equality;foster;67%;exponential;1215.20404486199;4.17422121029813;1.5°C;consumption_based
Ghana;54.33566;50553.047;equality;foster;67%;exponential;784.62955292337;43.2596212961576;1.5°C;consumption_based
Greece;83.41989;8812.07;equality;foster;67%;exponential;136.771390741876;4.91166398498371;1.5°C;consumption_based
Greenland;0;49.898;equality;foster;67%;exponential;0.774462624018891;inf;1.5°C;consumption_based
Guatemala;40.88083;24670.857;equality;foster;67%;exponential;382.914278107636;28.0598182799046;1.5°C;consumption_based
Guinea;25.79336;23404.584;equality;foster;67%;exponential;363.260562321347;42.190369546869;1.5°C;consumption_based
Guyana;3.330323;940.608;equality;foster;67%;exponential;14.5990969548511;13.1323556040634;1.5°C;consumption_based
Haiti;14.31872;14710.861;equality;foster;67%;exponential;228.326025324405;47.7698874589786;1.5°C;consumption_based
Honduras;16.61826;14846.778;equality;foster;67%;exponential;230.435581548478;41.5400474309559;1.5°C;consumption_based
Hungary;60.08714;8725.347;equality;foster;67%;exponential;135.425370417559;6.75182997256793;1.5°C;consumption_based
Iceland;6.905605;432.993;equality;foster;67%;exponential;6.72044761236546;2.91540883167978;1.5°C;consumption_based
India;2949.414;1679589.259;equality;foster;67%;exponential;26068.762371219;26.4781521912727;1.5°C;consumption_based
Indonesia;847.1642;320712.949;equality;foster;67%;exponential;4977.75846806238;17.6022920854436;1.5°C;consumption_based
Iraq;404.6027;71928.75;equality;foster;67%;exponential;1116.40002539979;8.26597446405239;1.5°C;consumption_based
Ireland;58.80573;5970.042;equality;foster;67%;exponential;92.6605153076874;4.72039197866233;1.5°C;consumption_based
Israel;96.33576;13092.722;equality;foster;67%;exponential;203.211027208903;6.31920932114689;1.5°C;consumption_based
Italy;480.3724;51891.098;equality;foster;67%;exponential;805.397328957101;5.02267568118186;1.5°C;consumption_based
Jamaica;12.76953;2454.94;equality;foster;67%;exponential;38.1029154316593;8.93894555830325;1.5°C;consumption_based
Japan;1258.371;105123.167;equality;foster;67%;exponential;1631.60775502016;3.88427578948885;1.5°C;consumption_based
Jordan;33.45501;16367.355;equality;foster;67%;exponential;254.036328140381;22.7477088443641;1.5°C;consumption_based
Kazakhstan;260.4604;26544.264;equality;foster;67%;exponential;411.991269190953;4.73859189933598;1.5°C;consumption_based
Kenya;79.74114;83593.239;equality;foster;67%;exponential;1297.44356940515;48.7426386678457;1.5°C;consumption_based
Kuwait;120.129;6367.756;equality;foster;67%;exponential;98.833400554572;2.464670543719;1.5°C;consumption_based
Kyrgyzstan;24.1211;9642.952;equality;foster;67%;exponential;149.667439761277;18.5880237465562;1.5°C;consumption_based
Latvia;16.48173;1513.81;equality;foster;67%;exponential;23.4957165591013;4.27060001506982;1.5°C;consumption_based
Lebanon;35.63768;6999.26;equality;foster;67%;exponential;108.634920553739;9.131939496;1.5°C;consumption_based
Lesotho;4.251056;2993.076;equality;foster;67%;exponential;46.455278625355;32.7371781164301;1.5°C;consumption_based
Liberia;4.860882;8910.53;equality;foster;67%;exponential;138.299580047277;85.233197466343;1.5°C;consumption_based
Libya;56.0342;9260.606;equality;foster;67%;exponential;143.733079938376;7.68433967735255;1.5°C;consumption_based
Liechtenstein;1.370673;43.013;equality;foster;67%;exponential;0.66760112322988;1.45910383491952;1.5°C;consumption_based
Lithuania;26.37468;2258.774;equality;foster;67%;exponential;35.0582395908783;3.98204261801024;1.5°C;consumption_based
Luxembourg;8.842451;791.464;equality;foster;67%;exponential;12.2842455861254;4.16177719940084;1.5°C;consumption_based
Madagascar;31.88092;53185.475;equality;foster;67%;exponential;825.487244542689;77.5679867420291;1.5°C;consumption_based
Malawi;16.42;37361.682;equality;foster;67%;exponential;579.887496081594;105.797057676129;1.5°C;consumption_based
Malaysia;233.1968;44289.772;equality;foster;67%;exponential;687.417793104301;8.83082301394279;1.5°C;consumption_based
Maldives;2.901473;589.962;equality;foster;67%;exponential;9.15675014211858;9.45422270743678;1.5°C;consumption_based
Mali;73.55506;46154.079;equality;foster;67%;exponential;716.353543859777;29.1754697857021;1.5°C;consumption_based
Malta;2.956266;535.722;equality;foster;67%;exponential;8.3148957045302;8.425899906604;1.5°C;consumption_based
Mauritania;8.741203;9415.598;equality;foster;67%;exponential;146.138697618883;50.0837714067543;1.5°C;consumption_based
Mauritius;9.153498;1107.197;equality;foster;67%;exponential;17.1847106883211;5.62416602054117;1.5°C;consumption_based
Mexico;597.8052;148946.274;equality;foster;67%;exponential;2311.78248025726;11.5848463438313;1.5°C;consumption_based
Monaco;1.08342;36.757;equality;foster;67%;exponential;0.570502278068507;1.57747880466107;1.5°C;consumption_based
Mongolia;44.70931;4501.493;equality;foster;67%;exponential;69.8672908890671;4.68143431831453;1.5°C;consumption_based
Montenegro;4.889849;533.295;equality;foster;67%;exponential;8.27722644346776;5.07098570778175;1.5°C;consumption_based
Morocco;84.54553;43440.431;equality;foster;67%;exponential;674.235243512196;23.8904206876108;1.5°C;consumption_based
Mozambique;46.50852;63530.951;equality;foster;67%;exponential;986.058499696893;63.5145403714031;1.5°C;consumption_based
Myanmar;76.01056;58623.231;equality;foster;67%;exponential;909.886194010293;35.8604835519938;1.5°C;consumption_based
Namibia;15.53063;4512.3;equality;foster;67%;exponential;70.0350254190637;13.5091870662725;1.5°C;consumption_based
Nepal;51.71283;34642.027;equality;foster;67%;exponential;537.675961596723;31.1476519631487;1.5°C;consumption_based
Netherlands;199.7464;18958.475;equality;foster;67%;exponential;294.252881796796;4.41311009652705;1.5°C;consumption_based
New Caledonia;0;340.581;equality;foster;67%;exponential;5.28612880177518;inf;1.5°C;consumption_based
New Zealand;79.7114;5755.288;equality;foster;67%;exponential;89.3273366961488;3.35712063081663;1.5°C;consumption_based
Nicaragua;16.31699;8756.43;equality;foster;67%;exponential;135.907807023082;24.952114558322;1.5°C;consumption_based
Niger;34.38707;52513.876;equality;foster;67%;exponential;815.063413450692;71.0066828219827;1.5°C;consumption_based
Nigeria;449.8309;359185.556;equality;foster;67%;exponential;5574.88853680396;37.1270037500088;1.5°C;consumption_based
Norway;76.82043;5899.829;equality;foster;67%;exponential;91.5707452924516;3.57094378391255;1.5°C;consumption_based
Oman;65.19586;7827.002;equality;foster;67%;exponential;121.482233899577;5.58207605139955;1.5°C;consumption_based
Pakistan;578.9303;371863.793;equality;foster;67%;exponential;5771.66637749805;29.8660602826581;1.5°C;consumption_based
Panama;21.22502;5630.68;equality;foster;67%;exponential;87.3933065014768;12.3348269532405;1.5°C;consumption_based
Papua New Guinea;17.17362;14906.59;equality;foster;67%;exponential;231.363918525267;40.3586639079039;1.5°C;consumption_based
Paraguay;29.96962;8640.464;equality;foster;67%;exponential;134.107908577113;13.4052880838424;1.5°C;consumption_based
Peru;99.16215;40583.876;equality;foster;67%;exponential;629.898895743663;19.0295233721265;1.5°C;consumption_based
Philippines;260.8678;134373.439;equality;foster;67%;exponential;2085.59874476697;23.9504280305277;1.5°C;consumption_based
Poland;340.3965;32814.096;equality;foster;67%;exponential;509.304799650643;4.48224592611669;1.5°C;consumption_based
Portugal;63.02308;9770.27;equality;foster;67%;exponential;151.643531635998;7.20820724403926;1.5°C;consumption_based
Qatar;162.3337;4164.46;equality;foster;67%;exponential;64.6362302942344;1.19280741542456;1.5°C;consumption_based
Romania;116.8046;16027.266;equality;foster;67%;exponential;248.757835628858;6.37998740197568;1.5°C;consumption_based
Rwanda;8.712675;22707.91;equality;foster;67%;exponential;352.447544282032;121.184192356599;1.5°C;consumption_based
Samoa;0.6925006;272.726;equality;foster;67%;exponential;4.23295710445661;18.3116176511476;1.5°C;consumption_based
San Marino;0.566147;33.696;equality;foster;67%;exponential;0.522992756802688;2.76738423128408;1.5°C;consumption_based
Sao Tome and Principe;0.2998609;365.115;equality;foster;67%;exponential;5.6669189339985;56.614823547163;1.5°C;consumption_based
Saudi Arabia;703.8256;47693.909;equality;foster;67%;exponential;740.253114631011;3.1507807418471;1.5°C;consumption_based
Senegal;28.29428;30364.954;equality;foster;67%;exponential;471.291874485008;49.8992827758294;1.5°C;consumption_based
Serbia;73.73461;5532.87;equality;foster;67%;exponential;85.8752057909215;3.4889874034182;1.5°C;consumption_based
Seychelles;0.9971907;141.747;equality;foster;67%;exponential;2.20004315938125;6.60930782424074;1.5°C;consumption_based
Sierra Leone;7.612386;12948.325;equality;foster;67%;exponential;200.969853624382;79.0884587978043;1.5°C;consumption_based
Singapore;98.39144;6081.692;equality;foster;67%;exponential;94.393425483881;2.87400439645335;1.5°C;consumption_based
Slovakia;47.49821;4936.488;equality;foster;67%;exponential;76.6188113735574;4.83238096747459;1.5°C;consumption_based
Slovenia;16.40035;1981.553;equality;foster;67%;exponential;30.7555159728347;5.61788570302622;1.5°C;consumption_based
Somalia;27.54213;37206.512;equality;foster;67%;exponential;577.479115678191;62.8118749036684;1.5°C;consumption_based
South Africa;442.3963;79177.328;equality;foster;67%;exponential;1228.90458947622;8.32165445283454;1.5°C;consumption_based
South Sudan;0;18341.974;equality;foster;67%;exponential;284.684222087584;inf;1.5°C;consumption_based
Spain;347.0203;44928.558;equality;foster;67%;exponential;697.33233640757;6.01988121608149;1.5°C;consumption_based
Sri Lanka;52.34435;24813.69;equality;foster;67%;exponential;385.131176980867;22.0415364109673;1.5°C;consumption_based
Sudan;0;85206.383;equality;foster;67%;exponential;1322.48104054949;inf;1.5°C;consumption_based
Suriname;3.667079;733.905;equality;foster;67%;exponential;11.3908772311633;9.30550406617558;1.5°C;consumption_based
Sweden;98.71911;11309.63;equality;foster;67%;exponential;175.535807577113;5.32681346016105;1.5°C;consumption_based
Switzerland;98.65993;9342.586;equality;foster;67%;exponential;145.00548456215;4.4029791014971;1.5°C;consumption_based
Tajikistan;16.7698;15574.642;equality;foster;67%;exponential;241.732696931236;43.1827715160676;1.5°C;consumption_based
Thailand;283.2797;66382.735;equality;foster;67%;exponential;1030.32079717926;10.8958222711468;1.5°C;consumption_based
Togo;13.54584;15584.778;equality;foster;67%;exponential;241.890016927169;53.4952229141376;1.5°C;consumption_based
Trinidad and Tobago;32.59566;1399.8;equality;foster;67%;exponential;21.7261770231601;1.99676305646911;1.5°C;consumption_based
Tunisia;31.10463;13145.141;equality;foster;67%;exponential;204.024618060008;19.6499084837818;1.5°C;consumption_based
Turkmenistan;101.6677;9639.708;equality;foster;67%;exponential;149.61708991254;4.40860514132044;1.5°C;consumption_based
Uganda;50.1081;85431.202;equality;foster;67%;exponential;1325.97043717199;79.2736589975397;1.5°C;consumption_based
Ukraine;252.1204;31990.132;equality;foster;67%;exponential;496.516124322231;5.89967879621027;1.5°C;consumption_based
Uruguay;31.57455;3254.354;equality;foster;67%;exponential;50.5105522932056;4.79234356973551;1.5°C;consumption_based
Uzbekistan;165.7009;52210.754;equality;foster;67%;exponential;810.358682609419;14.6506003205036;1.5°C;consumption_based
Vanuatu;0.5712391;534.388;equality;foster;67%;exponential;8.29419080372374;43.4969788898027;1.5°C;consumption_based
Viet Nam;237.3877;110008.908;equality;foster;67%;exponential;1707.43892651274;21.5471563913235;1.5°C;consumption_based
Yemen;45.34253;70976.403;equality;foster;67%;exponential;1101.61872842203;72.7827665965126;1.5°C;consumption_based
Zambia;39.16851;38083.386;equality;foster;67%;exponential;591.089002627045;45.2083676839552;1.5°C;consumption_based
Zimbabwe;22.44673;25866.385;equality;foster;67%;exponential;401.469966751831;53.5800330944021;1.5°C;consumption_based
Afghanistan;36.29291;76885.134;responsability;foster;67%;linear;7172.10511223762;395.234502399373;1.5°C;consumption_based
Albania;10.69817;2240.166;responsability;foster;67%;linear;-76.585647349885;-6;1.5°C;consumption_based
Algeria;229.2533;59565.554;responsability;foster;67%;linear;1866.08584325144;16.2796857733471;1.5°C;consumption_based
Andorra;0.7052279;82.195;responsability;foster;67%;linear;-23.3939937615872;-22;1.5°C;consumption_based
Angola;63.06419;74295.394;responsability;foster;67%;linear;5783.4702825569;183.415351328762;1.5°C;consumption_based
Argentina;329.7293;48308.943;responsability;foster;67%;linear;-4797.15519018033;-13;1.5°C;consumption_based
Armenia;13.76886;2495.207;responsability;foster;67%;linear;-144.927146582143;-11;1.5°C;consumption_based
Aruba;0.8570806;100.002;responsability;foster;67%;linear;-47.3007506703114;-23;1.5°C;consumption_based
Australia;516.071;32506.969;responsability;foster;67%;linear;-13230.9936117114;-24;1.5°C;consumption_based
Austria;104.6011;8724.332;responsability;foster;67%;linear;-2858.89636883878;-23;1.5°C;consumption_based
Azerbaijan;61.16201;11224.923;responsability;foster;67%;linear;-687.744971801405;-10;1.5°C;consumption_based
Bahamas;3.216727;424.265;responsability;foster;67%;linear;-83.8308078537296;-21;1.5°C;consumption_based
Bahrain;29.84191;2139.464;responsability;foster;67%;linear;-850.62593137498;-24;1.5°C;consumption_based
Bangladesh;198.2366;214709.096;responsability;foster;67%;linear;18527.1869819959;186.919942957011;1.5°C;consumption_based
Barbados;4.262979;264.216;responsability;foster;67%;linear;-151.993392303188;-26;1.5°C;consumption_based
Belarus;37.69015;7453.546;responsability;foster;67%;linear;552.424194876221;29.3139822938471;1.5°C;consumption_based
Belgium;135.3539;11870.906;responsability;foster;67%;linear;-3318.37294073626;-23;1.5°C;consumption_based
Belize;1.471538;516.627;responsability;foster;67%;linear;5.96579817752878;8.10824888997604;1.5°C;consumption_based
Benin;17.1341;24433.809;responsability;foster;67%;linear;2162.07578982119;252.371095046859;1.5°C;consumption_based
Bermuda;0;56.937;responsability;foster;67%;linear;5.88932702446631;inf;1.5°C;consumption_based
Bhutan;3.675114;882.34;responsability;foster;67%;linear;21.3510294006464;11.6192474032895;1.5°C;consumption_based
Bosnia and Herzegovina;26.34888;2455.167;responsability;foster;67%;linear;-459.499070039362;-17;1.5°C;consumption_based
Botswana;18.26959;3437.43;responsability;foster;67%;linear;-290.189694141222;-12;1.5°C;consumption_based
Brazil;1077.661;217489.3;responsability;foster;67%;linear;-7286.15706247852;-5;1.5°C;consumption_based
British Virgin Islands;0.2776416;40.34;responsability;foster;67%;linear;-10.6649706876079;-22;1.5°C;consumption_based
Bulgaria;57.15165;5402.217;responsability;foster;67%;linear;-1107.90852958794;-20;1.5°C;consumption_based
Burkina Faso;29.78411;37304.383;responsability;foster;67%;linear;3252.25197996241;218.388394346006;1.5°C;consumption_based
Burundi;4.499215;24131.72;responsability;foster;67%;linear;2385.91047015537;1060.58966737769;1.5°C;consumption_based
Cambodia;40.78146;21931.455;responsability;foster;67%;linear;1376.40701237924;67.5016055030516;1.5°C;consumption_based
Cameroon;38.30513;51096.317;responsability;foster;67%;linear;4240.8651703939;221.425441991394;1.5°C;consumption_based
Canada;672.7777;45621.882;responsability;foster;67%;linear;-18196.9835302753;-24;1.5°C;consumption_based
Cayman Islands;0;103.958;responsability;foster;67%;linear;10.7529841545826;inf;1.5°C;consumption_based
Central African Republic;9.32562;10616.752;responsability;foster;67%;linear;518.682445515583;111.238168725636;1.5°C;consumption_based
Chad;49.86327;38857.686;responsability;foster;67%;linear;3160.52928597568;126.767830748993;1.5°C;consumption_based
Chile;120.2864;20320.306;responsability;foster;67%;linear;-857.482454846675;-6;1.5°C;consumption_based
China;12046.22;1260289.093;responsability;foster;67%;linear;-105308.733689007;-8;1.5°C;consumption_based
Colombia;192.7321;59385.356;responsability;foster;67%;linear;1285.71040984865;13.3419436601235;1.5°C;consumption_based
Congo;20.37865;11006.472;responsability;foster;67%;linear;688.947936203572;67.6146787155746;1.5°C;consumption_based
Costa Rica;20.15067;5354.15;responsability;foster;67%;linear;12.7037853822346;1.26087970099601;1.5°C;consumption_based
Croatia;23.31505;3234.159;responsability;foster;67%;linear;-648.185482924444;-20;1.5°C;consumption_based
Cuba;41.99676;9382;responsability;foster;67%;linear;-465.338539859618;-10;1.5°C;consumption_based
Cyprus;10.44542;1508.481;responsability;foster;67%;linear;-257.75740568142;-18;1.5°C;consumption_based
Denmark;60.05671;6124.838;responsability;foster;67%;linear;-2051.28092180606;-24;1.5°C;consumption_based
Djibouti;1.718966;1530.539;responsability;foster;67%;linear;101.63009531067;118.245614294489;1.5°C;consumption_based
Dominican Republic;36.86521;12996.293;responsability;foster;67%;linear;404.079050840268;21.9219720077693;1.5°C;consumption_based
Ecuador;64.94059;21337.238;responsability;foster;67%;linear;471.841981555219;14.5314966049806;1.5°C;consumption_based
Egypt;359.3699;161630.192;responsability;foster;67%;linear;8354.45248890841;46.495004110853;1.5°C;consumption_based
El Salvador;15.27658;6663.345;responsability;foster;67%;linear;213.334888782153;27.9296660354809;1.5°C;consumption_based
Eritrea;6.147011;5696.062;responsability;foster;67%;linear;410.772105925701;133.649380463351;1.5°C;consumption_based
Estonia;12.3808;1174.267;responsability;foster;67%;linear;-453.255214047123;-27;1.5°C;consumption_based
Ethiopia;15.46353;225021.874;responsability;foster;67%;linear;22890.3531700673;2960.55986829234;1.5°C;consumption_based
Fiji;3.433959;1000.261;responsability;foster;67%;linear;8.67907633687575;5.0548514626271;1.5°C;consumption_based
Finland;64.9849;5351.645;responsability;foster;67%;linear;-2016.38311742347;-25;1.5°C;consumption_based
France;561.8057;68219.675;responsability;foster;67%;linear;-15893.5738900924;-22;1.5°C;consumption_based
French Polynesia;0;284.75;responsability;foster;67%;linear;29.4533584526192;inf;1.5°C;consumption_based
Gabon;14.30998;4084.533;responsability;foster;67%;linear;-101.327794923434;-5;1.5°C;consumption_based
Gambia;2.508158;4301.896;responsability;foster;67%;linear;378.869106866159;302.109441961917;1.5°C;consumption_based
Georgia;17.8212;3664.014;responsability;foster;67%;linear;-345.400345373432;-17;1.5°C;consumption_based
Germany;872.121;78294.613;responsability;foster;67%;linear;-27872.2603085229;-25;1.5°C;consumption_based
Ghana;54.33566;50553.047;responsability;foster;67%;linear;4354.02538584937;160.264010259537;1.5°C;consumption_based
Greece;83.41989;8812.07;responsability;foster;67%;linear;-4067.38492418061;-25;1.5°C;consumption_based
Greenland;0;49.898;responsability;foster;67%;linear;5.16124207223457;inf;1.5°C;consumption_based
Guatemala;40.88083;24670.857;responsability;foster;67%;linear;1629.77163832945;79.7328057345924;1.5°C;consumption_based
Guinea;25.79336;23404.584;responsability;foster;67%;linear;1898.99483450812;147.246797974992;1.5°C;consumption_based
Guyana;3.330323;940.608;responsability;foster;67%;linear;-1209.30792745777;-28;1.5°C;consumption_based
Haiti;14.31872;14710.861;responsability;foster;67%;linear;1177.7933542973;164.510983425516;1.5°C;consumption_based
Honduras;16.61826;14846.778;responsability;foster;67%;linear;1083.80479080057;130.435411505244;1.5°C;consumption_based
Hungary;60.08714;8725.347;responsability;foster;67%;linear;-1313.96794145045;-19;1.5°C;consumption_based
Iceland;6.905605;432.993;responsability;foster;67%;linear;-151.795623749868;-22;1.5°C;consumption_based
India;2949.414;1679589.259;responsability;foster;67%;linear;110612.331629486;75.0063108329221;1.5°C;consumption_based
Indonesia;847.1642;320712.949;responsability;foster;67%;linear;14302.0284717949;33.7644779413363;1.5°C;consumption_based
Iraq;404.6027;71928.75;responsability;foster;67%;linear;1257.18666739714;6.21442549640495;1.5°C;consumption_based
Ireland;58.80573;5970.042;responsability;foster;67%;linear;-1502.74403773243;-20;1.5°C;consumption_based
Israel;96.33576;13092.722;responsability;foster;67%;linear;-1538.91037352416;-14;1.5°C;consumption_based
Italy;480.3724;51891.098;responsability;foster;67%;linear;-15315.9515408464;-23;1.5°C;consumption_based
Jamaica;12.76953;2454.94;responsability;foster;67%;linear;-262.365162977443;-15;1.5°C;consumption_based
Japan;1258.371;105123.167;responsability;foster;67%;linear;-45143.9498057048;-25;1.5°C;consumption_based
Jordan;33.45501;16367.355;responsability;foster;67%;linear;696.43865616776;41.6343415331671;1.5°C;consumption_based
Kazakhstan;260.4604;26544.264;responsability;foster;67%;linear;-7906.22477514326;-21;1.5°C;consumption_based
Kenya;79.74114;83593.239;responsability;foster;67%;linear;6751.91030869173;169.345718124715;1.5°C;consumption_based
Kuwait;120.129;6367.756;responsability;foster;67%;linear;-2308.3396618549;-21;1.5°C;consumption_based
Kyrgyzstan;24.1211;9642.952;responsability;foster;67%;linear;433.041538220901;35.9056210720822;1.5°C;consumption_based
Latvia;16.48173;1513.81;responsability;foster;67%;linear;-378.39946503368;-22;1.5°C;consumption_based
Lebanon;35.63768;6999.26;responsability;foster;67%;linear;-256.136768470308;-6;1.5°C;consumption_based
Lesotho;4.251056;2993.076;responsability;foster;67%;linear;153.362591910208;72.1527036624351;1.5°C;consumption_based
Liberia;4.860882;8910.53;responsability;foster;67%;linear;848.620714267488;349.163264719238;1.5°C;consumption_based
Libya;56.0342;9260.606;responsability;foster;67%;linear;-773.870911504911;-13;1.5°C;consumption_based
Liechtenstein;1.370673;43.013;responsability;foster;67%;linear;-15.8614072590079;-23;1.5°C;consumption_based
Lithuania;26.37468;2258.774;responsability;foster;67%;linear;-717.833360042295;-24;1.5°C;consumption_based
Luxembourg;8.842451;791.464;responsability;foster;67%;linear;-464.70538095665;-26;1.5°C;consumption_based
Madagascar;31.88092;53185.475;responsability;foster;67%;linear;4631.25496511965;290.534587152419;1.5°C;consumption_based
Malawi;16.42;37361.682;responsability;foster;67%;linear;3545.56994376478;431.859920068792;1.5°C;consumption_based
Malaysia;233.1968;44289.772;responsability;foster;67%;linear;-1058.19350119129;-3;1.5°C;consumption_based
Maldives;2.901473;589.962;responsability;foster;67%;linear;11.9462533798039;8.23461281893981;1.5°C;consumption_based
Mali;73.55506;46154.079;responsability;foster;67%;linear;3511.97838909572;95.4925028705223;1.5°C;consumption_based
Malta;2.956266;535.722;responsability;foster;67%;linear;-78.2754792556485;-18;1.5°C;consumption_based
Mauritania;8.741203;9415.598;responsability;foster;67%;linear;754.231453848164;172.569257080099;1.5°C;consumption_based
Mauritius;9.153498;1107.197;responsability;foster;67%;linear;-135.271414545515;-13;1.5°C;consumption_based
Mexico;597.8052;148946.274;responsability;foster;67%;linear;-3673.39425810696;-4;1.5°C;consumption_based
Monaco;1.08342;36.757;responsability;foster;67%;linear;-12.6203180402355;-22;1.5°C;consumption_based
Mongolia;44.70931;4501.493;responsability;foster;67%;linear;-250.645606665649;-4;1.5°C;consumption_based
Montenegro;4.889849;533.295;responsability;foster;67%;linear;-99.4285010650058;-18;1.5°C;consumption_based
Morocco;84.54553;43440.431;responsability;foster;67%;linear;2487.19939004134;58.8369223078108;1.5°C;consumption_based
Mozambique;46.50852;63530.951;responsability;foster;67%;linear;5540.58682483332;238.261154078148;1.5°C;consumption_based
Myanmar;76.01056;58623.231;responsability;foster;67%;linear;4564.61264222546;120.104697090127;1.5°C;consumption_based
Namibia;15.53063;4512.3;responsability;foster;67%;linear;-37.4461514284327;-1;1.5°C;consumption_based
Nepal;51.71283;34642.027;responsability;foster;67%;linear;2508.77058855598;97.0270081353496;1.5°C;consumption_based
Netherlands;199.7464;18958.475;responsability;foster;67%;linear;-5762.24601267772;-23;1.5°C;consumption_based
New Caledonia;0;340.581;responsability;foster;67%;linear;35.2282854263442;inf;1.5°C;consumption_based
New Zealand;79.7114;5755.288;responsability;foster;67%;linear;-1856.16935038786;-23;1.5°C;consumption_based
Nicaragua;16.31699;8756.43;responsability;foster;67%;linear;443.76669509313;54.3932054984565;1.5°C;consumption_based
Niger;34.38707;52513.876;responsability;foster;67%;linear;4832.58995230605;281.070178547114;1.5°C;consumption_based
Nigeria;449.8309;359185.556;responsability;foster;67%;linear;26121.2860008651;116.138246620519;1.5°C;consumption_based
Norway;76.82043;5899.829;responsability;foster;67%;linear;-2007.66680910919;-23;1.5°C;consumption_based
Oman;65.19586;7827.002;responsability;foster;67%;linear;-545.960640639622;-7;1.5°C;consumption_based
Pakistan;578.9303;371863.793;responsability;foster;67%;linear;27768.5745288134;95.9306311271438;1.5°C;consumption_based
Panama;21.22502;5630.68;responsability;foster;67%;linear;40.9590251430874;3.85950403279595;1.5°C;consumption_based
Papua New Guinea;17.17362;14906.59;responsability;foster;67%;linear;1190.71213889545;138.667577237117;1.5°C;consumption_based
Paraguay;29.96962;8640.464;responsability;foster;67%;linear;-155.249846755216;-3;1.5°C;consumption_based
Peru;99.16215;40583.876;responsability;foster;67%;linear;1528.67203388815;30.8317646176117;1.5°C;consumption_based
Philippines;260.8678;134373.439;responsability;foster;67%;linear;8531.39412830787;65.4077975764573;1.5°C;consumption_based
Poland;340.3965;32814.096;responsability;foster;67%;linear;-8846.14446923035;-22;1.5°C;consumption_based
Portugal;63.02308;9770.27;responsability;foster;67%;linear;-1962.80601215497;-20;1.5°C;consumption_based
Qatar;162.3337;4164.46;responsability;foster;67%;linear;-2499.69752769414;-18;1.5°C;consumption_based
Romania;116.8046;16027.266;responsability;foster;67%;linear;-2869.8834688201;-21;1.5°C;consumption_based
Rwanda;8.712675;22707.91;responsability;foster;67%;linear;2148.08285374124;493.093763681358;1.5°C;consumption_based
Samoa;0.6925006;272.726;responsability;foster;67%;linear;10.2261460852468;29.5339703250707;1.5°C;consumption_based
San Marino;0.566147;33.696;responsability;foster;67%;linear;-19.8016592788606;-26;1.5°C;consumption_based
Sao Tome and Principe;0.2998609;365.115;responsability;foster;67%;linear;28.3365760844708;188.998139367092;1.5°C;consumption_based
Saudi Arabia;703.8256;47693.909;responsability;foster;67%;linear;-9606.36035510587;-14;1.5°C;consumption_based
Senegal;28.29428;30364.954;responsability;foster;67%;linear;2481.83882480876;175.430427974047;1.5°C;consumption_based
Serbia;73.73461;5532.87;responsability;foster;67%;linear;-1852.84910540213;-23;1.5°C;consumption_based
Seychelles;0.9971907;141.747;responsability;foster;67%;linear;-16.3262629878545;-15;1.5°C;consumption_based
Sierra Leone;7.612386;12948.325;responsability;foster;67%;linear;1166.65917995965;306.516033201588;1.5°C;consumption_based
Singapore;98.39144;6081.692;responsability;foster;67%;linear;-3183.74020501518;-23;1.5°C;consumption_based
Slovakia;47.49821;4936.488;responsability;foster;67%;linear;-1503.03736484266;-25;1.5°C;consumption_based
Slovenia;16.40035;1981.553;responsability;foster;67%;linear;-431.153879975898;-20;1.5°C;consumption_based
Somalia;27.54213;37206.512;responsability;foster;67%;linear;2972.4527158303;215.847700655709;1.5°C;consumption_based
South Africa;442.3963;79177.328;responsability;foster;67%;linear;-4782.90593167829;-10;1.5°C;consumption_based
South Sudan;0;18341.974;responsability;foster;67%;linear;1897.21768200394;inf;1.5°C;consumption_based
Spain;347.0203;44928.558;responsability;foster;67%;linear;-10491.1425879428;-20;1.5°C;consumption_based
Sri Lanka;52.34435;24813.69;responsability;foster;67%;linear;1555.70557117532;59.4412031546986;1.5°C;consumption_based
Sudan;0;85206.383;responsability;foster;67%;linear;8813.39470043955;inf;1.5°C;consumption_based
Suriname;3.667079;733.905;responsability;foster;67%;linear;-33.2613860801773;-8;1.5°C;consumption_based
Sweden;98.71911;11309.63;responsability;foster;67%;linear;-2326.95691120634;-20;1.5°C;consumption_based
Switzerland;98.65993;9342.586;responsability;foster;67%;linear;-2850.00810047437;-23;1.5°C;consumption_based
Tajikistan;16.7698;15574.642;responsability;foster;67%;linear;1191.66561374704;142.120432413867;1.5°C;consumption_based
Thailand;283.2797;66382.735;responsability;foster;67%;linear;-2136.1233414566;-6;1.5°C;consumption_based
Togo;13.54584;15584.778;responsability;foster;67%;linear;1307.13683352851;192.994577453818;1.5°C;consumption_based
Trinidad and Tobago;32.59566;1399.8;responsability;foster;67%;linear;-784.797756358292;-24;1.5°C;consumption_based
Tunisia;31.10463;13145.141;responsability;foster;67%;linear;256.372560327381;16.4845272441679;1.5°C;consumption_based
Turkmenistan;101.6677;9639.708;responsability;foster;67%;linear;-1286.58509367838;-13;1.5°C;consumption_based
Uganda;50.1081;85431.202;responsability;foster;67%;linear;7698.99288493107;307.295342865967;1.5°C;consumption_based
Ukraine;252.1204;31990.132;responsability;foster;67%;linear;-8933.18178641754;-27;1.5°C;consumption_based
Uruguay;31.57455;3254.354;responsability;foster;67%;linear;-799.541435921983;-21;1.5°C;consumption_based
Uzbekistan;165.7009;52210.754;responsability;foster;67%;linear;-783.24065059342;-3;1.5°C;consumption_based
Vanuatu;0.5712391;534.388;responsability;foster;67%;linear;32.9427445196779;115.337848966144;1.5°C;consumption_based
Viet Nam;237.3877;110008.908;responsability;foster;67%;linear;5510.08262034315;46.4226463320816;1.5°C;consumption_based
Yemen;45.34253;70976.403;responsability;foster;67%;linear;6316.75597540495;278.623886907279;1.5°C;consumption_based
Zambia;39.16851;38083.386;responsability;foster;67%;linear;2940.11010387168;150.126216385136;1.5°C;consumption_based
Zimbabwe;22.44673;25866.385;responsability;foster;67%;linear;1861.35221890151;165.846180615306;1.5°C;consumption_based
Afghanistan;36.29291;76885.134;responsability;foster;67%;exponential;7172.10511223762;592.008377229927;1.5°C;consumption_based
Albania;10.69817;2240.166;responsability;foster;67%;exponential;-76.585647349885;-6;1.5°C;consumption_based
Algeria;229.2533;59565.554;responsability;foster;67%;exponential;1866.08584325144;24.3847900372669;1.5°C;consumption_based
Andorra;0.7052279;82.195;responsability;foster;67%;exponential;-23.3939937615872;-22;1.5°C;consumption_based
Angola;63.06419;74295.394;responsability;foster;67%;exponential;5783.4702825569;274.731643720408;1.5°C;consumption_based
Argentina;329.7293;48308.943;responsability;foster;67%;exponential;-4797.15519018033;-13;1.5°C;consumption_based
Armenia;13.76886;2495.207;responsability;foster;67%;exponential;-144.927146582143;-11;1.5°C;consumption_based
Aruba;0.8570806;100.002;responsability;foster;67%;exponential;-47.3007506703114;-23;1.5°C;consumption_based
Australia;516.071;32506.969;responsability;foster;67%;exponential;-13230.9936117114;-24;1.5°C;consumption_based
Austria;104.6011;8724.332;responsability;foster;67%;exponential;-2858.89636883878;-23;1.5°C;consumption_based
Azerbaijan;61.16201;11224.923;responsability;foster;67%;exponential;-687.744971801405;-10;1.5°C;consumption_based
Bahamas;3.216727;424.265;responsability;foster;67%;exponential;-83.8308078537296;-21;1.5°C;consumption_based
Bahrain;29.84191;2139.464;responsability;foster;67%;exponential;-850.62593137498;-24;1.5°C;consumption_based
Bangladesh;198.2366;214709.096;responsability;foster;67%;exponential;18527.1869819959;279.981052843595;1.5°C;consumption_based
Barbados;4.262979;264.216;responsability;foster;67%;exponential;-151.993392303188;-26;1.5°C;consumption_based
Belarus;37.69015;7453.546;responsability;foster;67%;exponential;552.424194876221;43.908421412034;1.5°C;consumption_based
Belgium;135.3539;11870.906;responsability;foster;67%;exponential;-3318.37294073626;-23;1.5°C;consumption_based
Belize;1.471538;516.627;responsability;foster;67%;exponential;5.96579817752878;12.1450714408548;1.5°C;consumption_based
Benin;17.1341;24433.809;responsability;foster;67%;exponential;2162.07578982119;378.018117172018;1.5°C;consumption_based
Bermuda;0;56.937;responsability;foster;67%;exponential;5.88932702446631;inf;1.5°C;consumption_based
Bhutan;3.675114;882.34;responsability;foster;67%;exponential;21.3510294006464;17.4040772202213;1.5°C;consumption_based
Bosnia and Herzegovina;26.34888;2455.167;responsability;foster;67%;exponential;-459.499070039362;-17;1.5°C;consumption_based
Botswana;18.26959;3437.43;responsability;foster;67%;exponential;-290.189694141222;-12;1.5°C;consumption_based
Brazil;1077.661;217489.3;responsability;foster;67%;exponential;-7286.15706247852;-5;1.5°C;consumption_based
British Virgin Islands;0.2776416;40.34;responsability;foster;67%;exponential;-10.6649706876079;-22;1.5°C;consumption_based
Bulgaria;57.15165;5402.217;responsability;foster;67%;exponential;-1107.90852958794;-20;1.5°C;consumption_based
Burkina Faso;29.78411;37304.383;responsability;foster;67%;exponential;3252.25197996241;327.116580555983;1.5°C;consumption_based
Burundi;4.499215;24131.72;responsability;foster;67%;exponential;2385.91047015537;1588.62134778063;1.5°C;consumption_based
Cambodia;40.78146;21931.455;responsability;foster;67%;exponential;1376.40701237924;101.108369061101;1.5°C;consumption_based
Cameroon;38.30513;51096.317;responsability;foster;67%;exponential;4240.8651703939;331.665671379788;1.5°C;consumption_based
Canada;672.7777;45621.882;responsability;foster;67%;exponential;-18196.9835302753;-24;1.5°C;consumption_based
Cayman Islands;0;103.958;responsability;foster;67%;exponential;10.7529841545826;inf;1.5°C;consumption_based
Central African Republic;9.32562;10616.752;responsability;foster;67%;exponential;518.682445515583;166.619886051216;1.5°C;consumption_based
Chad;49.86327;38857.686;responsability;foster;67%;exponential;3160.52928597568;189.881240911595;1.5°C;consumption_based
Chile;120.2864;20320.306;responsability;foster;67%;exponential;-857.482454846675;-6;1.5°C;consumption_based
China;12046.22;1260289.093;responsability;foster;67%;exponential;-105308.733689007;-8;1.5°C;consumption_based
Colombia;192.7321;59385.356;responsability;foster;67%;exponential;1285.71040984865;19.9844456072856;1.5°C;consumption_based
Congo;20.37865;11006.472;responsability;foster;67%;exponential;688.947936203572;101.277737597115;1.5°C;consumption_based
Costa Rica;20.15067;5354.15;responsability;foster;67%;exponential;12.7037853822346;1.88862900667143;1.5°C;consumption_based
Croatia;23.31505;3234.159;responsability;foster;67%;exponential;-648.185482924444;-20;1.5°C;consumption_based
Cuba;41.99676;9382;responsability;foster;67%;exponential;-465.338539859618;-10;1.5°C;consumption_based
Cyprus;10.44542;1508.481;responsability;foster;67%;exponential;-257.75740568142;-18;1.5°C;consumption_based
Denmark;60.05671;6124.838;responsability;foster;67%;exponential;-2051.28092180606;-24;1.5°C;consumption_based
Djibouti;1.718966;1530.539;responsability;foster;67%;exponential;101.63009531067;177.116101474109;1.5°C;consumption_based
Dominican Republic;36.86521;12996.293;responsability;foster;67%;exponential;404.079050840268;32.8361795218108;1.5°C;consumption_based
Ecuador;64.94059;21337.238;responsability;foster;67%;exponential;471.841981555219;21.7662366812903;1.5°C;consumption_based
Egypt;359.3699;161630.192;responsability;foster;67%;exponential;8354.45248890841;69.6432921869539;1.5°C;consumption_based
El Salvador;15.27658;6663.345;responsability;foster;67%;exponential;213.334888782153;41.8349009660374;1.5°C;consumption_based
Eritrea;6.147011;5696.062;responsability;foster;67%;exponential;410.772105925701;200.188881197278;1.5°C;consumption_based
Estonia;12.3808;1174.267;responsability;foster;67%;exponential;-453.255214047123;-27;1.5°C;consumption_based
Ethiopia;15.46353;225021.874;responsability;foster;67%;exponential;22890.3531700673;4434.52237261606;1.5°C;consumption_based
Fiji;3.433959;1000.261;responsability;foster;67%;exponential;8.67907633687575;7.5714908323068;1.5°C;consumption_based
Finland;64.9849;5351.645;responsability;foster;67%;exponential;-2016.38311742347;-25;1.5°C;consumption_based
France;561.8057;68219.675;responsability;foster;67%;exponential;-15893.5738900924;-22;1.5°C;consumption_based
French Polynesia;0;284.75;responsability;foster;67%;exponential;29.4533584526192;inf;1.5°C;consumption_based
Gabon;14.30998;4084.533;responsability;foster;67%;exponential;-101.327794923434;-5;1.5°C;consumption_based
Gambia;2.508158;4301.896;responsability;foster;67%;exponential;378.869106866159;452.519502715351;1.5°C;consumption_based
Georgia;17.8212;3664.014;responsability;foster;67%;exponential;-345.400345373432;-17;1.5°C;consumption_based
Germany;872.121;78294.613;responsability;foster;67%;exponential;-27872.2603085229;-25;1.5°C;consumption_based
Ghana;54.33566;50553.047;responsability;foster;67%;exponential;4354.02538584937;240.054033911842;1.5°C;consumption_based
Greece;83.41989;8812.07;responsability;foster;67%;exponential;-4067.38492418061;-25;1.5°C;consumption_based
Greenland;0;49.898;responsability;foster;67%;exponential;5.16124207223457;inf;1.5°C;consumption_based
Guatemala;40.88083;24670.857;responsability;foster;67%;exponential;1629.77163832945;119.429069700065;1.5°C;consumption_based
Guinea;25.79336;23404.584;responsability;foster;67%;exponential;1898.99483450812;220.555992435584;1.5°C;consumption_based
Guyana;3.330323;940.608;responsability;foster;67%;exponential;-1209.30792745777;-28;1.5°C;consumption_based
Haiti;14.31872;14710.861;responsability;foster;67%;exponential;1177.7933542973;246.415431200962;1.5°C;consumption_based
Honduras;16.61826;14846.778;responsability;foster;67%;exponential;1083.80479080057;195.374785930277;1.5°C;consumption_based
Hungary;60.08714;8725.347;responsability;foster;67%;exponential;-1313.96794145045;-19;1.5°C;consumption_based
Iceland;6.905605;432.993;responsability;foster;67%;exponential;-151.795623749868;-22;1.5°C;consumption_based
India;2949.414;1679589.259;responsability;foster;67%;exponential;110612.331629486;112.349413041203;1.5°C;consumption_based
Indonesia;847.1642;320712.949;responsability;foster;67%;exponential;14302.0284717949;50.5746681342815;1.5°C;consumption_based
Iraq;404.6027;71928.75;responsability;foster;67%;exponential;1257.18666739714;9.30837751058854;1.5°C;consumption_based
Ireland;58.80573;5970.042;responsability;foster;67%;exponential;-1502.74403773243;-20;1.5°C;consumption_based
Israel;96.33576;13092.722;responsability;foster;67%;exponential;-1538.91037352416;-14;1.5°C;consumption_based
Italy;480.3724;51891.098;responsability;foster;67%;exponential;-15315.9515408464;-23;1.5°C;consumption_based
Jamaica;12.76953;2454.94;responsability;foster;67%;exponential;-262.365162977443;-15;1.5°C;consumption_based
Japan;1258.371;105123.167;responsability;foster;67%;exponential;-45143.9498057048;-25;1.5°C;consumption_based
Jordan;33.45501;16367.355;responsability;foster;67%;exponential;696.43865616776;62.362670309539;1.5°C;consumption_based
Kazakhstan;260.4604;26544.264;responsability;foster;67%;exponential;-7906.22477514326;-21;1.5°C;consumption_based
Kenya;79.74114;83593.239;responsability;foster;67%;exponential;6751.91030869173;253.657216587193;1.5°C;consumption_based
Kuwait;120.129;6367.756;responsability;foster;67%;exponential;-2308.3396618549;-21;1.5°C;consumption_based
Kyrgyzstan;24.1211;9642.952;responsability;foster;67%;exponential;433.041538220901;53.7818139238185;1.5°C;consumption_based
Latvia;16.48173;1513.81;responsability;foster;67%;exponential;-378.39946503368;-22;1.5°C;consumption_based
Lebanon;35.63768;6999.26;responsability;foster;67%;exponential;-256.136768470308;-6;1.5°C;consumption_based
Lesotho;4.251056;2993.076;responsability;foster;67%;exponential;153.362591910208;108.075091492867;1.5°C;consumption_based
Liberia;4.860882;8910.53;responsability;foster;67%;exponential;848.620714267488;522.999830429448;1.5°C;consumption_based
Libya;56.0342;9260.606;responsability;foster;67%;exponential;-773.870911504911;-13;1.5°C;consumption_based
Liechtenstein;1.370673;43.013;responsability;foster;67%;exponential;-15.8614072590079;-23;1.5°C;consumption_based
Lithuania;26.37468;2258.774;responsability;foster;67%;exponential;-717.833360042295;-24;1.5°C;consumption_based
Luxembourg;8.842451;791.464;responsability;foster;67%;exponential;-464.70538095665;-26;1.5°C;consumption_based
Madagascar;31.88092;53185.475;responsability;foster;67%;exponential;4631.25496511965;435.181919658093;1.5°C;consumption_based
Malawi;16.42;37361.682;responsability;foster;67%;exponential;3545.56994376478;646.868350102264;1.5°C;consumption_based
Malaysia;233.1968;44289.772;responsability;foster;67%;exponential;-1058.19350119129;-3;1.5°C;consumption_based
Maldives;2.901473;589.962;responsability;foster;67%;exponential;11.9462533798039;12.3343476909597;1.5°C;consumption_based
Mali;73.55506;46154.079;responsability;foster;67%;exponential;3511.97838909572;143.034986365835;1.5°C;consumption_based
Malta;2.956266;535.722;responsability;foster;67%;exponential;-78.2754792556485;-18;1.5°C;consumption_based
Mauritania;8.741203;9415.598;responsability;foster;67%;exponential;754.231453848164;258.485646429043;1.5°C;consumption_based
Mauritius;9.153498;1107.197;responsability;foster;67%;exponential;-135.271414545515;-13;1.5°C;consumption_based
Mexico;597.8052;148946.274;responsability;foster;67%;exponential;-3673.39425810696;-4;1.5°C;consumption_based
Monaco;1.08342;36.757;responsability;foster;67%;exponential;-12.6203180402355;-22;1.5°C;consumption_based
Mongolia;44.70931;4501.493;responsability;foster;67%;exponential;-250.645606665649;-4;1.5°C;consumption_based
Montenegro;4.889849;533.295;responsability;foster;67%;exponential;-99.4285010650058;-18;1.5°C;consumption_based
Morocco;84.54553;43440.431;responsability;foster;67%;exponential;2487.19939004134;88.1298335170488;1.5°C;consumption_based
Mozambique;46.50852;63530.951;responsability;foster;67%;exponential;5540.58682483332;356.883314403065;1.5°C;consumption_based
Myanmar;76.01056;58623.231;responsability;foster;67%;exponential;4564.61264222546;179.90075863916;1.5°C;consumption_based
Namibia;15.53063;4512.3;responsability;foster;67%;exponential;-37.4461514284327;-1;1.5°C;consumption_based
Nepal;51.71283;34642.027;responsability;foster;67%;exponential;2508.77058855598;145.333469838726;1.5°C;consumption_based
Netherlands;199.7464;18958.475;responsability;foster;67%;exponential;-5762.24601267772;-23;1.5°C;consumption_based
New Caledonia;0;340.581;responsability;foster;67%;exponential;35.2282854263442;inf;1.5°C;consumption_based
New Zealand;79.7114;5755.288;responsability;foster;67%;exponential;-1856.16935038786;-23;1.5°C;consumption_based
Nicaragua;16.31699;8756.43;responsability;foster;67%;exponential;443.76669509313;81.4737405868902;1.5°C;consumption_based
Niger;34.38707;52513.876;responsability;foster;67%;exponential;4832.58995230605;421.005502503586;1.5°C;consumption_based
Nigeria;449.8309;359185.556;responsability;foster;67%;exponential;26121.2860008651;173.959546797531;1.5°C;consumption_based
Norway;76.82043;5899.829;responsability;foster;67%;exponential;-2007.66680910919;-23;1.5°C;consumption_based
Oman;65.19586;7827.002;responsability;foster;67%;exponential;-545.960640639622;-7;1.5°C;consumption_based
Pakistan;578.9303;371863.793;responsability;foster;67%;exponential;27768.5745288134;143.691243844994;1.5°C;consumption_based
Panama;21.22502;5630.68;responsability;foster;67%;exponential;40.9590251430874;5.78102039547931;1.5°C;consumption_based
Papua New Guinea;17.17362;14906.59;responsability;foster;67%;exponential;1190.71213889545;207.705468212386;1.5°C;consumption_based
Paraguay;29.96962;8640.464;responsability;foster;67%;exponential;-155.249846755216;-3;1.5°C;consumption_based
Peru;99.16215;40583.876;responsability;foster;67%;exponential;1528.67203388815;46.1818561577996;1.5°C;consumption_based
Philippines;260.8678;134373.439;responsability;foster;67%;exponential;8531.39412830787;97.9721250709398;1.5°C;consumption_based
Poland;340.3965;32814.096;responsability;foster;67%;exponential;-8846.14446923035;-22;1.5°C;consumption_based
Portugal;63.02308;9770.27;responsability;foster;67%;exponential;-1962.80601215497;-20;1.5°C;consumption_based
Qatar;162.3337;4164.46;responsability;foster;67%;exponential;-2499.69752769414;-18;1.5°C;consumption_based
Romania;116.8046;16027.266;responsability;foster;67%;exponential;-2869.8834688201;-21;1.5°C;consumption_based
Rwanda;8.712675;22707.91;responsability;foster;67%;exponential;2148.08285374124;738.588450874224;1.5°C;consumption_based
Samoa;0.6925006;272.726;responsability;foster;67%;exponential;10.2261460852468;44.2379340345001;1.5°C;consumption_based
San Marino;0.566147;33.696;responsability;foster;67%;exponential;-19.8016592788606;-26;1.5°C;consumption_based
Sao Tome and Principe;0.2998609;365.115;responsability;foster;67%;exponential;28.3365760844708;283.093912871826;1.5°C;consumption_based
Saudi Arabia;703.8256;47693.909;responsability;foster;67%;exponential;-9606.36035510587;-14;1.5°C;consumption_based
Senegal;28.29428;30364.954;responsability;foster;67%;exponential;2481.83882480876;262.771297422621;1.5°C;consumption_based
Serbia;73.73461;5532.87;responsability;foster;67%;exponential;-1852.84910540213;-23;1.5°C;consumption_based
Seychelles;0.9971907;141.747;responsability;foster;67%;exponential;-16.3262629878545;-15;1.5°C;consumption_based
Sierra Leone;7.612386;12948.325;responsability;foster;67%;exponential;1166.65917995965;459.119986511872;1.5°C;consumption_based
Singapore;98.39144;6081.692;responsability;foster;67%;exponential;-3183.74020501518;-23;1.5°C;consumption_based
Slovakia;47.49821;4936.488;responsability;foster;67%;exponential;-1503.03736484266;-25;1.5°C;consumption_based
Slovenia;16.40035;1981.553;responsability;foster;67%;exponential;-431.153879975898;-20;1.5°C;consumption_based
Somalia;27.54213;37206.512;responsability;foster;67%;exponential;2972.4527158303;323.310961513363;1.5°C;consumption_based
South Africa;442.3963;79177.328;responsability;foster;67%;exponential;-4782.90593167829;-10;1.5°C;consumption_based
South Sudan;0;18341.974;responsability;foster;67%;exponential;1897.21768200394;inf;1.5°C;consumption_based
Spain;347.0203;44928.558;responsability;foster;67%;exponential;-10491.1425879428;-20;1.5°C;consumption_based
Sri Lanka;52.34435;24813.69;responsability;foster;67%;exponential;1555.70557117532;89.0349653347049;1.5°C;consumption_based
Sudan;0;85206.383;responsability;foster;67%;exponential;8813.39470043955;inf;1.5°C;consumption_based
Suriname;3.667079;733.905;responsability;foster;67%;exponential;-33.2613860801773;-8;1.5°C;consumption_based
Sweden;98.71911;11309.63;responsability;foster;67%;exponential;-2326.95691120634;-20;1.5°C;consumption_based
Switzerland;98.65993;9342.586;responsability;foster;67%;exponential;-2850.00810047437;-23;1.5°C;consumption_based
Tajikistan;16.7698;15574.642;responsability;foster;67%;exponential;1191.66561374704;212.877383056835;1.5°C;consumption_based
Thailand;283.2797;66382.735;responsability;foster;67%;exponential;-2136.1233414566;-6;1.5°C;consumption_based
Togo;13.54584;15584.778;responsability;foster;67%;exponential;1307.13683352851;289.080042149659;1.5°C;consumption_based
Trinidad and Tobago;32.59566;1399.8;responsability;foster;67%;exponential;-784.797756358292;-24;1.5°C;consumption_based
Tunisia;31.10463;13145.141;responsability;foster;67%;exponential;256.372560327381;24.6916151398169;1.5°C;consumption_based
Turkmenistan;101.6677;9639.708;responsability;foster;67%;exponential;-1286.58509367838;-13;1.5°C;consumption_based
Uganda;50.1081;85431.202;responsability;foster;67%;exponential;7698.99288493107;460.287288068207;1.5°C;consumption_based
Ukraine;252.1204;31990.132;responsability;foster;67%;exponential;-8933.18178641754;-27;1.5°C;consumption_based
Uruguay;31.57455;3254.354;responsability;foster;67%;exponential;-799.541435921983;-21;1.5°C;consumption_based
Uzbekistan;165.7009;52210.754;responsability;foster;67%;exponential;-783.24065059342;-3;1.5°C;consumption_based
Vanuatu;0.5712391;534.388;responsability;foster;67%;exponential;32.9427445196779;172.760658255086;1.5°C;consumption_based
Viet Nam;237.3877;110008.908;responsability;foster;67%;exponential;5510.08262034315;69.5349099203999;1.5°C;consumption_based
Yemen;45.34253;70976.403;responsability;foster;67%;exponential;6316.75597540495;417.341285095596;1.5°C;consumption_based
Zambia;39.16851;38083.386;responsability;foster;67%;exponential;2940.11010387168;224.868975765751;1.5°C;consumption_based
Zimbabwe;22.44673;25866.385;responsability;foster;67%;exponential;1861.35221890151;248.415377857468;1.5°C;consumption_based
Afghanistan;36.29291;76885.134;equality;lamboll;33%;linear;12752.69472243;702.765070226111;2°C;consumption_based
Albania;10.69817;2240.166;equality;lamboll;33%;linear;371.569270147426;69.4640803328842;2°C;consumption_based
Algeria;229.2533;59565.554;equality;lamboll;33%;linear;9879.95060442265;86.1924395803476;2°C;consumption_based
Andorra;0.7052279;82.195;equality;lamboll;33%;linear;13.633425451403;38.6638856783828;2°C;consumption_based
Angola;63.06419;74295.394;equality;lamboll;33%;linear;12323.14271527;390.812685147306;2°C;consumption_based
Argentina;329.7293;48308.943;equality;lamboll;33%;linear;8012.85203511864;48.6026084737913;2°C;consumption_based
Armenia;13.76886;2495.207;equality;lamboll;33%;linear;413.872116555982;60.1171217596783;2°C;consumption_based
Aruba;0.8570806;100.002;equality;lamboll;33%;linear;16.5870163877511;38.7058495729599;2°C;consumption_based
Australia;516.071;32506.969;equality;lamboll;33%;linear;5391.8284386224;20.8956846582056;2°C;consumption_based
Austria;104.6011;8724.332;equality;lamboll;33%;linear;1447.07743701307;27.6684936776587;2°C;consumption_based
Azerbaijan;61.16201;11224.923;equality;lamboll;33%;linear;1861.84258067083;60.8823215806946;2°C;consumption_based
Bahamas;3.216727;424.265;equality;lamboll;33%;linear;70.3714976475393;43.7534783943675;2°C;consumption_based
Bahrain;29.84191;2139.464;equality;lamboll;33%;linear;354.866146967096;23.7830719928514;2°C;consumption_based
Bangladesh;198.2366;214709.096;equality;lamboll;33%;linear;35613.1206770987;359.299147353201;2°C;consumption_based
Barbados;4.262979;264.216;equality;lamboll;33%;linear;43.824674725566;20.5605867284666;2°C;consumption_based
Belarus;37.69015;7453.546;equality;lamboll;33%;linear;1236.29617056516;65.6031440875219;2°C;consumption_based
Belgium;135.3539;11870.906;equality;lamboll;33%;linear;1968.98974379965;29.0939491776691;2°C;consumption_based
Belize;1.471538;516.627;equality;lamboll;33%;linear;85.6912913277204;116.464938489825;2°C;consumption_based
Benin;17.1341;24433.809;equality;lamboll;33%;linear;4052.75884780485;473.063522193153;2°C;consumption_based
Bermuda;0;56.937;equality;lamboll;33%;linear;9.44396064148102;inf;2°C;consumption_based
Bhutan;3.675114;882.34;equality;lamboll;33%;linear;146.350953376616;79.6443067489148;2°C;consumption_based
Bosnia and Herzegovina;26.34888;2455.167;equality;lamboll;33%;linear;407.230808020497;30.910673092784;2°C;consumption_based
Botswana;18.26959;3437.43;equality;lamboll;33%;linear;570.155674303987;62.4158149475699;2°C;consumption_based
Brazil;1077.661;217489.3;equality;lamboll;33%;linear;36074.2643473182;66.9491878193945;2°C;consumption_based
British Virgin Islands;0.2776416;40.34;equality;lamboll;33%;linear;6.69106858944701;48.1993230801653;2°C;consumption_based
Bulgaria;57.15165;5402.217;equality;lamboll;33%;linear;896.048698117914;31.3568793943102;2°C;consumption_based
Burkina Faso;29.78411;37304.383;equality;lamboll;33%;linear;6187.56037035203;415.494058432636;2°C;consumption_based
Burundi;4.499215;24131.72;equality;lamboll;33%;linear;4002.65229800025;1779.26696012538;2°C;consumption_based
Cambodia;40.78146;21931.455;equality;lamboll;33%;linear;3637.70128089664;178.399757188519;2°C;consumption_based
Cameroon;38.30513;51096.317;equality;lamboll;33%;linear;8475.18497062785;442.509134971104;2°C;consumption_based
Canada;672.7777;45621.882;equality;lamboll;33%;linear;7567.15770058646;22.4952690928563;2°C;consumption_based
Cayman Islands;0;103.958;equality;lamboll;33%;linear;17.2431856326657;inf;2°C;consumption_based
Central African Republic;9.32562;10616.752;equality;lamboll;33%;linear;1760.9671747434;377.662219722313;2°C;consumption_based
Chad;49.86327;38857.686;equality;lamboll;33%;linear;6445.20184068406;258.515008770346;2°C;consumption_based
Chile;120.2864;20320.306;equality;lamboll;33%;linear;3370.46507695963;56.0406675560934;2°C;consumption_based
China;12046.22;1260289.093;equality;lamboll;33%;linear;209040.177585398;34.7063522973013;2°C;consumption_based
Colombia;192.7321;59385.356;equality;lamboll;33%;linear;9850.06173040973;102.215061532664;2°C;consumption_based
Congo;20.37865;11006.472;equality;lamboll;33%;linear;1825.60880217719;179.168767526524;2°C;consumption_based
Costa Rica;20.15067;5354.15;equality;lamboll;33%;linear;888.075976405248;88.143568070466;2°C;consumption_based
Croatia;23.31505;3234.159;equality;lamboll;33%;linear;536.439754540837;46.0166076882389;2°C;consumption_based
Cuba;41.99676;9382;equality;lamboll;33%;linear;1556.16275424372;74.1087052545827;2°C;consumption_based
Cyprus;10.44542;1508.481;equality;lamboll;33%;linear;250.206986536381;47.9075013807738;2°C;consumption_based
Denmark;60.05671;6124.838;equality;lamboll;33%;linear;1015.90756463191;33.8316089786442;2°C;consumption_based
Djibouti;1.718966;1530.539;equality;lamboll;33%;linear;253.865677437373;295.370213764988;2°C;consumption_based
Dominican Republic;36.86521;12996.293;equality;lamboll;33%;linear;2155.65413662742;116.947883200851;2°C;consumption_based
Ecuador;64.94059;21337.238;equality;lamboll;33%;linear;3539.14038094584;108.996249678232;2°C;consumption_based
Egypt;359.3699;161630.192;equality;lamboll;33%;linear;26809.0902527885;149.200532670035;2°C;consumption_based
El Salvador;15.27658;6663.345;equality;lamboll;33%;linear;1105.22802256194;144.695739826839;2°C;consumption_based
Eritrea;6.147011;5696.062;equality;lamboll;33%;linear;944.787841639631;307.397478755002;2°C;consumption_based
Estonia;12.3808;1174.267;equality;lamboll;33%;linear;194.771964286668;31.4635507053935;2°C;consumption_based
Ethiopia;15.46353;225021.874;equality;lamboll;33%;linear;37323.6686430318;4827.3154503573;2°C;consumption_based
Fiji;3.433959;1000.261;equality;lamboll;33%;linear;165.910137787527;96.6290731994922;2°C;consumption_based
Finland;64.9849;5351.645;equality;lamboll;33%;linear;887.660479954664;27.3189765608523;2°C;consumption_based
France;561.8057;68219.675;equality;lamboll;33%;linear;11315.3823642733;40.2821913849335;2°C;consumption_based
French Polynesia;0;284.75;equality;lamboll;33%;linear;47.2305845524303;inf;2°C;consumption_based
Gabon;14.30998;4084.533;equality;lamboll;33%;linear;677.488608300936;94.6875688576694;2°C;consumption_based
Gambia;2.508158;4301.896;equality;lamboll;33%;linear;713.541923665536;568.976853663554;2°C;consumption_based
Georgia;17.8212;3664.014;equality;lamboll;33%;linear;607.738447860538;68.2039871457071;2°C;consumption_based
Germany;872.121;78294.613;equality;lamboll;33%;linear;12986.4805594251;29.7813733631575;2°C;consumption_based
Ghana;54.33566;50553.047;equality;lamboll;33%;linear;8385.07448890775;308.639832070053;2°C;consumption_based
Greece;83.41989;8812.07;equality;lamboll;33%;linear;1461.63026239485;35.0427281166362;2°C;consumption_based
Greenland;0;49.898;equality;lamboll;33%;linear;8.27642390868188;inf;2°C;consumption_based
Guatemala;40.88083;24670.857;equality;lamboll;33%;linear;4092.0772520436;200.195409537605;2°C;consumption_based
Guinea;25.79336;23404.584;equality;lamboll;33%;linear;3882.04454267412;301.011155016184;2°C;consumption_based
Guyana;3.330323;940.608;equality;lamboll;33%;linear;156.015682790842;93.6940247482555;2°C;consumption_based
Haiti;14.31872;14710.861;equality;lamboll;33%;linear;2440.04412396681;340.818749716009;2°C;consumption_based
Honduras;16.61826;14846.778;equality;lamboll;33%;linear;2462.58824814806;296.371370787082;2°C;consumption_based
Hungary;60.08714;8725.347;equality;lamboll;33%;linear;1447.24579186231;48.1715652255146;2°C;consumption_based
Iceland;6.905605;432.993;equality;lamboll;33%;linear;71.8191834841455;20.8002581914678;2°C;consumption_based
India;2949.414;1679589.259;equality;lamboll;33%;linear;278588.17387376;188.910864242022;2°C;consumption_based
Indonesia;847.1642;320712.949;equality;lamboll;33%;linear;53195.64549536;125.585206493287;2°C;consumption_based
Iraq;404.6027;71928.75;equality;lamboll;33%;linear;11930.5949381058;58.9743713430769;2°C;consumption_based
Ireland;58.80573;5970.042;equality;lamboll;33%;linear;990.232040254819;33.6780800188968;2°C;consumption_based
Israel;96.33576;13092.722;equality;lamboll;33%;linear;2171.64851077248;45.0849925463292;2°C;consumption_based
Italy;480.3724;51891.098;equality;lamboll;33%;linear;8607.01278878822;35.8347514919184;2°C;consumption_based
Jamaica;12.76953;2454.94;equality;lamboll;33%;linear;407.193156246332;63.7757468358401;2°C;consumption_based
Japan;1258.371;105123.167;equality;lamboll;33%;linear;17436.4482086488;27.7127305200911;2°C;consumption_based
Jordan;33.45501;16367.355;equality;lamboll;33%;linear;2714.8015600602;162.29566573498;2°C;consumption_based
Kazakhstan;260.4604;26544.264;equality;lamboll;33%;linear;4402.81336342065;33.8079290626955;2°C;consumption_based
Kenya;79.74114;83593.239;equality;lamboll;33%;linear;13865.3469450431;347.758934598704;2°C;consumption_based
Kuwait;120.129;6367.756;equality;lamboll;33%;linear;1056.19960725986;17.584423532367;2°C;consumption_based
Kyrgyzstan;24.1211;9642.952;equality;lamboll;33%;linear;1599.44603958218;132.618001631947;2°C;consumption_based
Latvia;16.48173;1513.81;equality;lamboll;33%;linear;251.090890961596;30.4689969999018;2°C;consumption_based
Lebanon;35.63768;6999.26;equality;lamboll;33%;linear;1160.94518431762;65.1526802147403;2°C;consumption_based
Lesotho;4.251056;2993.076;equality;lamboll;33%;linear;496.452077576294;233.566472695864;2°C;consumption_based
Liberia;4.860882;8910.53;equality;lamboll;33%;linear;1477.96151210524;608.104254374098;2°C;consumption_based
Libya;56.0342;9260.606;equality;lamboll;33%;linear;1536.02751427478;54.8246433169306;2°C;consumption_based
Liechtenstein;1.370673;43.013;equality;lamboll;33%;linear;7.13443067024998;10.410113382623;2°C;consumption_based
Lithuania;26.37468;2258.774;equality;lamboll;33%;linear;374.655720427853;28.4102571426727;2°C;consumption_based
Luxembourg;8.842451;791.464;equality;lamboll;33%;linear;131.277637830394;29.6925903983848;2°C;consumption_based
Madagascar;31.88092;53185.475;equality;lamboll;33%;linear;8821.70702001287;553.41608836965;2°C;consumption_based
Malawi;16.42;37361.682;equality;lamboll;33%;linear;6197.06437479196;754.819046868692;2°C;consumption_based
Malaysia;233.1968;44289.772;equality;lamboll;33%;linear;7346.20481564129;63.0043363857591;2°C;consumption_based
Maldives;2.901473;589.962;equality;lamboll;33%;linear;97.8551365187739;67.4520400629431;2°C;consumption_based
Mali;73.55506;46154.079;equality;lamboll;33%;linear;7655.43153871482;208.155130013212;2°C;consumption_based
Malta;2.956266;535.722;equality;lamboll;33%;linear;88.8585187624128;60.1153744368151;2°C;consumption_based
Mauritania;8.741203;9415.598;equality;lamboll;33%;linear;1561.7355485538;357.327372114295;2°C;consumption_based
Mauritius;9.153498;1107.197;equality;lamboll;33%;linear;183.647274889191;40.1261408238011;2°C;consumption_based
Mexico;597.8052;148946.274;equality;lamboll;33%;linear;24705.2487723492;82.6531745536815;2°C;consumption_based
Monaco;1.08342;36.757;equality;lamboll;33%;linear;6.09676767829211;11.2546707247275;2°C;consumption_based
Mongolia;44.70931;4501.493;equality;lamboll;33%;linear;746.648448634497;33.4001329313513;2°C;consumption_based
Montenegro;4.889849;533.295;equality;lamboll;33%;linear;88.4559599258588;36.1794239150775;2°C;consumption_based
Morocco;84.54553;43440.431;equality;lamboll;33%;linear;7205.32730233367;170.448450730244;2°C;consumption_based
Mozambique;46.50852;63530.951;equality;lamboll;33%;linear;10537.6785000941;453.150455017452;2°C;consumption_based
Myanmar;76.01056;58623.231;equality;lamboll;33%;linear;9723.65045998999;255.849988738144;2°C;consumption_based
Namibia;15.53063;4512.3;equality;lamboll;33%;linear;748.440971645061;96.3825642160119;2°C;consumption_based
Nepal;51.71283;34642.027;equality;lamboll;33%;linear;5745.96377626364;222.225849030643;2°C;consumption_based
Netherlands;199.7464;18958.475;equality;lamboll;33%;linear;3144.58246346843;31.4857485638633;2°C;consumption_based
New Caledonia;0;340.581;equality;lamboll;33%;linear;56.4910964616374;inf;2°C;consumption_based
New Zealand;79.7114;5755.288;equality;lamboll;33%;linear;954.611471492844;23.9516925180801;2°C;consumption_based
Nicaragua;16.31699;8756.43;equality;lamboll;33%;linear;1452.40143105333;178.023205389393;2°C;consumption_based
Niger;34.38707;52513.876;equality;lamboll;33%;linear;8710.31101174306;506.603849164413;2°C;consumption_based
Nigeria;449.8309;359185.556;equality;lamboll;33%;linear;59576.975496645;264.886096071413;2°C;consumption_based
Norway;76.82043;5899.829;equality;lamboll;33%;linear;978.586031358666;25.4772338910018;2°C;consumption_based
Oman;65.19586;7827.002;equality;lamboll;33%;linear;1298.24013960682;39.8258459849081;2°C;consumption_based
Pakistan;578.9303;371863.793;equality;lamboll;33%;linear;61679.8746875291;213.082212789792;2°C;consumption_based
Panama;21.22502;5630.68;equality;lamboll;33%;linear;933.943135479115;88.0039816668361;2°C;consumption_based
Papua New Guinea;17.17362;14906.59;equality;lamboll;33%;linear;2472.50907597335;287.942679059319;2°C;consumption_based
Paraguay;29.96962;8640.464;equality;lamboll;33%;linear;1433.16651632741;95.6412871652967;2°C;consumption_based
Peru;99.16215;40583.876;equality;lamboll;33%;linear;6731.51953251394;135.767922186317;2°C;consumption_based
Philippines;260.8678;134373.439;equality;lamboll;33%;linear;22288.098585743;170.876578755546;2°C;consumption_based
Poland;340.3965;32814.096;equality;lamboll;33%;linear;5442.77062559987;31.9790046348883;2°C;consumption_based
Portugal;63.02308;9770.27;equality;lamboll;33%;linear;1620.56387475004;51.4276317422137;2°C;consumption_based
Qatar;162.3337;4164.46;equality;lamboll;33%;linear;690.745847744385;8.51019656108849;2°C;consumption_based
Romania;116.8046;16027.266;equality;lamboll;33%;linear;2658.39207008706;45.518619473669;2°C;consumption_based
Rwanda;8.712675;22707.91;equality;lamboll;33%;linear;3766.48942322731;864.600004757967;2°C;consumption_based
Samoa;0.6925006;272.726;equality;lamboll;33%;linear;45.2362015896263;130.645956377876;2°C;consumption_based
San Marino;0.566147;33.696;equality;lamboll;33%;linear;5.58904926103139;19.7441627740901;2°C;consumption_based
Sao Tome and Principe;0.2998609;365.115;equality;lamboll;33%;linear;60.560473674664;403.923777155768;2°C;consumption_based
Saudi Arabia;703.8256;47693.909;equality;lamboll;33%;linear;7910.8382850234;22.4795411960673;2°C;consumption_based
Senegal;28.29428;30364.954;equality;lamboll;33%;linear;5036.53916532978;356.011120645571;2°C;consumption_based
Serbia;73.73461;5532.87;equality;lamboll;33%;linear;917.719699218981;24.892508395148;2°C;consumption_based
Seychelles;0.9971907;141.747;equality;lamboll;33%;linear;23.5111278965876;47.1547275693358;2°C;consumption_based
Sierra Leone;7.612386;12948.325;equality;lamboll;33%;linear;2147.69783573256;564.264039089074;2°C;consumption_based
Singapore;98.39144;6081.692;equality;lamboll;33%;linear;1008.75107367108;20.5048543586937;2°C;consumption_based
Slovakia;47.49821;4936.488;equality;lamboll;33%;linear;818.799697545416;34.4770759801439;2°C;consumption_based
Slovenia;16.40035;1981.553;equality;lamboll;33%;linear;328.673947363027;40.0813333084997;2°C;consumption_based
Somalia;27.54213;37206.512;equality;lamboll;33%;linear;6171.32681621426;448.137222227494;2°C;consumption_based
South Africa;442.3963;79177.328;equality;lamboll;33%;linear;13132.8937128692;59.3716254537807;2°C;consumption_based
South Sudan;0;18341.974;equality;lamboll;33%;linear;3042.32538670931;inf;2°C;consumption_based
Spain;347.0203;44928.558;equality;lamboll;33%;linear;7452.15823507556;42.9494080610014;2°C;consumption_based
Sri Lanka;52.34435;24813.69;equality;lamboll;33%;linear;4115.76851133553;157.257412169051;2°C;consumption_based
Sudan;0;85206.383;equality;lamboll;33%;linear;14132.9140533389;inf;2°C;consumption_based
Suriname;3.667079;733.905;equality;lamboll;33%;linear;121.730508010365;66.3909929458103;2°C;consumption_based
Sweden;98.71911;11309.63;equality;lamboll;33%;linear;1875.89266364074;38.0046510476187;2°C;consumption_based
Switzerland;98.65993;9342.586;equality;lamboll;33%;linear;1549.62527835417;31.4134680280875;2°C;consumption_based
Tajikistan;16.7698;15574.642;equality;lamboll;33%;linear;2583.31675453848;308.091540094512;2°C;consumption_based
Thailand;283.2797;66382.735;equality;lamboll;33%;linear;11010.694919189;77.7372675782205;2°C;consumption_based
Togo;13.54584;15584.778;equality;lamboll;33%;linear;2584.99798089501;381.666693375237;2°C;consumption_based
Trinidad and Tobago;32.59566;1399.8;equality;lamboll;33%;linear;232.180411787504;14.2460936080143;2°C;consumption_based
Tunisia;31.10463;13145.141;equality;lamboll;33%;linear;2180.34308500129;140.194118046175;2°C;consumption_based
Turkmenistan;101.6677;9639.708;equality;lamboll;33%;linear;1598.907967532;31.4536075377333;2°C;consumption_based
Uganda;50.1081;85431.202;equality;lamboll;33%;linear;14170.2040719113;565.585367312324;2°C;consumption_based
Ukraine;252.1204;31990.132;equality;lamboll;33%;linear;5306.10231525691;42.0918126042709;2°C;consumption_based
Uruguay;31.57455;3254.354;equality;lamboll;33%;linear;539.789435506724;34.1914254047468;2°C;consumption_based
Uzbekistan;165.7009;52210.754;equality;lamboll;33%;linear;8660.03312148599;104.526084305951;2°C;consumption_based
Vanuatu;0.5712391;534.388;equality;lamboll;33%;linear;88.6372523891277;310.333282119966;2°C;consumption_based
Viet Nam;237.3877;110008.908;equality;lamboll;33%;linear;18246.8306613328;153.730211475429;2°C;consumption_based
Yemen;45.34253;70976.403;equality;lamboll;33%;linear;11772.6321444034;519.275485704189;2°C;consumption_based
Zambia;39.16851;38083.386;equality;lamboll;33%;linear;6316.77114140769;322.543346244607;2°C;consumption_based
Zimbabwe;22.44673;25866.385;equality;lamboll;33%;linear;4290.37571135457;382.271779573646;2°C;consumption_based
Afghanistan;36.29291;76885.134;equality;lamboll;33%;exponential;12752.69472243;1052.6480008014;2°C;consumption_based
Albania;10.69817;2240.166;equality;lamboll;33%;exponential;371.569270147426;104.047893652984;2°C;consumption_based
Algeria;229.2533;59565.554;equality;lamboll;33%;exponential;9879.95060442265;129.1047364936;2°C;consumption_based
Andorra;0.7052279;82.195;equality;lamboll;33%;exponential;13.633425451403;57.9133250738667;2°C;consumption_based
Angola;63.06419;74295.394;equality;lamboll;33%;exponential;12323.14271527;585.38508690504;2°C;consumption_based
Argentina;329.7293;48308.943;equality;lamboll;33%;exponential;8012.85203511864;72.8002013919227;2°C;consumption_based
Armenia;13.76886;2495.207;equality;lamboll;33%;exponential;413.872116555982;90.0474009243215;2°C;consumption_based
Aruba;0.8570806;100.002;equality;lamboll;33%;exponential;16.5870163877511;57.976181370521;2°C;consumption_based
Australia;516.071;32506.969;equality;lamboll;33%;exponential;5391.8284386224;31.2989384542967;2°C;consumption_based
Austria;104.6011;8724.332;equality;lamboll;33%;exponential;1447.07743701307;41.4436997353934;2°C;consumption_based
Azerbaijan;61.16201;11224.923;equality;lamboll;33%;exponential;1861.84258067083;91.1935678240898;2°C;consumption_based
Bahamas;3.216727;424.265;equality;lamboll;33%;exponential;70.3714976475393;65.536853653127;2°C;consumption_based
Bahrain;29.84191;2139.464;equality;lamboll;33%;exponential;354.866146967096;35.6238581666215;2°C;consumption_based
Bangladesh;198.2366;214709.096;equality;lamboll;33%;exponential;35613.1206770987;538.182025793207;2°C;consumption_based
Barbados;4.262979;264.216;equality;lamboll;33%;exponential;43.824674725566;30.7970066128367;2°C;consumption_based
Belarus;37.69015;7453.546;equality;lamboll;33%;exponential;1236.29617056516;98.264727994801;2°C;consumption_based
Belgium;135.3539;11870.906;equality;lamboll;33%;exponential;1968.98974379965;43.5788412583415;2°C;consumption_based
Belize;1.471538;516.627;equality;lamboll;33%;exponential;85.6912913277204;174.448887485725;2°C;consumption_based
Benin;17.1341;24433.809;equality;lamboll;33%;exponential;4052.75884780485;708.585830437576;2°C;consumption_based
Bermuda;0;56.937;equality;lamboll;33%;exponential;9.44396064148102;inf;2°C;consumption_based
Bhutan;3.675114;882.34;equality;lamboll;33%;exponential;146.350953376616;119.296510066279;2°C;consumption_based
Bosnia and Herzegovina;26.34888;2455.167;equality;lamboll;33%;exponential;407.230808020497;46.3000504906649;2°C;consumption_based
Botswana;18.26959;3437.43;equality;lamboll;33%;exponential;570.155674303987;93.4905356093044;2°C;consumption_based
Brazil;1077.661;217489.3;equality;lamboll;33%;exponential;36074.2643473182;100.280921319394;2°C;consumption_based
British Virgin Islands;0.2776416;40.34;equality;lamboll;33%;exponential;6.69106858944701;72.1961338573535;2°C;consumption_based
Bulgaria;57.15165;5402.217;equality;lamboll;33%;exponential;896.048698117914;46.9684077997376;2°C;consumption_based
Burkina Faso;29.78411;37304.383;equality;lamboll;33%;exponential;6187.56037035203;622.354480158288;2°C;consumption_based
Burundi;4.499215;24131.72;equality;lamboll;33%;exponential;4002.65229800025;2665.10372785795;2°C;consumption_based
Cambodia;40.78146;21931.455;equality;lamboll;33%;exponential;3637.70128089664;267.218955101921;2°C;consumption_based
Cameroon;38.30513;51096.317;equality;lamboll;33%;exponential;8475.18497062785;662.819448487698;2°C;consumption_based
Canada;672.7777;45621.882;equality;lamboll;33%;exponential;7567.15770058646;33.6949018118756;2°C;consumption_based
Cayman Islands;0;103.958;equality;lamboll;33%;exponential;17.2431856326657;inf;2°C;consumption_based
Central African Republic;9.32562;10616.752;equality;lamboll;33%;exponential;1760.9671747434;565.687450062086;2°C;consumption_based
Chad;49.86327;38857.686;equality;lamboll;33%;exponential;6445.20184068406;387.220877485709;2°C;consumption_based
Chile;120.2864;20320.306;equality;lamboll;33%;exponential;3370.46507695963;83.9414182146494;2°C;consumption_based
China;12046.22;1260289.093;equality;lamboll;33%;exponential;209040.177585398;51.98546983718;2°C;consumption_based
Colombia;192.7321;59385.356;equality;lamboll;33%;exponential;9850.06173040973;153.104479338354;2°C;consumption_based
Congo;20.37865;11006.472;equality;lamboll;33%;exponential;1825.60880217719;268.370829646049;2°C;consumption_based
Costa Rica;20.15067;5354.15;equality;lamboll;33%;exponential;888.075976405248;132.027265787449;2°C;consumption_based
Croatia;23.31505;3234.159;equality;lamboll;33%;exponential;536.439754540837;68.9267183855649;2°C;consumption_based
Cuba;41.99676;9382;equality;lamboll;33%;exponential;1556.16275424372;111.004920041227;2°C;consumption_based
Cyprus;10.44542;1508.481;equality;lamboll;33%;exponential;250.206986536381;71.7590240158582;2°C;consumption_based
Denmark;60.05671;6124.838;equality;lamboll;33%;exponential;1015.90756463191;50.6752214417917;2°C;consumption_based
Djibouti;1.718966;1530.539;equality;lamboll;33%;exponential;253.865677437373;442.425041011158;2°C;consumption_based
Dominican Republic;36.86521;12996.293;equality;lamboll;33%;exponential;2155.65413662742;175.172274014306;2°C;consumption_based
Ecuador;64.94059;21337.238;equality;lamboll;33%;exponential;3539.14038094584;163.261791428714;2°C;consumption_based
Egypt;359.3699;161630.192;equality;lamboll;33%;exponential;26809.0902527885;223.482425475535;2°C;consumption_based
El Salvador;15.27658;6663.345;equality;lamboll;33%;exponential;1105.22802256194;216.734848822516;2°C;consumption_based
Eritrea;6.147011;5696.062;equality;lamboll;33%;exponential;944.787841639631;460.440273957743;2°C;consumption_based
Estonia;12.3808;1174.267;equality;lamboll;33%;exponential;194.771964286668;47.1281871443748;2°C;consumption_based
Ethiopia;15.46353;225021.874;equality;lamboll;33%;exponential;37323.6686430318;7230.67234463059;2°C;consumption_based
Fiji;3.433959;1000.261;equality;lamboll;33%;exponential;165.910137787527;144.737416573665;2°C;consumption_based
Finland;64.9849;5351.645;equality;lamboll;33%;exponential;887.660479954664;40.9201698819051;2°C;consumption_based
France;561.8057;68219.675;equality;lamboll;33%;exponential;11315.3823642733;60.3373303906619;2°C;consumption_based
French Polynesia;0;284.75;equality;lamboll;33%;exponential;47.2305845524303;inf;2°C;consumption_based
Gabon;14.30998;4084.533;equality;lamboll;33%;exponential;677.488608300936;141.829302965643;2°C;consumption_based
Gambia;2.508158;4301.896;equality;lamboll;33%;exponential;713.541923665536;852.251161712558;2°C;consumption_based
Georgia;17.8212;3664.014;equality;lamboll;33%;exponential;607.738447860538;102.160442738728;2°C;consumption_based
Germany;872.121;78294.613;equality;lamboll;33%;exponential;12986.4805594251;44.608510667386;2°C;consumption_based
Ghana;54.33566;50553.047;equality;lamboll;33%;exponential;8385.07448890775;462.301152918271;2°C;consumption_based
Greece;83.41989;8812.07;equality;lamboll;33%;exponential;1461.63026239485;52.4893157861925;2°C;consumption_based
Greenland;0;49.898;equality;lamboll;33%;exponential;8.27642390868188;inf;2°C;consumption_based
Guatemala;40.88083;24670.857;equality;lamboll;33%;exponential;4092.0772520436;299.865924684581;2°C;consumption_based
Guinea;25.79336;23404.584;equality;lamboll;33%;exponential;3882.04454267412;450.874415890873;2°C;consumption_based
Guyana;3.330323;940.608;equality;lamboll;33%;exponential;156.015682790842;140.341106888758;2°C;consumption_based
Haiti;14.31872;14710.861;equality;lamboll;33%;exponential;2440.04412396681;510.500863978284;2°C;consumption_based
Honduras;16.61826;14846.778;equality;lamboll;33%;exponential;2462.58824814806;443.924640212149;2°C;consumption_based
Hungary;60.08714;8725.347;equality;lamboll;33%;exponential;1447.24579186231;72.1545563068426;2°C;consumption_based
Iceland;6.905605;432.993;equality;lamboll;33%;exponential;71.8191834841455;31.1560023812179;2°C;consumption_based
India;2949.414;1679589.259;equality;lamboll;33%;exponential;278588.17387376;282.963186417401;2°C;consumption_based
Indonesia;847.1642;320712.949;equality;lamboll;33%;exponential;53195.64549536;188.10982808644;2°C;consumption_based
Iraq;404.6027;71928.75;equality;lamboll;33%;exponential;11930.5949381058;88.3357137725065;2°C;consumption_based
Ireland;58.80573;5970.042;equality;lamboll;33%;exponential;990.232040254819;50.4452556119714;2°C;consumption_based
Israel;96.33576;13092.722;equality;lamboll;33%;exponential;2171.64851077248;67.5312836119898;2°C;consumption_based
Italy;480.3724;51891.098;equality;lamboll;33%;exponential;8607.01278878822;53.6756607795635;2°C;consumption_based
Jamaica;12.76953;2454.94;equality;lamboll;33%;exponential;407.193156246332;95.5275315330674;2°C;consumption_based
Japan;1258.371;105123.167;equality;lamboll;33%;exponential;17436.4482086488;41.5099606036708;2°C;consumption_based
Jordan;33.45501;16367.355;equality;lamboll;33%;exponential;2714.8015600602;243.097181850104;2°C;consumption_based
Kazakhstan;260.4604;26544.264;equality;lamboll;33%;exponential;4402.81336342065;50.6397520975705;2°C;consumption_based
Kenya;79.74114;83593.239;equality;lamboll;33%;exponential;13865.3469450431;520.896331897045;2°C;consumption_based
Kuwait;120.129;6367.756;equality;lamboll;33%;exponential;1056.19960725986;26.3391125438771;2°C;consumption_based
Kyrgyzstan;24.1211;9642.952;equality;lamboll;33%;exponential;1599.44603958218;198.64401377153;2°C;consumption_based
Latvia;16.48173;1513.81;equality;lamboll;33%;exponential;251.090890961596;45.6384788277128;2°C;consumption_based
Lebanon;35.63768;6999.26;equality;lamboll;33%;exponential;1160.94518431762;97.5899934139199;2°C;consumption_based
Lesotho;4.251056;2993.076;equality;lamboll;33%;exponential;496.452077576294;349.851310137583;2°C;consumption_based
Liberia;4.860882;8910.53;equality;lamboll;33%;exponential;1477.96151210524;910.858770256986;2°C;consumption_based
Libya;56.0342;9260.606;equality;lamboll;33%;exponential;1536.02751427478;82.1199766853076;2°C;consumption_based
Liechtenstein;1.370673;43.013;equality;lamboll;33%;exponential;7.13443067024998;15.59295631584;2°C;consumption_based
Lithuania;26.37468;2258.774;equality;lamboll;33%;exponential;374.655720427853;42.5547621111361;2°C;consumption_based
Luxembourg;8.842451;791.464;equality;lamboll;33%;exponential;131.277637830394;44.4755256709303;2°C;consumption_based
Madagascar;31.88092;53185.475;equality;lamboll;33%;exponential;8821.70702001287;828.943218316484;2°C;consumption_based
Malawi;16.42;37361.682;equality;lamboll;33%;exponential;6197.06437479196;1130.6178896989;2°C;consumption_based
Malaysia;233.1968;44289.772;equality;lamboll;33%;exponential;7346.20481564129;94.3720619423352;2°C;consumption_based
Maldives;2.901473;589.962;equality;lamboll;33%;exponential;97.8551365187739;101.034126666808;2°C;consumption_based
Mali;73.55506;46154.079;equality;lamboll;33%;exponential;7655.43153871482;311.788520443204;2°C;consumption_based
Malta;2.956266;535.722;equality;lamboll;33%;exponential;88.8585187624128;90.0447836685747;2°C;consumption_based
Mauritania;8.741203;9415.598;equality;lamboll;33%;exponential;1561.7355485538;535.228570433515;2°C;consumption_based
Mauritius;9.153498;1107.197;equality;lamboll;33%;exponential;183.647274889191;60.1035875395167;2°C;consumption_based
Mexico;597.8052;148946.274;equality;lamboll;33%;exponential;24705.2487723492;123.803391261077;2°C;consumption_based
Monaco;1.08342;36.757;equality;lamboll;33%;exponential;6.09676767829211;16.8579901591447;2°C;consumption_based
Mongolia;44.70931;4501.493;equality;lamboll;33%;exponential;746.648448634497;50.0289280817212;2°C;consumption_based
Montenegro;4.889849;533.295;equality;lamboll;33%;exponential;88.4559599258588;54.1919339304943;2°C;consumption_based
Morocco;84.54553;43440.431;equality;lamboll;33%;exponential;7205.32730233367;255.308962414934;2°C;consumption_based
Mozambique;46.50852;63530.951;equality;lamboll;33%;exponential;10537.6785000941;678.758721435728;2°C;consumption_based
Myanmar;76.01056;58623.231;equality;lamboll;33%;exponential;9723.65045998999;383.229034225641;2°C;consumption_based
Namibia;15.53063;4512.3;equality;lamboll;33%;exponential;748.440971645061;144.368179114899;2°C;consumption_based
Nepal;51.71283;34642.027;equality;lamboll;33%;exponential;5745.96377626364;332.864573979516;2°C;consumption_based
Netherlands;199.7464;18958.475;equality;lamboll;33%;exponential;3144.58246346843;47.1614365648857;2°C;consumption_based
New Caledonia;0;340.581;equality;lamboll;33%;exponential;56.4910964616374;inf;2°C;consumption_based
New Zealand;79.7114;5755.288;equality;lamboll;33%;exponential;954.611471492844;35.876429141327;2°C;consumption_based
Nicaragua;16.31699;8756.43;equality;lamboll;33%;exponential;1452.40143105333;266.654930913267;2°C;consumption_based
Niger;34.38707;52513.876;equality;lamboll;33%;exponential;8710.31101174306;758.824750424256;2°C;consumption_based
Nigeria;449.8309;359185.556;equality;lamboll;33%;exponential;59576.975496645;396.763913408427;2°C;consumption_based
Norway;76.82043;5899.829;equality;lamboll;33%;exponential;978.586031358666;38.1614859040788;2°C;consumption_based
Oman;65.19586;7827.002;equality;lamboll;33%;exponential;1298.24013960682;59.6537860692899;2°C;consumption_based
Pakistan;578.9303;371863.793;equality;lamboll;33%;exponential;61679.8746875291;319.16863088734;2°C;consumption_based
Panama;21.22502;5630.68;equality;lamboll;33%;exponential;933.943135479115;131.818184040297;2°C;consumption_based
Papua New Guinea;17.17362;14906.59;equality;lamboll;33%;exponential;2472.50907597335;431.2995882958;2°C;consumption_based
Paraguay;29.96962;8640.464;equality;lamboll;33%;exponential;1433.16651632741;143.257845322662;2°C;consumption_based
Peru;99.16215;40583.876;equality;lamboll;33%;exponential;6731.51953251394;203.362173103458;2°C;consumption_based
Philippines;260.8678;134373.439;equality;lamboll;33%;exponential;22288.098585743;255.95024088624;2°C;consumption_based
Poland;340.3965;32814.096;equality;lamboll;33%;exponential;5442.77062559987;47.9002681304337;2°C;consumption_based
Portugal;63.02308;9770.27;equality;lamboll;33%;exponential;1620.56387475004;77.0317080812996;2°C;consumption_based
Qatar;162.3337;4164.46;equality;lamboll;33%;exponential;690.745847744385;12.7471352461705;2°C;consumption_based
Romania;116.8046;16027.266;equality;lamboll;33%;exponential;2658.39207008706;68.1807987024467;2°C;consumption_based
Rwanda;8.712675;22707.91;equality;lamboll;33%;exponential;3766.48942322731;1295.05506898419;2°C;consumption_based
Samoa;0.6925006;272.726;equality;lamboll;33%;exponential;45.2362015896263;195.690153965264;2°C;consumption_based
San Marino;0.566147;33.696;equality;lamboll;33%;exponential;5.58904926103139;29.5741128183225;2°C;consumption_based
Sao Tome and Principe;0.2998609;365.115;equality;lamboll;33%;exponential;60.560473674664;605.023747640682;2°C;consumption_based
Saudi Arabia;703.8256;47693.909;equality;lamboll;33%;exponential;7910.8382850234;33.6713435278727;2°C;consumption_based
Senegal;28.29428;30364.954;equality;lamboll;33%;exponential;5036.53916532978;533.25700193103;2°C;consumption_based
Serbia;73.73461;5532.87;equality;lamboll;33%;exponential;917.719699218981;37.2856453845292;2°C;consumption_based
Seychelles;0.9971907;141.747;equality;lamboll;33%;exponential;23.5111278965876;70.6314696150527;2°C;consumption_based
Sierra Leone;7.612386;12948.325;equality;lamboll;33%;exponential;2147.69783573256;845.191996352535;2°C;consumption_based
Singapore;98.39144;6081.692;equality;lamboll;33%;exponential;1008.75107367108;30.7135269834315;2°C;consumption_based
Slovakia;47.49821;4936.488;equality;lamboll;33%;exponential;818.799697545416;51.6420446057451;2°C;consumption_based
Slovenia;16.40035;1981.553;equality;lamboll;33%;exponential;328.673947363027;60.0364718796736;2°C;consumption_based
Somalia;27.54213;37206.512;equality;lamboll;33%;exponential;6171.32681621426;671.24956980387;2°C;consumption_based
South Africa;442.3963;79177.328;equality;lamboll;33%;exponential;13132.8937128692;88.9307472526252;2°C;consumption_based
South Sudan;0;18341.974;equality;lamboll;33%;exponential;3042.32538670931;inf;2°C;consumption_based
Spain;347.0203;44928.558;equality;lamboll;33%;exponential;7452.15823507556;64.3324639291909;2°C;consumption_based
Sri Lanka;52.34435;24813.69;equality;lamboll;33%;exponential;4115.76851133553;235.550552445204;2°C;consumption_based
Sudan;0;85206.383;equality;lamboll;33%;exponential;14132.9140533389;inf;2°C;consumption_based
Suriname;3.667079;733.905;equality;lamboll;33%;exponential;121.730508010365;99.4448201205296;2°C;consumption_based
Sweden;98.71911;11309.63;equality;lamboll;33%;exponential;1875.89266364074;56.9258798442544;2°C;consumption_based
Switzerland;98.65993;9342.586;equality;lamboll;33%;exponential;1549.62527835417;47.053169997999;2°C;consumption_based
Tajikistan;16.7698;15574.642;equality;lamboll;33%;exponential;2583.31675453848;461.479884935042;2°C;consumption_based
Thailand;283.2797;66382.735;equality;lamboll;33%;exponential;11010.694919189;116.440020670989;2°C;consumption_based
Togo;13.54584;15584.778;equality;lamboll;33%;exponential;2584.99798089501;571.685615542417;2°C;consumption_based
Trinidad and Tobago;32.59566;1399.8;equality;lamboll;33%;exponential;232.180411787504;21.3387411967999;2°C;consumption_based
Tunisia;31.10463;13145.141;equality;lamboll;33%;exponential;2180.34308500129;209.992021996681;2°C;consumption_based
Turkmenistan;101.6677;9639.708;equality;lamboll;33%;exponential;1598.907967532;47.1132936102444;2°C;consumption_based
Uganda;50.1081;85431.202;equality;lamboll;33%;exponential;14170.2040719113;847.171169153708;2°C;consumption_based
Ukraine;252.1204;31990.132;equality;lamboll;33%;exponential;5306.10231525691;63.0479007355005;2°C;consumption_based
Uruguay;31.57455;3254.354;equality;lamboll;33%;exponential;539.789435506724;51.2141782819069;2°C;consumption_based
Uzbekistan;165.7009;52210.754;equality;lamboll;33%;exponential;8660.03312148599;156.566082091782;2°C;consumption_based
Vanuatu;0.5712391;534.388;equality;lamboll;33%;exponential;88.6372523891277;464.837714402358;2°C;consumption_based
Viet Nam;237.3877;110008.908;equality;lamboll;33%;exponential;18246.8306613328;230.267277968611;2°C;consumption_based
Yemen;45.34253;70976.403;equality;lamboll;33%;exponential;11772.6321444034;777.805165694732;2°C;consumption_based
Zambia;39.16851;38083.386;equality;lamboll;33%;exponential;6316.77114140769;483.126755982535;2°C;consumption_based
Zimbabwe;22.44673;25866.385;equality;lamboll;33%;exponential;4290.37571135457;572.591953668844;2°C;consumption_based
Afghanistan;36.29291;76885.134;responsability;lamboll;33%;linear;18731.4721937665;1032.23864902354;2°C;consumption_based
Albania;10.69817;2240.166;responsability;lamboll;33%;linear;260.214196395723;48.646487463879;2°C;consumption_based
Algeria;229.2533;59565.554;responsability;lamboll;33%;linear;10821.5245383395;94.40670680282;2°C;consumption_based
Andorra;0.7052279;82.195;responsability;lamboll;33%;linear;-11.0363099307148;-12;2°C;consumption_based
Angola;63.06419;74295.394;responsability;lamboll;33%;linear;16953.4804917192;537.65791621899;2°C;consumption_based
Argentina;329.7293;48308.943;responsability;lamboll;33%;linear;2465.89783978061;14.9571047509615;2°C;consumption_based
Armenia;13.76886;2495.207;responsability;lamboll;33%;linear;230.217073851944;33.4402519674023;2°C;consumption_based
Aruba;0.8570806;100.002;responsability;lamboll;33%;linear;-32.2658568391184;-17;2°C;consumption_based
Australia;516.071;32506.969;responsability;lamboll;33%;linear;-8343.70308063319;-14;2°C;consumption_based
Austria;104.6011;8724.332;responsability;lamboll;33%;linear;-1547.22854851439;-13;2°C;consumption_based
Azerbaijan;61.16201;11224.923;responsability;lamboll;33%;linear;999.876531451694;32.6959997374741;2°C;consumption_based
Bahamas;3.216727;424.265;responsability;lamboll;33%;linear;-20.0442912711503;-5;2°C;consumption_based
Bahrain;29.84191;2139.464;responsability;lamboll;33%;linear;-528.96622361254;-13;2°C;consumption_based
Bangladesh;198.2366;214709.096;responsability;lamboll;33%;linear;50807.8259987298;512.597835099369;2°C;consumption_based
Barbados;4.262979;264.216;responsability;lamboll;33%;linear;-112.269591694175;-19;2°C;consumption_based
Belarus;37.69015;7453.546;responsability;lamboll;33%;linear;1673.03451042904;88.7783418441711;2°C;consumption_based
Belgium;135.3539;11870.906;responsability;lamboll;33%;linear;-1533.63052168393;-10;2°C;consumption_based
Belize;1.471538;516.627;responsability;lamboll;33%;linear;83.6385656754563;113.675033435027;2°C;consumption_based
Benin;17.1341;24433.809;responsability;lamboll;33%;linear;5835.59956141224;681.167912106529;2°C;consumption_based
Bermuda;0;56.937;responsability;lamboll;33%;linear;14.4495733202067;inf;2°C;consumption_based
Bhutan;3.675114;882.34;responsability;lamboll;33%;linear;154.007258506213;83.8108741694612;2°C;consumption_based
Bosnia and Herzegovina;26.34888;2455.167;responsability;lamboll;33%;linear;-90.3747006982622;-2;2°C;consumption_based
Botswana;18.26959;3437.43;responsability;lamboll;33%;linear;226.613920808056;24.8077730050927;2°C;consumption_based
Brazil;1077.661;217489.3;responsability;lamboll;33%;linear;25412.4743140988;47.1622788875143;2°C;consumption_based
British Virgin Islands;0.2776416;40.34;responsability;lamboll;33%;linear;-4.60001581520206;-11;2°C;consumption_based
Bulgaria;57.15165;5402.217;responsability;lamboll;33%;linear;-295.707183134212;-4;2°C;consumption_based
Burkina Faso;29.78411;37304.383;responsability;lamboll;33%;linear;8860.81418714987;595.002784179207;2°C;consumption_based
Burundi;4.499215;24131.72;responsability;lamboll;33%;linear;6014.01638967774;2673.36252643083;2°C;consumption_based
Cambodia;40.78146;21931.455;responsability;lamboll;33%;linear;4673.71204116453;229.207686098758;2°C;consumption_based
Cameroon;38.30513;51096.317;responsability;lamboll;33%;linear;11922.9885405263;622.526984794272;2°C;consumption_based
Canada;672.7777;45621.882;responsability;lamboll;33%;linear;-11337.91918907;-14;2°C;consumption_based
Cayman Islands;0;103.958;responsability;lamboll;33%;linear;26.3826464903675;inf;2°C;consumption_based
Central African Republic;9.32562;10616.752;responsability;lamboll;33%;linear;2114.86791332729;453.560817045362;2°C;consumption_based
Chad;49.86327;38857.686;responsability;lamboll;33%;linear;9002.62427943415;361.092414494042;2°C;consumption_based
Chile;120.2864;20320.306;responsability;lamboll;33%;linear;2197.59287692023;36.539340722147;2°C;consumption_based
China;12046.22;1260289.093;responsability;lamboll;33%;linear;84170.6038228985;13.9746084369866;2°C;consumption_based
Colombia;192.7321;59385.356;responsability;lamboll;33%;linear;10214.0570687915;105.992277039388;2°C;consumption_based
Congo;20.37865;11006.472;responsability;lamboll;33%;linear;2343.72622039787;230.017809854713;2°C;consumption_based
Costa Rica;20.15067;5354.15;responsability;lamboll;33%;linear;817.678453951683;81.156453254575;2°C;consumption_based
Croatia;23.31505;3234.159;responsability;lamboll;33%;linear;-161.942835795413;-5;2°C;consumption_based
Cuba;41.99676;9382;responsability;lamboll;33%;linear;945.206988472342;45.0133290507335;2°C;consumption_based
Cyprus;10.44542;1508.481;responsability;lamboll;33%;linear;-30.9634247473206;-2;2°C;consumption_based
Denmark;60.05671;6124.838;responsability;lamboll;33%;linear;-1130.43644806297;-14;2°C;consumption_based
Djibouti;1.718966;1530.539;responsability;lamboll;33%;linear;331.740406799444;385.976693895567;2°C;consumption_based
Dominican Republic;36.86521;12996.293;responsability;lamboll;33%;linear;2358.01882658552;127.926509930936;2°C;consumption_based
Ecuador;64.94059;21337.238;responsability;lamboll;33%;linear;3679.80890202578;113.328471516067;2°C;consumption_based
Egypt;359.3699;161630.192;responsability;lamboll;33%;linear;32654.8942464267;181.734164416256;2°C;consumption_based
El Salvador;15.27658;6663.345;responsability;lamboll;33%;linear;1215.14169900206;159.085567450575;2°C;consumption_based
Eritrea;6.147011;5696.062;responsability;lamboll;33%;linear;1267.1518525897;412.282279172657;2°C;consumption_based
Estonia;12.3808;1174.267;responsability;lamboll;33%;linear;-276.708948227704;-16;2°C;consumption_based
Ethiopia;15.46353;225021.874;responsability;lamboll;33%;linear;56721.4764004636;7336.16145866611;2°C;consumption_based
Fiji;3.433959;1000.261;responsability;lamboll;33%;linear;159.064248018272;92.6419028405822;2°C;consumption_based
Finland;64.9849;5351.645;responsability;lamboll;33%;linear;-1211.78506541216;-15;2°C;consumption_based
France;561.8057;68219.675;responsability;lamboll;33%;linear;-5637.02331286903;-8;2°C;consumption_based
French Polynesia;0;284.75;responsability;lamboll;33%;linear;72.264362416862;inf;2°C;consumption_based
Gabon;14.30998;4084.533;responsability;lamboll;33%;linear;512.765123268245;71.6653864321606;2°C;consumption_based
Gambia;2.508158;4301.896;responsability;lamboll;33%;linear;1025.64166774328;817.844543879038;2°C;consumption_based
Georgia;17.8212;3664.014;responsability;lamboll;33%;linear;205.469252094666;23.0589693280662;2°C;consumption_based
Germany;872.121;78294.613;responsability;lamboll;33%;linear;-16100.9837939598;-15;2°C;consumption_based
Ghana;54.33566;50553.047;responsability;lamboll;33%;linear;11954.4703218338;440.023009634327;2°C;consumption_based
Greece;83.41989;8812.07;responsability;lamboll;33%;linear;-2742.52605252763;-18;2°C;consumption_based
Greenland;0;49.898;responsability;lamboll;33%;linear;12.6632033568976;inf;2°C;consumption_based
Guatemala;40.88083;24670.857;responsability;lamboll;33%;linear;5338.93461226542;261.195020368491;2°C;consumption_based
Guinea;25.79336;23404.584;responsability;lamboll;33%;linear;5417.7788148609;420.090970300953;2°C;consumption_based
Guyana;3.330323;940.608;responsability;lamboll;33%;linear;-1067.89134162177;-25;2°C;consumption_based
Haiti;14.31872;14710.861;responsability;lamboll;33%;linear;3389.51145293971;473.437772781325;2°C;consumption_based
Honduras;16.61826;14846.778;responsability;lamboll;33%;linear;3315.95745740015;399.073965312873;2°C;consumption_based
Hungary;60.08714;8725.347;responsability;lamboll;33%;linear;-2.14752000569024;1;2°C;consumption_based
Iceland;6.905605;432.993;responsability;lamboll;33%;linear;-86.6968878780884;-12;2°C;consumption_based
India;2949.414;1679589.259;responsability;lamboll;33%;linear;363131.743132027;246.239926393532;2°C;consumption_based
Indonesia;847.1642;320712.949;responsability;lamboll;33%;linear;62519.9154990925;147.598105536312;2°C;consumption_based
Iraq;404.6027;71928.75;responsability;lamboll;33%;linear;12071.3815801031;59.670296713804;2°C;consumption_based
Ireland;58.80573;5970.042;responsability;lamboll;33%;linear;-605.172512785294;-8;2°C;consumption_based
Israel;96.33576;13092.722;responsability;lamboll;33%;linear;429.527110039412;8.91729322609614;2°C;consumption_based
Italy;480.3724;51891.098;responsability;lamboll;33%;linear;-7514.33608101526;-12;2°C;consumption_based
Jamaica;12.76953;2454.94;responsability;lamboll;33%;linear;106.72507783723;16.7155843382223;2°C;consumption_based
Japan;1258.371;105123.167;responsability;lamboll;33%;linear;-29339.1093520762;-17;2°C;consumption_based
Jordan;33.45501;16367.355;responsability;lamboll;33%;linear;3157.20388808758;188.74326374959;2°C;consumption_based
Kazakhstan;260.4604;26544.264;responsability;lamboll;33%;linear;-3915.40268091356;-5;2°C;consumption_based
Kenya;79.74114;83593.239;responsability;lamboll;33%;linear;19319.8136843296;484.563267701707;2°C;consumption_based
Kuwait;120.129;6367.756;responsability;lamboll;33%;linear;-1350.97345514961;-10;2°C;consumption_based
Kyrgyzstan;24.1211;9642.952;responsability;lamboll;33%;linear;1882.82013804181;156.113953181389;2°C;consumption_based
Latvia;16.48173;1513.81;responsability;lamboll;33%;linear;-150.804290631186;-8;2°C;consumption_based
Lebanon;35.63768;6999.26;responsability;lamboll;33%;linear;796.173495293575;44.6815558865546;2°C;consumption_based
Lesotho;4.251056;2993.076;responsability;lamboll;33%;linear;603.359390861147;283.863299312522;2°C;consumption_based
Liberia;4.860882;8910.53;responsability;lamboll;33%;linear;2188.28264632545;900.364438521836;2°C;consumption_based
Libya;56.0342;9260.606;responsability;lamboll;33%;linear;618.42352283149;22.0730740451899;2°C;consumption_based
Liechtenstein;1.370673;43.013;responsability;lamboll;33%;linear;-9.39457771198776;-10;2°C;consumption_based
Lithuania;26.37468;2258.774;responsability;lamboll;33%;linear;-378.23587920532;-12;2°C;consumption_based
Luxembourg;8.842451;791.464;responsability;lamboll;33%;linear;-345.711988712382;-19;2°C;consumption_based
Madagascar;31.88092;53185.475;responsability;lamboll;33%;linear;12627.4747405898;792.165015350236;2°C;consumption_based
Malawi;16.42;37361.682;responsability;lamboll;33%;linear;9162.74682247515;1116.04711601403;2°C;consumption_based
Malaysia;233.1968;44289.772;responsability;lamboll;33%;linear;5600.5935213457;48.0331936059645;2°C;consumption_based
Maldives;2.901473;589.962;responsability;lamboll;33%;linear;100.644639756459;69.374858739998;2°C;consumption_based
Mali;73.55506;46154.079;responsability;lamboll;33%;linear;10451.0563839508;284.169610736522;2°C;consumption_based
Malta;2.956266;535.722;responsability;lamboll;33%;linear;2.26814380223405;1.53446530334824;2°C;consumption_based
Mauritania;8.741203;9415.598;responsability;lamboll;33%;linear;2169.82830478308;496.459881959743;2°C;consumption_based
Mauritius;9.153498;1107.197;responsability;lamboll;33%;linear;31.1911496553551;6.81513223804824;2°C;consumption_based
Mexico;597.8052;148946.274;responsability;lamboll;33%;linear;18720.072033985;62.629338232538;2°C;consumption_based
Monaco;1.08342;36.757;responsability;lamboll;33%;linear;-7.09405264001195;-8;2°C;consumption_based
Mongolia;44.70931;4501.493;responsability;lamboll;33%;linear;426.13555107978;19.0624973223599;2°C;consumption_based
Montenegro;4.889849;533.295;responsability;lamboll;33%;linear;-19.2497675826148;-2;2°C;consumption_based
Morocco;84.54553;43440.431;responsability;lamboll;33%;linear;9018.29144886282;213.335736350883;2°C;consumption_based
Mozambique;46.50852;63530.951;responsability;lamboll;33%;linear;15092.2068252306;649.008260216862;2°C;consumption_based
Myanmar;76.01056;58623.231;responsability;lamboll;33%;linear;13378.3769082052;352.013638847159;2°C;consumption_based
Namibia;15.53063;4512.3;responsability;lamboll;33%;linear;640.959794797564;82.5413772393733;2°C;consumption_based
Nepal;51.71283;34642.027;responsability;lamboll;33%;linear;7717.05840322289;298.458173850586;2°C;consumption_based
Netherlands;199.7464;18958.475;responsability;lamboll;33%;linear;-2911.91643100608;-11;2°C;consumption_based
New Caledonia;0;340.581;responsability;lamboll;33%;linear;86.4332530862064;inf;2°C;consumption_based
New Zealand;79.7114;5755.288;responsability;lamboll;33%;linear;-990.885215591161;-11;2°C;consumption_based
Nicaragua;16.31699;8756.43;responsability;lamboll;33%;linear;1760.26031912338;215.757969959335;2°C;consumption_based
Niger;34.38707;52513.876;responsability;lamboll;33%;linear;12727.8375505984;740.268801651227;2°C;consumption_based
Nigeria;449.8309;359185.556;responsability;lamboll;33%;linear;80123.3729607062;356.237746053933;2°C;consumption_based
Norway;76.82043;5899.829;responsability;lamboll;33%;linear;-1120.65152304297;-12;2°C;consumption_based
Oman;65.19586;7827.002;responsability;lamboll;33%;linear;630.797265067617;19.3508380767618;2°C;consumption_based
Pakistan;578.9303;371863.793;responsability;lamboll;33%;linear;83676.7828388445;289.073772227311;2°C;consumption_based
Panama;21.22502;5630.68;responsability;lamboll;33%;linear;887.508854120726;83.628552917333;2°C;consumption_based
Papua New Guinea;17.17362;14906.59;responsability;lamboll;33%;linear;3431.85729634353;399.666150333306;2°C;consumption_based
Paraguay;29.96962;8640.464;responsability;lamboll;33%;linear;1143.80876099508;76.331215477212;2°C;consumption_based
Peru;99.16215;40583.876;responsability;lamboll;33%;linear;7630.29267065843;153.89526489005;2°C;consumption_based
Philippines;260.8678;134373.439;responsability;lamboll;33%;linear;28733.8939692839;220.294677758496;2°C;consumption_based
Poland;340.3965;32814.096;responsability;lamboll;33%;linear;-3912.67864328112;-10;2°C;consumption_based
Portugal;63.02308;9770.27;responsability;lamboll;33%;linear;-493.885669040933;-6;2°C;consumption_based
Qatar;162.3337;4164.46;responsability;lamboll;33%;linear;-1873.58791024399;-10;2°C;consumption_based
Romania;116.8046;16027.266;responsability;lamboll;33%;linear;-460.249234361895;-2;2°C;consumption_based
Rwanda;8.712675;22707.91;responsability;lamboll;33%;linear;5562.12473268651;1276.78921403278;2°C;consumption_based
Samoa;0.6925006;272.726;responsability;lamboll;33%;linear;51.2293905704165;147.954790423045;2°C;consumption_based
San Marino;0.566147;33.696;responsability;lamboll;33%;linear;-14.7356027746318;-18;2°C;consumption_based
Sao Tome and Principe;0.2998609;365.115;responsability;lamboll;33%;linear;83.2301308251363;555.124931760935;2°C;consumption_based
Saudi Arabia;703.8256;47693.909;responsability;lamboll;33%;linear;-2435.77518471348;-2;2°C;consumption_based
Senegal;28.29428;30364.954;responsability;lamboll;33%;linear;7047.08611565353;498.127969020843;2°C;consumption_based
Serbia;73.73461;5532.87;responsability;lamboll;33%;linear;-1021.00461197407;-11;2°C;consumption_based
Seychelles;0.9971907;141.747;responsability;lamboll;33%;linear;4.98482174935185;9.99773012193526;2°C;consumption_based
Sierra Leone;7.612386;12948.325;responsability;lamboll;33%;linear;3113.38716206783;817.979320036538;2°C;consumption_based
Singapore;98.39144;6081.692;responsability;lamboll;33%;linear;-2269.38255682799;-15;2°C;consumption_based
Slovakia;47.49821;4936.488;responsability;lamboll;33%;linear;-760.856478670798;-12;2°C;consumption_based
Slovenia;16.40035;1981.553;responsability;lamboll;33%;linear;-133.235448585706;-6;2°C;consumption_based
Somalia;27.54213;37206.512;responsability;lamboll;33%;linear;8566.30041636638;622.050684995414;2°C;consumption_based
South Africa;442.3963;79177.328;responsability;lamboll;33%;linear;7121.08319171468;32.1932312350473;2°C;consumption_based
South Sudan;0;18341.974;responsability;lamboll;33%;linear;4654.85884662567;inf;2°C;consumption_based
Spain;347.0203;44928.558;responsability;lamboll;33%;linear;-3736.31668927478;-8;2°C;consumption_based
Sri Lanka;52.34435;24813.69;responsability;lamboll;33%;linear;5286.34290552999;201.983324103938;2°C;consumption_based
Sudan;0;85206.383;responsability;lamboll;33%;linear;21623.827713229;inf;2°C;consumption_based
Suriname;3.667079;733.905;responsability;lamboll;33%;linear;77.0782446990241;42.037951568005;2°C;consumption_based
Sweden;98.71911;11309.63;responsability;lamboll;33%;linear;-626.600055142705;-4;2°C;consumption_based
Switzerland;98.65993;9342.586;responsability;lamboll;33%;linear;-1445.38830668235;-11;2°C;consumption_based
Tajikistan;16.7698;15574.642;responsability;lamboll;33%;linear;3533.24967135428;421.382445986747;2°C;consumption_based
Thailand;283.2797;66382.735;responsability;lamboll;33%;linear;7844.25078055315;55.3816654038617;2°C;consumption_based
Togo;13.54584;15584.778;responsability;lamboll;33%;linear;3650.24479749636;538.946982615527;2°C;consumption_based
Trinidad and Tobago;32.59566;1399.8;responsability;lamboll;33%;linear;-574.343521593948;-15;2°C;consumption_based
Tunisia;31.10463;13145.141;responsability;lamboll;33%;linear;2232.69102726866;143.560044100744;2°C;consumption_based
Turkmenistan;101.6677;9639.708;responsability;lamboll;33%;linear;162.705783941086;3.20073698807165;2°C;consumption_based
Uganda;50.1081;85431.202;responsability;lamboll;33%;linear;20543.2265196704;819.956315233282;2°C;consumption_based
Ukraine;252.1204;31990.132;responsability;lamboll;33%;linear;-4123.59559548286;-13;2°C;consumption_based
Uruguay;31.57455;3254.354;responsability;lamboll;33%;linear;-310.262552708465;-8;2°C;consumption_based
Uzbekistan;165.7009;52210.754;responsability;lamboll;33%;linear;7066.43378828315;85.2914352098649;2°C;consumption_based
Vanuatu;0.5712391;534.388;responsability;lamboll;33%;linear;113.285806105082;396.631834568333;2°C;consumption_based
Viet Nam;237.3877;110008.908;responsability;lamboll;33%;linear;22049.4743551632;185.767622797333;2°C;consumption_based
Yemen;45.34253;70976.403;responsability;lamboll;33%;linear;16987.7693913863;749.308403893048;2°C;consumption_based
Zambia;39.16851;38083.386;responsability;lamboll;33%;linear;8665.79224265232;442.487714883835;2°C;consumption_based
Zimbabwe;22.44673;25866.385;responsability;lamboll;33%;linear;5750.25796350424;512.347051308074;2°C;consumption_based
Afghanistan;36.29291;76885.134;responsability;lamboll;33%;exponential;18731.4721937665;1546.15531744479;2°C;consumption_based
Albania;10.69817;2240.166;responsability;lamboll;33%;exponential;260.214196395723;72.8659262452909;2°C;consumption_based
Algeria;229.2533;59565.554;responsability;lamboll;33%;exponential;10821.5245383395;141.408609204579;2°C;consumption_based
Andorra;0.7052279;82.195;responsability;lamboll;33%;exponential;-11.0363099307148;-12;2°C;consumption_based
Angola;63.06419;74295.394;responsability;lamboll;33%;exponential;16953.4804917192;805.339585874508;2°C;consumption_based
Argentina;329.7293;48308.943;responsability;lamboll;33%;exponential;2465.89783978061;22.4037407106916;2°C;consumption_based
Armenia;13.76886;2495.207;responsability;lamboll;33%;exponential;230.217073851944;50.0890210272623;2°C;consumption_based
Aruba;0.8570806;100.002;responsability;lamboll;33%;exponential;-32.2658568391184;-17;2°C;consumption_based
Australia;516.071;32506.969;responsability;lamboll;33%;exponential;-8343.70308063319;-14;2°C;consumption_based
Austria;104.6011;8724.332;responsability;lamboll;33%;exponential;-1547.22854851439;-13;2°C;consumption_based
Azerbaijan;61.16201;11224.923;responsability;lamboll;33%;exponential;999.876531451694;48.974230814832;2°C;consumption_based
Bahamas;3.216727;424.265;responsability;lamboll;33%;exponential;-20.0442912711503;-5;2°C;consumption_based
Bahrain;29.84191;2139.464;responsability;lamboll;33%;exponential;-528.96622361254;-13;2°C;consumption_based
Bangladesh;198.2366;214709.096;responsability;lamboll;33%;exponential;50807.8259987298;767.802938980543;2°C;consumption_based
Barbados;4.262979;264.216;responsability;lamboll;33%;exponential;-112.269591694175;-19;2°C;consumption_based
Belarus;37.69015;7453.546;responsability;lamboll;33%;exponential;1673.03451042904;132.978071927596;2°C;consumption_based
Belgium;135.3539;11870.906;responsability;lamboll;33%;exponential;-1533.63052168393;-10;2°C;consumption_based
Belize;1.471538;516.627;responsability;lamboll;33%;exponential;83.6385656754563;170.269983179319;2°C;consumption_based
Benin;17.1341;24433.809;responsability;lamboll;33%;exponential;5835.59956141224;1020.29834900346;2°C;consumption_based
Bermuda;0;56.937;responsability;lamboll;33%;exponential;14.4495733202067;inf;2°C;consumption_based
Bhutan;3.675114;882.34;responsability;lamboll;33%;exponential;154.007258506213;125.537470312114;2°C;consumption_based
Bosnia and Herzegovina;26.34888;2455.167;responsability;lamboll;33%;exponential;-90.3747006982622;-2;2°C;consumption_based
Botswana;18.26959;3437.43;responsability;lamboll;33%;exponential;226.613920808056;37.1587231131789;2°C;consumption_based
Brazil;1077.661;217489.3;responsability;lamboll;33%;exponential;25412.4743140988;70.6427804788403;2°C;consumption_based
British Virgin Islands;0.2776416;40.34;responsability;lamboll;33%;exponential;-4.60001581520206;-11;2°C;consumption_based
Bulgaria;57.15165;5402.217;responsability;lamboll;33%;exponential;-295.707183134212;-4;2°C;consumption_based
Burkina Faso;29.78411;37304.383;responsability;lamboll;33%;exponential;8860.81418714987;891.234521710064;2°C;consumption_based
Burundi;4.499215;24131.72;responsability;lamboll;33%;exponential;6014.01638967774;4004.33919966933;2°C;consumption_based
Cambodia;40.78146;21931.455;responsability;lamboll;33%;exponential;4673.71204116453;343.322431296341;2°C;consumption_based
Cameroon;38.30513;51096.317;responsability;lamboll;33%;exponential;11922.9885405263;932.462089753228;2°C;consumption_based
Canada;672.7777;45621.882;responsability;lamboll;33%;exponential;-11337.91918907;-14;2°C;consumption_based
Cayman Islands;0;103.958;responsability;lamboll;33%;exponential;26.3826464903675;inf;2°C;consumption_based
Central African Republic;9.32562;10616.752;responsability;lamboll;33%;exponential;2114.86791332729;679.373388821154;2°C;consumption_based
Chad;49.86327;38857.686;responsability;lamboll;33%;exponential;9002.62427943415;540.868099917667;2°C;consumption_based
Chile;120.2864;20320.306;responsability;lamboll;33%;exponential;2197.59287692023;54.7310411278606;2°C;consumption_based
China;12046.22;1260289.093;responsability;lamboll;33%;exponential;84170.6038228985;20.9320927524804;2°C;consumption_based
Colombia;192.7321;59385.356;responsability;lamboll;33%;exponential;10214.0570687915;158.762242537184;2°C;consumption_based
Congo;20.37865;11006.472;responsability;lamboll;33%;exponential;2343.72622039787;344.535888236984;2°C;consumption_based
Costa Rica;20.15067;5354.15;responsability;lamboll;33%;exponential;817.678453951683;121.561503110953;2°C;consumption_based
Croatia;23.31505;3234.159;responsability;lamboll;33%;exponential;-161.942835795413;-5;2°C;consumption_based
Cuba;41.99676;9382;responsability;lamboll;33%;exponential;945.206988472342;67.4239412886939;2°C;consumption_based
Cyprus;10.44542;1508.481;responsability;lamboll;33%;exponential;-30.9634247473206;-2;2°C;consumption_based
Denmark;60.05671;6124.838;responsability;lamboll;33%;exponential;-1130.43644806297;-14;2°C;consumption_based
Djibouti;1.718966;1530.539;responsability;lamboll;33%;exponential;331.740406799444;578.14141937131;2°C;consumption_based
Dominican Republic;36.86521;12996.293;responsability;lamboll;33%;exponential;2358.01882658552;191.616787221615;2°C;consumption_based
Ecuador;64.94059;21337.238;responsability;lamboll;33%;exponential;3679.80890202578;169.750879816612;2°C;consumption_based
Egypt;359.3699;161630.192;responsability;lamboll;33%;exponential;32654.8942464267;272.213450774572;2°C;consumption_based
El Salvador;15.27658;6663.345;responsability;lamboll;33%;exponential;1215.14169900206;238.288884334169;2°C;consumption_based
Eritrea;6.147011;5696.062;responsability;lamboll;33%;exponential;1267.1518525897;617.543664765962;2°C;consumption_based
Estonia;12.3808;1174.267;responsability;lamboll;33%;exponential;-276.708948227704;-16;2°C;consumption_based
Ethiopia;15.46353;225021.874;responsability;lamboll;33%;exponential;56721.4764004636;10988.5878228645;2°C;consumption_based
Fiji;3.433959;1000.261;responsability;lamboll;33%;exponential;159.064248018272;138.765169111493;2°C;consumption_based
Finland;64.9849;5351.645;responsability;lamboll;33%;exponential;-1211.78506541216;-15;2°C;consumption_based
France;561.8057;68219.675;responsability;lamboll;33%;exponential;-5637.02331286903;-8;2°C;consumption_based
French Polynesia;0;284.75;responsability;lamboll;33%;exponential;72.264362416862;inf;2°C;consumption_based
Gabon;14.30998;4084.533;responsability;lamboll;33%;exponential;512.765123268245;107.345155515771;2°C;consumption_based
Gambia;2.508158;4301.896;responsability;lamboll;33%;exponential;1025.64166774328;1225.02164742424;2°C;consumption_based
Georgia;17.8212;3664.014;responsability;lamboll;33%;exponential;205.469252094666;34.5392493054897;2°C;consumption_based
Germany;872.121;78294.613;responsability;lamboll;33%;exponential;-16100.9837939598;-15;2°C;consumption_based
Ghana;54.33566;50553.047;responsability;lamboll;33%;exponential;11954.4703218338;659.095565533955;2°C;consumption_based
Greece;83.41989;8812.07;responsability;lamboll;33%;exponential;-2742.52605252763;-18;2°C;consumption_based
Greenland;0;49.898;responsability;lamboll;33%;exponential;12.6632033568976;inf;2°C;consumption_based
Guatemala;40.88083;24670.857;responsability;lamboll;33%;exponential;5338.93461226542;391.235176104741;2°C;consumption_based
Guinea;25.79336;23404.584;responsability;lamboll;33%;exponential;5417.7788148609;629.240038779588;2°C;consumption_based
Guyana;3.330323;940.608;responsability;lamboll;33%;exponential;-1067.89134162177;-25;2°C;consumption_based
Haiti;14.31872;14710.861;responsability;lamboll;33%;exponential;3389.51145293971;709.146407720268;2°C;consumption_based
Honduras;16.61826;14846.778;responsability;lamboll;33%;exponential;3315.95745740015;597.75937871147;2°C;consumption_based
Hungary;60.08714;8725.347;responsability;lamboll;33%;exponential;-2.14752000569024;1;2°C;consumption_based
Iceland;6.905605;432.993;responsability;lamboll;33%;exponential;-86.6968878780884;-12;2°C;consumption_based
India;2949.414;1679589.259;responsability;lamboll;33%;exponential;363131.743132027;368.834447267332;2°C;consumption_based
Indonesia;847.1642;320712.949;responsability;lamboll;33%;exponential;62519.9154990925;221.082204135278;2°C;consumption_based
Iraq;404.6027;71928.75;responsability;lamboll;33%;exponential;12071.3815801031;89.3781168190427;2°C;consumption_based
Ireland;58.80573;5970.042;responsability;lamboll;33%;exponential;-605.172512785294;-8;2°C;consumption_based
Israel;96.33576;13092.722;responsability;lamboll;33%;exponential;429.527110039412;13.3569115550803;2°C;consumption_based
Italy;480.3724;51891.098;responsability;lamboll;33%;exponential;-7514.33608101526;-12;2°C;consumption_based
Jamaica;12.76953;2454.94;responsability;lamboll;33%;exponential;106.72507783723;25.0377077366631;2°C;consumption_based
Japan;1258.371;105123.167;responsability;lamboll;33%;exponential;-29339.1093520762;-17;2°C;consumption_based
Jordan;33.45501;16367.355;responsability;lamboll;33%;exponential;3157.20388808758;282.712143315279;2°C;consumption_based
Kazakhstan;260.4604;26544.264;responsability;lamboll;33%;exponential;-3915.40268091356;-5;2°C;consumption_based
Kenya;79.74114;83593.239;responsability;lamboll;33%;exponential;19319.8136843296;725.810909816392;2°C;consumption_based
Kuwait;120.129;6367.756;responsability;lamboll;33%;exponential;-1350.97345514961;-10;2°C;consumption_based
Kyrgyzstan;24.1211;9642.952;responsability;lamboll;33%;exponential;1882.82013804181;233.837803948792;2°C;consumption_based
Latvia;16.48173;1513.81;responsability;lamboll;33%;exponential;-150.804290631186;-8;2°C;consumption_based
Lebanon;35.63768;6999.26;responsability;lamboll;33%;exponential;796.173495293575;66.926989500979;2°C;consumption_based
Lesotho;4.251056;2993.076;responsability;lamboll;33%;exponential;603.359390861147;425.18922351402;2°C;consumption_based
Liberia;4.860882;8910.53;responsability;lamboll;33%;exponential;2188.28264632545;1348.62540322009;2°C;consumption_based
Libya;56.0342;9260.606;responsability;lamboll;33%;exponential;618.42352283149;33.0625101468612;2°C;consumption_based
Liechtenstein;1.370673;43.013;responsability;lamboll;33%;exponential;-9.39457771198776;-10;2°C;consumption_based
Lithuania;26.37468;2258.774;responsability;lamboll;33%;exponential;-378.23587920532;-12;2°C;consumption_based
Luxembourg;8.842451;791.464;responsability;lamboll;33%;exponential;-345.711988712382;-19;2°C;consumption_based
Madagascar;31.88092;53185.475;responsability;lamboll;33%;exponential;12627.4747405898;1186.55715123255;2°C;consumption_based
Malawi;16.42;37361.682;responsability;lamboll;33%;exponential;9162.74682247515;1671.68918212504;2°C;consumption_based
Malaysia;233.1968;44289.772;responsability;lamboll;33%;exponential;5600.5935213457;71.9472941436276;2°C;consumption_based
Maldives;2.901473;589.962;responsability;lamboll;33%;exponential;100.644639756459;103.914251650331;2°C;consumption_based
Mali;73.55506;46154.079;responsability;lamboll;33%;exponential;10451.0563839508;425.648037023337;2°C;consumption_based
Malta;2.956266;535.722;responsability;lamboll;33%;exponential;2.26814380223405;2.29842361594457;2°C;consumption_based
Mauritania;8.741203;9415.598;responsability;lamboll;33%;exponential;2169.82830478308;743.630445455804;2°C;consumption_based
Mauritius;9.153498;1107.197;responsability;lamboll;33%;exponential;31.1911496553551;10.2081557970297;2°C;consumption_based
Mexico;597.8052;148946.274;responsability;lamboll;33%;exponential;18720.072033985;93.8103649072715;2°C;consumption_based
Monaco;1.08342;36.757;responsability;lamboll;33%;exponential;-7.09405264001195;-8;2°C;consumption_based
Mongolia;44.70931;4501.493;responsability;lamboll;33%;exponential;426.13555107978;28.5530692215651;2°C;consumption_based
Montenegro;4.889849;533.295;responsability;lamboll;33%;exponential;-19.2497675826148;-2;2°C;consumption_based
Morocco;84.54553;43440.431;responsability;lamboll;33%;exponential;9018.29144886282;319.548375244372;2°C;consumption_based
Mozambique;46.50852;63530.951;responsability;lamboll;33%;exponential;15092.2068252306;972.127495467389;2°C;consumption_based
Myanmar;76.01056;58623.231;responsability;lamboll;33%;exponential;13378.3769082052;527.269309312807;2°C;consumption_based
Namibia;15.53063;4512.3;responsability;lamboll;33%;exponential;640.959794797564;123.635933849793;2°C;consumption_based
Nepal;51.71283;34642.027;responsability;lamboll;33%;exponential;7717.05840322289;447.050391855094;2°C;consumption_based
Netherlands;199.7464;18958.475;responsability;lamboll;33%;exponential;-2911.91643100608;-11;2°C;consumption_based
New Caledonia;0;340.581;responsability;lamboll;33%;exponential;86.4332530862064;inf;2°C;consumption_based
New Zealand;79.7114;5755.288;responsability;lamboll;33%;exponential;-990.885215591161;-11;2°C;consumption_based
Nicaragua;16.31699;8756.43;responsability;lamboll;33%;exponential;1760.26031912338;323.176556941835;2°C;consumption_based
Niger;34.38707;52513.876;responsability;lamboll;33%;exponential;12727.8375505984;1108.82357010586;2°C;consumption_based
Nigeria;449.8309;359185.556;responsability;lamboll;33%;exponential;80123.3729607062;533.596456455949;2°C;consumption_based
Norway;76.82043;5899.829;responsability;lamboll;33%;exponential;-1120.65152304297;-12;2°C;consumption_based
Oman;65.19586;7827.002;responsability;lamboll;33%;exponential;630.797265067617;28.9849650734364;2°C;consumption_based
Pakistan;578.9303;371863.793;responsability;lamboll;33%;exponential;83676.7828388445;432.993814449675;2°C;consumption_based
Panama;21.22502;5630.68;responsability;lamboll;33%;exponential;887.508854120726;125.264377482536;2°C;consumption_based
Papua New Guinea;17.17362;14906.59;responsability;lamboll;33%;exponential;3431.85729634353;598.646392600282;2°C;consumption_based
Paraguay;29.96962;8640.464;responsability;lamboll;33%;exponential;1143.80876099508;114.333942842344;2°C;consumption_based
Peru;99.16215;40583.876;responsability;lamboll;33%;exponential;7630.29267065843;230.514505889131;2°C;consumption_based
Philippines;260.8678;134373.439;responsability;lamboll;33%;exponential;28733.8939692839;329.971937926652;2°C;consumption_based
Poland;340.3965;32814.096;responsability;lamboll;33%;exponential;-3912.67864328112;-10;2°C;consumption_based
Portugal;63.02308;9770.27;responsability;lamboll;33%;exponential;-493.885669040933;-6;2°C;consumption_based
Qatar;162.3337;4164.46;responsability;lamboll;33%;exponential;-1873.58791024399;-10;2°C;consumption_based
Romania;116.8046;16027.266;responsability;lamboll;33%;exponential;-460.249234361895;-2;2°C;consumption_based
Rwanda;8.712675;22707.91;responsability;lamboll;33%;exponential;5562.12473268651;1912.45932750181;2°C;consumption_based
Samoa;0.6925006;272.726;responsability;lamboll;33%;exponential;51.2293905704165;221.616470348617;2°C;consumption_based
San Marino;0.566147;33.696;responsability;lamboll;33%;exponential;-14.7356027746318;-18;2°C;consumption_based
Sao Tome and Principe;0.2998609;365.115;responsability;lamboll;33%;exponential;83.2301308251363;831.502836965345;2°C;consumption_based
Saudi Arabia;703.8256;47693.909;responsability;lamboll;33%;exponential;-2435.77518471348;-2;2°C;consumption_based
Senegal;28.29428;30364.954;responsability;lamboll;33%;exponential;7047.08611565353;746.129016577821;2°C;consumption_based
Serbia;73.73461;5532.87;responsability;lamboll;33%;exponential;-1021.00461197407;-11;2°C;consumption_based
Seychelles;0.9971907;141.747;responsability;lamboll;33%;exponential;4.98482174935185;14.9752613942822;2°C;consumption_based
Sierra Leone;7.612386;12948.325;responsability;lamboll;33%;exponential;3113.38716206783;1225.2235240666;2°C;consumption_based
Singapore;98.39144;6081.692;responsability;lamboll;33%;exponential;-2269.38255682799;-15;2°C;consumption_based
Slovakia;47.49821;4936.488;responsability;lamboll;33%;exponential;-760.856478670798;-12;2°C;consumption_based
Slovenia;16.40035;1981.553;responsability;lamboll;33%;exponential;-133.235448585706;-6;2°C;consumption_based
Somalia;27.54213;37206.512;responsability;lamboll;33%;exponential;8566.30041636638;931.748656413565;2°C;consumption_based
South Africa;442.3963;79177.328;responsability;lamboll;33%;exponential;7121.08319171468;48.2211509004088;2°C;consumption_based
South Sudan;0;18341.974;responsability;lamboll;33%;exponential;4654.85884662567;inf;2°C;consumption_based
Spain;347.0203;44928.558;responsability;lamboll;33%;exponential;-3736.31668927478;-8;2°C;consumption_based
Sri Lanka;52.34435;24813.69;responsability;lamboll;33%;exponential;5286.34290552999;302.543981368942;2°C;consumption_based
Sudan;0;85206.383;responsability;lamboll;33%;exponential;21623.827713229;inf;2°C;consumption_based
Suriname;3.667079;733.905;responsability;lamboll;33%;exponential;77.0782446990241;62.967224113186;2°C;consumption_based
Sweden;98.71911;11309.63;responsability;lamboll;33%;exponential;-626.600055142705;-4;2°C;consumption_based
Switzerland;98.65993;9342.586;responsability;lamboll;33%;exponential;-1445.38830668235;-11;2°C;consumption_based
Tajikistan;16.7698;15574.642;responsability;lamboll;33%;exponential;3533.24967135428;631.17449647581;2°C;consumption_based
Thailand;283.2797;66382.735;responsability;lamboll;33%;exponential;7844.25078055315;82.9543212067584;2°C;consumption_based
Togo;13.54584;15584.778;responsability;lamboll;33%;exponential;3650.24479749636;807.270434777938;2°C;consumption_based
Trinidad and Tobago;32.59566;1399.8;responsability;lamboll;33%;exponential;-574.343521593948;-15;2°C;consumption_based
Tunisia;31.10463;13145.141;responsability;lamboll;33%;exponential;2232.69102726866;215.033728652717;2°C;consumption_based
Turkmenistan;101.6677;9639.708;responsability;lamboll;33%;exponential;162.705783941086;4.79427554716211;2°C;consumption_based
Uganda;50.1081;85431.202;responsability;lamboll;33%;exponential;20543.2265196704;1228.18479822438;2°C;consumption_based
Ukraine;252.1204;31990.132;responsability;lamboll;33%;exponential;-4123.59559548286;-13;2°C;consumption_based
Uruguay;31.57455;3254.354;responsability;lamboll;33%;exponential;-310.262552708465;-8;2°C;consumption_based
Uzbekistan;165.7009;52210.754;responsability;lamboll;33%;exponential;7066.43378828315;127.755152557966;2°C;consumption_based
Vanuatu;0.5712391;534.388;responsability;lamboll;33%;exponential;113.285806105082;594.101393767642;2°C;consumption_based
Viet Nam;237.3877;110008.908;responsability;lamboll;33%;exponential;22049.4743551632;278.255031497687;2°C;consumption_based
Yemen;45.34253;70976.403;responsability;lamboll;33%;exponential;16987.7693913863;1122.36368419382;2°C;consumption_based
Zambia;39.16851;38083.386;responsability;lamboll;33%;exponential;8665.79224265232;662.787364064331;2°C;consumption_based
Zimbabwe;22.44673;25866.385;responsability;lamboll;33%;exponential;5750.25796350424;767.42729843191;2°C;consumption_based
Afghanistan;36.29291;76885.134;equality;lamboll;50%;linear;9697.77596172309;534.417105805133;2°C;consumption_based
Albania;10.69817;2240.166;equality;lamboll;50%;linear;282.559538558772;52.8239013885127;2°C;consumption_based
Algeria;229.2533;59565.554;equality;lamboll;50%;linear;7513.20011652602;65.5449680901084;2°C;consumption_based
Andorra;0.7052279;82.195;equality;lamboll;50%;linear;10.3675269028448;29.4019193025257;2°C;consumption_based
Angola;63.06419;74295.394;equality;lamboll;50%;linear;9371.12349963448;297.193177289187;2°C;consumption_based
Argentina;329.7293;48308.943;equality;lamboll;50%;linear;6093.36658191493;36.9598126821907;2°C;consumption_based
Armenia;13.76886;2495.207;equality;lamboll;50%;linear;314.728702483931;45.716014613255;2°C;consumption_based
Aruba;0.8570806;100.002;equality;lamboll;50%;linear;12.6135826429623;29.4338307108161;2°C;consumption_based
Australia;516.071;32506.969;equality;lamboll;50%;linear;4100.21139530924;15.8901058005943;2°C;consumption_based
Austria;104.6011;8724.332;equality;lamboll;50%;linear;1100.42881829004;21.0404827155745;2°C;consumption_based
Azerbaijan;61.16201;11224.923;equality;lamboll;50%;linear;1415.83662248144;46.2979101727179;2°C;consumption_based
Bahamas;3.216727;424.265;equality;lamboll;50%;linear;53.5139461212417;33.2722957970892;2°C;consumption_based
Bahrain;29.84191;2139.464;equality;lamboll;50%;linear;269.857662603176;18.085817067552;2°C;consumption_based
Bangladesh;198.2366;214709.096;equality;lamboll;50%;linear;27081.9676265648;273.228734013444;2°C;consumption_based
Barbados;4.262979;264.216;equality;lamboll;50%;linear;33.3264369871896;15.635280862134;2°C;consumption_based
Belarus;37.69015;7453.546;equality;lamboll;50%;linear;940.140381733578;49.8878556722952;2°C;consumption_based
Belgium;135.3539;11870.906;equality;lamboll;50%;linear;1497.31659244652;22.1244691500803;2°C;consumption_based
Belize;1.471538;516.627;equality;lamboll;50%;linear;65.1638703234505;88.5656643912023;2°C;consumption_based
Benin;17.1341;24433.809;equality;lamboll;50%;linear;3081.91705269751;359.740757051437;2°C;consumption_based
Bermuda;0;56.937;equality;lamboll;50%;linear;7.18165191638513;inf;2°C;consumption_based
Bhutan;3.675114;882.34;equality;lamboll;50%;linear;111.292459242729;60.5654459930924;2°C;consumption_based
Bosnia and Herzegovina;26.34888;2455.167;equality;lamboll;50%;linear;309.678325001239;23.5059953213373;2°C;consumption_based
Botswana;18.26959;3437.43;equality;lamboll;50%;linear;433.574402355933;47.4640539120947;2°C;consumption_based
Brazil;1077.661;217489.3;equality;lamboll;50%;linear;27432.6439422214;50.9114534945988;2°C;consumption_based
British Virgin Islands;0.2776416;40.34;equality;lamboll;50%;linear;5.08821747382153;36.653134644243;2°C;consumption_based
Bulgaria;57.15165;5402.217;equality;lamboll;50%;linear;681.399477857603;23.8453125275509;2°C;consumption_based
Burkina Faso;29.78411;37304.383;equality;lamboll;50%;linear;4705.32507265074;315.962106818081;2°C;consumption_based
Burundi;4.499215;24131.72;equality;lamboll;50%;linear;3043.81356909689;1353.04206138043;2°C;consumption_based
Cambodia;40.78146;21931.455;equality;lamboll;50%;linear;2766.28687549158;135.66394511092;2°C;consumption_based
Cameroon;38.30513;51096.317;equality;lamboll;50%;linear;6444.94727335954;336.505699020447;2°C;consumption_based
Canada;672.7777;45621.882;equality;lamboll;50%;linear;5754.43870057074;17.1065084368009;2°C;consumption_based
Cayman Islands;0;103.958;equality;lamboll;50%;linear;13.1125659926509;inf;2°C;consumption_based
Central African Republic;9.32562;10616.752;equality;lamboll;50%;linear;1339.12600499826;287.19291693169;2°C;consumption_based
Chad;49.86327;38857.686;equality;lamboll;50%;linear;4901.24831178657;196.587520705584;2°C;consumption_based
Chile;120.2864;20320.306;equality;lamboll;50%;linear;2563.06732926625;42.6160784472101;2°C;consumption_based
China;12046.22;1260289.093;equality;lamboll;50%;linear;158964.426997255;26.3924163758018;2°C;consumption_based
Colombia;192.7321;59385.356;equality;lamboll;50%;linear;7490.47114745444;77.7293574599606;2°C;consumption_based
Congo;20.37865;11006.472;equality;lamboll;50%;linear;1388.28267614099;136.248738374817;2°C;consumption_based
Costa Rica;20.15067;5354.15;equality;lamboll;50%;linear;675.336628345601;67.0287021072352;2°C;consumption_based
Croatia;23.31505;3234.159;equality;lamboll;50%;linear;407.935159566613;34.993290562672;2°C;consumption_based
Cuba;41.99676;9382;equality;lamboll;50%;linear;1183.38265590961;56.3559024986503;2°C;consumption_based
Cyprus;10.44542;1508.481;equality;lamboll;50%;linear;190.269692194541;36.4312190787045;2°C;consumption_based
Denmark;60.05671;6124.838;equality;lamboll;50%;linear;772.546051956522;25.7272185558124;2°C;consumption_based
Djibouti;1.718966;1530.539;equality;lamboll;50%;linear;193.051940608957;224.614030305378;2°C;consumption_based
Dominican Republic;36.86521;12996.293;equality;lamboll;50%;linear;1639.26537276907;88.9329192899795;2°C;consumption_based
Ecuador;64.94059;21337.238;equality;lamboll;50%;linear;2691.33632212912;82.8861062743384;2°C;consumption_based
Egypt;359.3699;161630.192;equality;lamboll;50%;linear;20386.9501048966;113.459419416576;2°C;consumption_based
El Salvador;15.27658;6663.345;equality;lamboll;50%;linear;840.469718966319;110.033753492774;2°C;consumption_based
Eritrea;6.147011;5696.062;equality;lamboll;50%;linear;718.463118502003;233.760153838021;2°C;consumption_based
Estonia;12.3808;1174.267;equality;lamboll;50%;linear;148.11417621051;23.9264306362287;2°C;consumption_based
Ethiopia;15.46353;225021.874;equality;lamboll;50%;linear;28382.7523866848;3670.92796879947;2°C;consumption_based
Fiji;3.433959;1000.261;equality;lamboll;50%;linear;126.16622455583;73.4814973363574;2°C;consumption_based
Finland;64.9849;5351.645;equality;lamboll;50%;linear;675.020664419673;20.7746927184522;2°C;consumption_based
France;561.8057;68219.675;equality;lamboll;50%;linear;8604.77298942552;30.6325585141821;2°C;consumption_based
French Polynesia;0;284.75;equality;lamboll;50%;linear;35.9164582466703;inf;2°C;consumption_based
Gabon;14.30998;4084.533;equality;lamboll;50%;linear;515.195641621236;72.0050819946969;2°C;consumption_based
Gambia;2.508158;4301.896;equality;lamboll;50%;linear;542.612354927192;432.677969192684;2°C;consumption_based
Georgia;17.8212;3664.014;equality;lamboll;50%;linear;462.154190855893;51.8656645855377;2°C;consumption_based
Germany;872.121;78294.613;equality;lamboll;50%;linear;9875.55820457843;22.6472202930062;2°C;consumption_based
Ghana;54.33566;50553.047;equality;lamboll;50%;linear;6376.42283342392;234.704900370178;2°C;consumption_based
Greece;83.41989;8812.07;equality;lamboll;50%;linear;1111.49550209565;26.6482130843291;2°C;consumption_based
Greenland;0;49.898;equality;lamboll;50%;linear;6.29379959119352;inf;2°C;consumption_based
Guatemala;40.88083;24670.857;equality;lamboll;50%;linear;3111.81670008805;152.238430584118;2°C;consumption_based
Guinea;25.79336;23404.584;equality;lamboll;50%;linear;2952.09750313148;228.903679329213;2°C;consumption_based
Guyana;3.330323;940.608;equality;lamboll;50%;linear;118.641994586423;71.249542213427;2°C;consumption_based
Haiti;14.31872;14710.861;equality;lamboll;50%;linear;1855.52949913633;259.175331193896;2°C;consumption_based
Honduras;16.61826;14846.778;equality;lamboll;50%;linear;1872.67315938396;225.375359319683;2°C;consumption_based
Hungary;60.08714;8725.347;equality;lamboll;50%;linear;1100.55684359336;36.6320262070507;2°C;consumption_based
Iceland;6.905605;432.993;equality;lamboll;50%;linear;54.6148375964899;15.8175388243289;2°C;consumption_based
India;2949.414;1679589.259;equality;lamboll;50%;linear;211852.142203439;143.657107617608;2°C;consumption_based
Indonesia;847.1642;320712.949;equality;lamboll;50%;linear;40452.5838171203;95.5011645136097;2°C;consumption_based
Iraq;404.6027;71928.75;equality;lamboll;50%;linear;9072.6108730823;44.8470110213417;2°C;consumption_based
Ireland;58.80573;5970.042;equality;lamboll;50%;linear;753.02112106714;25.6104675876701;2°C;consumption_based
Israel;96.33576;13092.722;equality;lamboll;50%;linear;1651.42828111769;34.284844612586;2°C;consumption_based
Italy;480.3724;51891.098;equality;lamboll;50%;linear;6545.19562665804;27.2505065930434;2°C;consumption_based
Jamaica;12.76953;2454.94;equality;lamboll;50%;linear;309.649692741285;48.4982129712346;2°C;consumption_based
Japan;1258.371;105123.167;equality;lamboll;50%;linear;13259.5323557972;21.0741225851473;2°C;consumption_based
Jordan;33.45501;16367.355;equality;lamboll;50%;linear;2064.46856002083;123.417602327474;2°C;consumption_based
Kazakhstan;260.4604;26544.264;equality;lamboll;50%;linear;3348.11571429181;25.7092111836718;2°C;consumption_based
Kenya;79.74114;83593.239;equality;lamboll;50%;linear;10543.8914073659;264.452988943119;2°C;consumption_based
Kuwait;120.129;6367.756;equality;lamboll;50%;linear;803.186101840155;13.3720600660982;2°C;consumption_based
Kyrgyzstan;24.1211;9642.952;equality;lamboll;50%;linear;1216.29739379331;100.849247653989;2°C;consumption_based
Latvia;16.48173;1513.81;equality;lamboll;50%;linear;190.941856570297;23.1701231084718;2°C;consumption_based
Lebanon;35.63768;6999.26;equality;lamboll;50%;linear;882.839787700051;49.545300799606;2°C;consumption_based
Lesotho;4.251056;2993.076;equality;lamboll;50%;linear;377.526564295385;177.615427458676;2°C;consumption_based
Liberia;4.860882;8910.53;equality;lamboll;50%;linear;1123.91458718421;462.432368111058;2°C;consumption_based
Libya;56.0342;9260.606;equality;lamboll;50%;linear;1168.07082963253;41.6913538386391;2°C;consumption_based
Liechtenstein;1.370673;43.013;equality;lamboll;50%;linear;5.42537179478149;7.91636195472077;2°C;consumption_based
Lithuania;26.37468;2258.774;equality;lamboll;50%;linear;284.906627075204;21.6045561178528;2°C;consumption_based
Luxembourg;8.842451;791.464;equality;lamboll;50%;linear;99.8299691299128;22.5797053622153;2°C;consumption_based
Madagascar;31.88092;53185.475;equality;lamboll;50%;linear;6708.45967398359;420.844798329759;2°C;consumption_based
Malawi;16.42;37361.682;equality;lamboll;50%;linear;4712.55238482308;574.001508504639;2°C;consumption_based
Malaysia;233.1968;44289.772;equality;lamboll;50%;linear;5586.41526529428;47.91159454413;2°C;consumption_based
Maldives;2.901473;589.962;equality;lamboll;50%;linear;74.4138561549503;51.2938470597178;2°C;consumption_based
Mali;73.55506;46154.079;equality;lamboll;50%;linear;5821.56646643379;158.291393316348;2°C;consumption_based
Malta;2.956266;535.722;equality;lamboll;50%;linear;67.5723857588155;45.7146858630553;2°C;consumption_based
Mauritania;8.741203;9415.598;equality;lamboll;50%;linear;1187.62048264945;271.72929919359;2°C;consumption_based
Mauritius;9.153498;1107.197;equality;lamboll;50%;linear;139.654415527089;30.5138899963902;2°C;consumption_based
Mexico;597.8052;148946.274;equality;lamboll;50%;linear;18787.0856228906;62.8535369812463;2°C;consumption_based
Monaco;1.08342;36.757;equality;lamboll;50%;linear;4.63628184643673;8.55860487426249;2°C;consumption_based
Mongolia;44.70931;4501.493;equality;lamboll;50%;linear;567.788183958485;25.3991029590251;2°C;consumption_based
Montenegro;4.889849;533.295;equality;lamboll;50%;linear;67.2662602305813;27.5126124469616;2°C;consumption_based
Morocco;84.54553;43440.431;equality;lamboll;50%;linear;5479.28507894245;129.617380811084;2°C;consumption_based
Mozambique;46.50852;63530.951;equality;lamboll;50%;linear;8013.36874087008;344.597881887881;2°C;consumption_based
Myanmar;76.01056;58623.231;equality;lamboll;50%;linear;7394.34180332364;194.560908466498;2°C;consumption_based
Namibia;15.53063;4512.3;equality;lamboll;50%;linear;569.151306572258;73.2940397874726;2°C;consumption_based
Nepal;51.71283;34642.027;equality;lamboll;50%;linear;4369.51331457603;168.991459743202;2°C;consumption_based
Netherlands;199.7464;18958.475;equality;lamboll;50%;linear;2391.29508606863;23.9433109790077;2°C;consumption_based
New Caledonia;0;340.581;equality;lamboll;50%;linear;42.9586067290929;inf;2°C;consumption_based
New Zealand;79.7114;5755.288;equality;lamboll;50%;linear;725.933489550703;18.2140444039548;2°C;consumption_based
Nicaragua;16.31699;8756.43;equality;lamboll;50%;linear;1104.47744507424;135.377596612395;2°C;consumption_based
Niger;34.38707;52513.876;equality;lamboll;50%;linear;6623.74867330929;385.246470450044;2°C;consumption_based
Nigeria;449.8309;359185.556;equality;lamboll;50%;linear;45305.2608424269;201.432408678136;2°C;consumption_based
Norway;76.82043;5899.829;equality;lamboll;50%;linear;744.16492340999;19.3741410562266;2°C;consumption_based
Oman;65.19586;7827.002;equality;lamboll;50%;linear;987.245620823898;30.2855310390536;2°C;consumption_based
Pakistan;578.9303;371863.793;equality;lamboll;50%;linear;46904.4087611341;162.038189264352;2°C;consumption_based
Panama;21.22502;5630.68;equality;lamboll;50%;linear;710.216270835335;66.9225537441505;2°C;consumption_based
Papua New Guinea;17.17362;14906.59;equality;lamboll;50%;linear;1880.21744454867;218.965767793705;2°C;consumption_based
Paraguay;29.96962;8640.464;equality;lamboll;50%;linear;1089.85027037;72.7303362785381;2°C;consumption_based
Peru;99.16215;40583.876;equality;lamboll;50%;linear;5118.97835941016;103.244602086787;2°C;consumption_based
Philippines;260.8678;134373.439;equality;lamboll;50%;linear;16948.9657991396;129.942950407368;2°C;consumption_based
Poland;340.3965;32814.096;equality;lamboll;50%;linear;4138.95033849423;24.3184071428127;2°C;consumption_based
Portugal;63.02308;9770.27;equality;lamboll;50%;linear;1232.35643376188;39.10809924751;2°C;consumption_based
Qatar;162.3337;4164.46;equality;lamboll;50%;linear;525.277098191145;6.47157180783959;2°C;consumption_based
Romania;116.8046;16027.266;equality;lamboll;50%;linear;2021.57201087718;34.6145958442935;2°C;consumption_based
Rwanda;8.712675;22707.91;equality;lamboll;50%;linear;2864.22370986531;657.484345477206;2°C;consumption_based
Samoa;0.6925006;272.726;equality;lamboll;50%;linear;34.3998314022174;99.3496075013289;2°C;consumption_based
San Marino;0.566147;33.696;equality;lamboll;50%;linear;4.25018780361651;15.0144319535969;2°C;consumption_based
Sao Tome and Principe;0.2998609;365.115;equality;lamboll;50%;linear;46.0531612036278;307.163496165241;2°C;consumption_based
Saudi Arabia;703.8256;47693.909;equality;lamboll;50%;linear;6015.79031156802;17.0945481709333;2°C;consumption_based
Senegal;28.29428;30364.954;equality;lamboll;50%;linear;3830.03196664816;270.728356872708;2°C;consumption_based
Serbia;73.73461;5532.87;equality;lamboll;50%;linear;697.879172394222;18.9294870453433;2°C;consumption_based
Seychelles;0.9971907;141.747;equality;lamboll;50%;linear;17.8790174085716;35.8587728677607;2°C;consumption_based
Sierra Leone;7.612386;12948.325;equality;lamboll;50%;linear;1633.21501045414;429.094113318516;2°C;consumption_based
Singapore;98.39144;6081.692;equality;lamboll;50%;linear;767.10390443234;15.5928992284764;2°C;consumption_based
Slovakia;47.49821;4936.488;equality;lamboll;50%;linear;622.65554042911;26.2180633935093;2°C;consumption_based
Slovenia;16.40035;1981.553;equality;lamboll;50%;linear;249.93982647257;30.4798161591149;2°C;consumption_based
Somalia;27.54213;37206.512;equality;lamboll;50%;linear;4692.98028007809;340.785573234757;2°C;consumption_based
South Africa;442.3963;79177.328;equality;lamboll;50%;linear;9986.89796381007;45.1491025752705;2°C;consumption_based
South Sudan;0;18341.974;equality;lamboll;50%;linear;2313.5337781651;inf;2°C;consumption_based
Spain;347.0203;44928.558;equality;lamboll;50%;linear;5666.98745387218;32.6608411892456;2°C;consumption_based
Sri Lanka;52.34435;24813.69;equality;lamboll;50%;linear;3129.83269826451;119.586266646334;2°C;consumption_based
Sudan;0;85206.383;equality;lamboll;50%;linear;10747.3625895322;inf;2°C;consumption_based
Suriname;3.667079;733.905;equality;lamboll;50%;linear;92.5698622985867;50.4869746730772;2°C;consumption_based
Sweden;98.71911;11309.63;equality;lamboll;50%;linear;1426.52099624334;28.9006048827493;2°C;consumption_based
Switzerland;98.65993;9342.586;equality;lamboll;50%;linear;1178.41123787507;23.8883453064496;2°C;consumption_based
Tajikistan;16.7698;15574.642;equality;lamboll;50%;linear;1964.48105039451;234.287952199133;2°C;consumption_based
Thailand;283.2797;66382.735;equality;lamboll;50%;linear;8373.07367841011;59.1152396617909;2°C;consumption_based
Togo;13.54584;15584.778;equality;lamboll;50%;linear;1965.75953756146;290.238115548605;2°C;consumption_based
Trinidad and Tobago;32.59566;1399.8;equality;lamboll;50%;linear;176.561398608214;10.8334298865686;2°C;consumption_based
Tunisia;31.10463;13145.141;equality;lamboll;50%;linear;1658.04006276767;106.610499000803;2°C;consumption_based
Turkmenistan;101.6677;9639.708;equality;lamboll;50%;linear;1215.8882173559;23.9188693627554;2°C;consumption_based
Uganda;50.1081;85431.202;equality;lamboll;50%;linear;10775.719752751;430.098916253102;2°C;consumption_based
Ukraine;252.1204;31990.132;equality;lamboll;50%;linear;4035.021036992;32.0086834464169;2°C;consumption_based
Uruguay;31.57455;3254.354;equality;lamboll;50%;linear;410.482421636118;26.0008406540152;2°C;consumption_based
Uzbekistan;165.7009;52210.754;equality;lamboll;50%;linear;6585.51489400588;79.486772781631;2°C;consumption_based
Vanuatu;0.5712391;534.388;equality;lamboll;50%;linear;67.4041239315949;235.992683034459;2°C;consumption_based
Viet Nam;237.3877;110008.908;equality;lamboll;50%;linear;13875.7870094602;116.904009849375;2°C;consumption_based
Yemen;45.34253;70976.403;equality;lamboll;50%;linear;8952.488199643;394.882605785032;2°C;consumption_based
Zambia;39.16851;38083.386;equality;lamboll;50%;linear;4803.58329468245;245.277816015082;2°C;consumption_based
Zimbabwe;22.44673;25866.385;equality;lamboll;50%;linear;3262.61259646988;290.698252838599;2°C;consumption_based
Afghanistan;36.29291;76885.134;equality;lamboll;50%;exponential;9697.77596172309;800.485285699878;2°C;consumption_based
Albania;10.69817;2240.166;equality;lamboll;50%;exponential;282.559538558772;79.1231331023004;2°C;consumption_based
Algeria;229.2533;59565.554;equality;lamboll;50%;exponential;7513.20011652602;98.1775881383021;2°C;consumption_based
Andorra;0.7052279;82.195;equality;lamboll;50%;exponential;10.3675269028448;44.0401392795031;2°C;consumption_based
Angola;63.06419;74295.394;equality;lamboll;50%;exponential;9371.12349963448;445.155596342635;2°C;consumption_based
Argentina;329.7293;48308.943;equality;lamboll;50%;exponential;6093.36658191493;55.3608518382743;2°C;consumption_based
Armenia;13.76886;2495.207;equality;lamboll;50%;exponential;314.728702483931;68.476470197597;2°C;consumption_based
Aruba;0.8570806;100.002;equality;lamboll;50%;exponential;12.6135826429623;44.0879382973581;2°C;consumption_based
Australia;516.071;32506.969;equality;lamboll;50%;exponential;4100.21139530924;23.8012513885138;2°C;consumption_based
Austria;104.6011;8724.332;equality;lamboll;50%;exponential;1100.42881829004;31.5158265611008;2°C;consumption_based
Azerbaijan;61.16201;11224.923;equality;lamboll;50%;exponential;1415.83662248144;69.3480718512573;2°C;consumption_based
Bahamas;3.216727;424.265;equality;lamboll;50%;exponential;53.5139461212417;49.8374451672875;2°C;consumption_based
Bahrain;29.84191;2139.464;equality;lamboll;50%;exponential;269.857662603176;27.0901329414296;2°C;consumption_based
Bangladesh;198.2366;214709.096;equality;lamboll;50%;exponential;27081.9676265648;409.260068273187;2°C;consumption_based
Barbados;4.262979;264.216;equality;lamboll;50%;exponential;33.3264369871896;23.419557742388;2°C;consumption_based
Belarus;37.69015;7453.546;equality;lamboll;50%;exponential;940.140381733578;74.7253296479491;2°C;consumption_based
Belgium;135.3539;11870.906;equality;lamboll;50%;exponential;1497.31659244652;33.1394931340725;2°C;consumption_based
Belize;1.471538;516.627;equality;lamboll;50%;exponential;65.1638703234505;132.659509572738;2°C;consumption_based
Benin;17.1341;24433.809;equality;lamboll;50%;exponential;3081.91705269751;538.843498005867;2°C;consumption_based
Bermuda;0;56.937;equality;lamboll;50%;exponential;7.18165191638513;inf;2°C;consumption_based
Bhutan;3.675114;882.34;equality;lamboll;50%;exponential;111.292459242729;90.7189306118491;2°C;consumption_based
Bosnia and Herzegovina;26.34888;2455.167;equality;lamboll;50%;exponential;309.678325001239;35.2088344030696;2°C;consumption_based
Botswana;18.26959;3437.43;equality;lamboll;50%;exponential;433.574402355933;71.0947990690842;2°C;consumption_based
Brazil;1077.661;217489.3;equality;lamboll;50%;exponential;27432.6439422214;76.2585421636564;2°C;consumption_based
British Virgin Islands;0.2776416;40.34;equality;lamboll;50%;exponential;5.08821747382153;54.9014891903393;2°C;consumption_based
Bulgaria;57.15165;5402.217;equality;lamboll;50%;exponential;681.399477857603;35.7170861558828;2°C;consumption_based
Burkina Faso;29.78411;37304.383;equality;lamboll;50%;exponential;4705.32507265074;473.268940307519;2°C;consumption_based
Burundi;4.499215;24131.72;equality;lamboll;50%;exponential;3043.81356909689;2026.67588537669;2°C;consumption_based
Cambodia;40.78146;21931.455;equality;lamboll;50%;exponential;2766.28687549158;203.20642936322;2°C;consumption_based
Cameroon;38.30513;51096.317;equality;lamboll;50%;exponential;6444.94727335954;504.040491395199;2°C;consumption_based
Canada;672.7777;45621.882;equality;lamboll;50%;exponential;5754.43870057074;25.623259705974;2°C;consumption_based
Cayman Islands;0;103.958;equality;lamboll;50%;exponential;13.1125659926509;inf;2°C;consumption_based
Central African Republic;9.32562;10616.752;equality;lamboll;50%;exponential;1339.12600499826;430.176544994188;2°C;consumption_based
Chad;49.86327;38857.686;equality;lamboll;50%;exponential;4901.24831178657;294.461790177841;2°C;consumption_based
Chile;120.2864;20320.306;equality;lamboll;50%;exponential;2563.06732926625;63.833180788308;2°C;consumption_based
China;12046.22;1260289.093;equality;lamboll;50%;exponential;158964.426997255;39.5323067570321;2°C;consumption_based
Colombia;192.7321;59385.356;equality;lamboll;50%;exponential;7490.47114745444;116.428172372709;2°C;consumption_based
Congo;20.37865;11006.472;equality;lamboll;50%;exponential;1388.28267614099;204.082371390227;2°C;consumption_based
Costa Rica;20.15067;5354.15;equality;lamboll;50%;exponential;675.336628345601;100.40002307854;2°C;consumption_based
Croatia;23.31505;3234.159;equality;lamboll;50%;exponential;407.935159566613;52.4152649482243;2°C;consumption_based
Cuba;41.99676;9382;equality;lamboll;50%;exponential;1183.38265590961;84.4135979602342;2°C;consumption_based
Cyprus;10.44542;1508.481;equality;lamboll;50%;exponential;190.269692194541;54.5690893794954;2°C;consumption_based
Denmark;60.05671;6124.838;equality;lamboll;50%;exponential;772.546051956522;38.5359294682121;2°C;consumption_based
Djibouti;1.718966;1530.539;equality;lamboll;50%;exponential;193.051940608957;336.441749839427;2°C;consumption_based
Dominican Republic;36.86521;12996.293;equality;lamboll;50%;exponential;1639.26537276907;133.209608249182;2°C;consumption_based
Ecuador;64.94059;21337.238;equality;lamboll;50%;exponential;2691.33632212912;124.152291797631;2°C;consumption_based
Egypt;359.3699;161630.192;equality;lamboll;50%;exponential;20386.9501048966;169.947022242468;2°C;consumption_based
El Salvador;15.27658;6663.345;equality;lamboll;50%;exponential;840.469718966319;164.815833259293;2°C;consumption_based
Eritrea;6.147011;5696.062;equality;lamboll;50%;exponential;718.463118502003;350.141418561752;2°C;consumption_based
Estonia;12.3808;1174.267;equality;lamboll;50%;exponential;148.11417621051;35.8385902239507;2°C;consumption_based
Ethiopia;15.46353;225021.874;equality;lamboll;50%;exponential;28382.7523866848;5498.55869501228;2°C;consumption_based
Fiji;3.433959;1000.261;equality;lamboll;50%;exponential;126.16622455583;110.065446539799;2°C;consumption_based
Finland;64.9849;5351.645;equality;lamboll;50%;exponential;675.020664419673;31.1177087249172;2°C;consumption_based
France;561.8057;68219.675;equality;lamboll;50%;exponential;8604.77298942552;45.8834720812332;2°C;consumption_based
French Polynesia;0;284.75;equality;lamboll;50%;exponential;35.9164582466703;inf;2°C;consumption_based
Gabon;14.30998;4084.533;equality;lamboll;50%;exponential;515.195641621236;107.853973995707;2°C;consumption_based
Gambia;2.508158;4301.896;equality;lamboll;50%;exponential;542.612354927192;648.093678183161;2°C;consumption_based
Georgia;17.8212;3664.014;equality;lamboll;50%;exponential;462.154190855893;77.6878226441108;2°C;consumption_based
Germany;872.121;78294.613;equality;lamboll;50%;exponential;9875.55820457843;33.9225043690228;2°C;consumption_based
Ghana;54.33566;50553.047;equality;lamboll;50%;exponential;6376.42283342392;351.556522400107;2°C;consumption_based
Greece;83.41989;8812.07;equality;lamboll;50%;exponential;1111.49550209565;39.9154559846342;2°C;consumption_based
Greenland;0;49.898;equality;lamboll;50%;exponential;6.29379959119352;inf;2°C;consumption_based
Guatemala;40.88083;24670.857;equality;lamboll;50%;exponential;3111.81670008805;228.032789888025;2°C;consumption_based
Guinea;25.79336;23404.584;equality;lamboll;50%;exponential;2952.09750313148;342.867069850888;2°C;consumption_based
Guyana;3.330323;940.608;equality;lamboll;50%;exponential;118.641994586423;106.722276542355;2°C;consumption_based
Haiti;14.31872;14710.861;equality;lamboll;50%;exponential;1855.52949913633;388.209952083299;2°C;consumption_based
Honduras;16.61826;14846.778;equality;lamboll;50%;exponential;1872.67315938396;337.582118788901;2°C;consumption_based
Hungary;60.08714;8725.347;equality;lamboll;50%;exponential;1100.55684359336;54.8698715770687;2°C;consumption_based
Iceland;6.905605;432.993;equality;lamboll;50%;exponential;54.6148375964899;23.6925557721177;2°C;consumption_based
India;2949.414;1679589.259;equality;lamboll;50%;exponential;211852.142203439;215.179116807743;2°C;consumption_based
Indonesia;847.1642;320712.949;equality;lamboll;50%;exponential;40452.5838171203;143.047960347705;2°C;consumption_based
Iraq;404.6027;71928.75;equality;lamboll;50%;exponential;9072.6108730823;67.1748191445324;2°C;consumption_based
Ireland;58.80573;5970.042;equality;lamboll;50%;exponential;753.02112106714;38.3610521465959;2°C;consumption_based
Israel;96.33576;13092.722;equality;lamboll;50%;exponential;1651.42828111769;51.3541077498537;2°C;consumption_based
Italy;480.3724;51891.098;equality;lamboll;50%;exponential;6545.19562665804;40.8176110357379;2°C;consumption_based
Jamaica;12.76953;2454.94;equality;lamboll;50%;exponential;309.649692741285;72.6438309038111;2°C;consumption_based
Japan;1258.371;105123.167;equality;lamboll;50%;exponential;13259.5323557972;31.5662145825794;2°C;consumption_based
Jordan;33.45501;16367.355;equality;lamboll;50%;exponential;2064.46856002083;184.863047208532;2°C;consumption_based
Kazakhstan;260.4604;26544.264;equality;lamboll;50%;exponential;3348.11571429181;38.5089568352703;2°C;consumption_based
Kenya;79.74114;83593.239;equality;lamboll;50%;exponential;10543.8914073659;396.11517690736;2°C;consumption_based
Kuwait;120.129;6367.756;equality;lamboll;50%;exponential;803.186101840155;20.0295559519564;2°C;consumption_based
Kyrgyzstan;24.1211;9642.952;equality;lamboll;50%;exponential;1216.29739379331;151.058672980346;2°C;consumption_based
Latvia;16.48173;1513.81;equality;lamboll;50%;exponential;190.941856570297;34.7057427891341;2°C;consumption_based
Lebanon;35.63768;6999.26;equality;lamboll;50%;exponential;882.839787700051;74.21222830416;2°C;consumption_based
Lesotho;4.251056;2993.076;equality;lamboll;50%;exponential;377.526564295385;266.044134159522;2°C;consumption_based
Liberia;4.860882;8910.53;equality;lamboll;50%;exponential;1123.91458718421;692.661784743148;2°C;consumption_based
Libya;56.0342;9260.606;equality;lamboll;50%;exponential;1168.07082963253;62.4480671112851;2°C;consumption_based
Liechtenstein;1.370673;43.013;equality;lamboll;50%;exponential;5.42537179478149;11.857650498446;2°C;consumption_based
Lithuania;26.37468;2258.774;equality;lamboll;50%;exponential;284.906627075204;32.3607330090299;2°C;consumption_based
Luxembourg;8.842451;791.464;equality;lamboll;50%;exponential;99.8299691299128;33.8213760404642;2°C;consumption_based
Madagascar;31.88092;53185.475;equality;lamboll;50%;exponential;6708.45967398359;630.369172256889;2°C;consumption_based
Malawi;16.42;37361.682;equality;lamboll;50%;exponential;4712.55238482308;859.777422048011;2°C;consumption_based
Malaysia;233.1968;44289.772;equality;lamboll;50%;exponential;5586.41526529428;71.7651550266417;2°C;consumption_based
Maldives;2.901473;589.962;equality;lamboll;50%;exponential;74.4138561549503;76.8313165357695;2°C;consumption_based
Mali;73.55506;46154.079;equality;lamboll;50%;exponential;5821.56646643379;237.099317791806;2°C;consumption_based
Malta;2.956266;535.722;equality;lamboll;50%;exponential;67.5723857588155;68.4744799076685;2°C;consumption_based
Mauritania;8.741203;9415.598;equality;lamboll;50%;exponential;1187.62048264945;407.014115632223;2°C;consumption_based
Mauritius;9.153498;1107.197;equality;lamboll;50%;exponential;139.654415527089;45.7057225269312;2°C;consumption_based
Mexico;597.8052;148946.274;equality;lamboll;50%;exponential;18787.0856228906;94.1461846208693;2°C;consumption_based
Monaco;1.08342;36.757;equality;lamboll;50%;exponential;4.63628184643673;12.8196444192123;2°C;consumption_based
Mongolia;44.70931;4501.493;equality;lamboll;50%;exponential;567.788183958485;38.0444562268361;2°C;consumption_based
Montenegro;4.889849;533.295;equality;lamboll;50%;exponential;67.2662602305813;41.210210518573;2°C;consumption_based
Morocco;84.54553;43440.431;equality;lamboll;50%;exponential;5479.28507894245;194.14948545465;2°C;consumption_based
Mozambique;46.50852;63530.951;equality;lamboll;50%;exponential;8013.36874087008;516.161498084936;2°C;consumption_based
Myanmar;76.01056;58623.231;equality;lamboll;50%;exponential;7394.34180332364;291.426196332537;2°C;consumption_based
Namibia;15.53063;4512.3;equality;lamboll;50%;exponential;569.151306572258;109.784660225241;2°C;consumption_based
Nepal;51.71283;34642.027;equality;lamboll;50%;exponential;4369.51331457603;253.126584953856;2°C;consumption_based
Netherlands;199.7464;18958.475;equality;lamboll;50%;exponential;2391.29508606863;35.8638747177764;2°C;consumption_based
New Caledonia;0;340.581;equality;lamboll;50%;exponential;42.9586067290929;inf;2°C;consumption_based
New Zealand;79.7114;5755.288;equality;lamboll;50%;exponential;725.933489550703;27.2822003264365;2°C;consumption_based
Nicaragua;16.31699;8756.43;equality;lamboll;50%;exponential;1104.47744507424;202.777517643963;2°C;consumption_based
Niger;34.38707;52513.876;equality;lamboll;50%;exponential;6623.74867330929;577.04764239998;2°C;consumption_based
Nigeria;449.8309;359185.556;equality;lamboll;50%;exponential;45305.2608424269;301.718783808405;2°C;consumption_based
Norway;76.82043;5899.829;equality;lamboll;50%;exponential;744.16492340999;29.0198698172627;2°C;consumption_based
Oman;65.19586;7827.002;equality;lamboll;50%;exponential;987.245620823898;45.363671377707;2°C;consumption_based
Pakistan;578.9303;371863.793;equality;lamboll;50%;exponential;46904.4087611341;242.711516563735;2°C;consumption_based
Panama;21.22502;5630.68;equality;lamboll;50%;exponential;710.216270835335;100.241027040001;2°C;consumption_based
Papua New Guinea;17.17362;14906.59;equality;lamboll;50%;exponential;1880.21744454867;327.981408691566;2°C;consumption_based
Paraguay;29.96962;8640.464;equality;lamboll;50%;exponential;1089.85027037;108.940307828026;2°C;consumption_based
Peru;99.16215;40583.876;equality;lamboll;50%;exponential;5118.97835941016;154.646593270814;2°C;consumption_based
Philippines;260.8678;134373.439;equality;lamboll;50%;exponential;16948.9657991396;194.637145128089;2°C;consumption_based
Poland;340.3965;32814.096;equality;lamboll;50%;exponential;4138.95033849423;36.425718559575;2°C;consumption_based
Portugal;63.02308;9770.27;equality;lamboll;50%;exponential;1232.35643376188;58.5786975365591;2°C;consumption_based
Qatar;162.3337;4164.46;equality;lamboll;50%;exponential;525.277098191145;9.6935482626836;2°C;consumption_based
Romania;116.8046;16027.266;equality;lamboll;50%;exponential;2021.57201087718;51.848030953389;2°C;consumption_based
Rwanda;8.712675;22707.91;equality;lamboll;50%;exponential;2864.22370986531;984.823536551294;2°C;consumption_based
Samoa;0.6925006;272.726;equality;lamboll;50%;exponential;34.3998314022174;148.812412778326;2°C;consumption_based
San Marino;0.566147;33.696;equality;lamboll;50%;exponential;4.25018780361651;22.4896091862353;2°C;consumption_based
Sao Tome and Principe;0.2998609;365.115;equality;lamboll;50%;exponential;46.0531612036278;460.089799359944;2°C;consumption_based
Saudi Arabia;703.8256;47693.909;equality;lamboll;50%;exponential;6015.79031156802;25.6053448287441;2°C;consumption_based
Senegal;28.29428;30364.954;equality;lamboll;50%;exponential;3830.03196664816;405.514838024907;2°C;consumption_based
Serbia;73.73461;5532.87;equality;lamboll;50%;exponential;697.879172394222;28.3538376317786;2°C;consumption_based
Seychelles;0.9971907;141.747;equality;lamboll;50%;exponential;17.8790174085716;53.7116415849964;2°C;consumption_based
Sierra Leone;7.612386;12948.325;equality;lamboll;50%;exponential;1633.21501045414;642.725541830156;2°C;consumption_based
Singapore;98.39144;6081.692;equality;lamboll;50%;exponential;767.10390443234;23.3560757285109;2°C;consumption_based
Slovakia;47.49821;4936.488;equality;lamboll;50%;exponential;622.65554042911;39.2711493290102;2°C;consumption_based
Slovenia;16.40035;1981.553;equality;lamboll;50%;exponential;249.93982647257;45.6546844799264;2°C;consumption_based
Somalia;27.54213;37206.512;equality;lamboll;50%;exponential;4692.98028007809;510.451170050479;2°C;consumption_based
South Africa;442.3963;79177.328;equality;lamboll;50%;exponential;9986.89796381007;67.6273118533687;2°C;consumption_based
South Sudan;0;18341.974;equality;lamboll;50%;exponential;2313.5337781651;inf;2°C;consumption_based
Spain;347.0203;44928.558;equality;lamboll;50%;exponential;5666.98745387218;48.9215680160223;2°C;consumption_based
Sri Lanka;52.34435;24813.69;equality;lamboll;50%;exponential;3129.83269826451;179.124219233128;2°C;consumption_based
Sudan;0;85206.383;equality;lamboll;50%;exponential;10747.3625895322;inf;2°C;consumption_based
Suriname;3.667079;733.905;equality;lamboll;50%;exponential;92.5698622985867;75.6227297111202;2°C;consumption_based
Sweden;98.71911;11309.63;equality;lamboll;50%;exponential;1426.52099624334;43.2892373862421;2°C;consumption_based
Switzerland;98.65993;9342.586;equality;lamboll;50%;exponential;1178.41123787507;35.7815434981665;2°C;consumption_based
Tajikistan;16.7698;15574.642;equality;lamboll;50%;exponential;1964.48105039451;350.931989853909;2°C;consumption_based
Thailand;283.2797;66382.735;equality;lamboll;50%;exponential;8373.07367841011;88.5467156568529;2°C;consumption_based
Togo;13.54584;15584.778;equality;lamboll;50%;exponential;1965.75953756146;434.737844882225;2°C;consumption_based
Trinidad and Tobago;32.59566;1399.8;equality;lamboll;50%;exponential;176.561398608214;16.227027772239;2°C;consumption_based
Tunisia;31.10463;13145.141;equality;lamboll;50%;exponential;1658.04006276767;159.6882562782;2°C;consumption_based
Turkmenistan;101.6677;9639.708;equality;lamboll;50%;exponential;1215.8882173559;35.8272644484641;2°C;consumption_based
Uganda;50.1081;85431.202;equality;lamboll;50%;exponential;10775.719752751;644.230602120006;2°C;consumption_based
Ukraine;252.1204;31990.132;equality;lamboll;50%;exponential;4035.021036992;47.9447230172022;2°C;consumption_based
Uruguay;31.57455;3254.354;equality;lamboll;50%;exponential;410.482421636118;38.9457787433839;2°C;consumption_based
Uzbekistan;165.7009;52210.754;equality;lamboll;50%;exponential;6585.51489400588;119.060545271292;2°C;consumption_based
Vanuatu;0.5712391;534.388;equality;lamboll;50%;exponential;67.4041239315949;353.485448444463;2°C;consumption_based
Viet Nam;237.3877;110008.908;equality;lamboll;50%;exponential;13875.7870094602;175.106557606823;2°C;consumption_based
Yemen;45.34253;70976.403;equality;lamboll;50%;exponential;8952.488199643;591.48128320766;2°C;consumption_based
Zambia;39.16851;38083.386;equality;lamboll;50%;exponential;4803.58329468245;367.393334711609;2°C;consumption_based
Zimbabwe;22.44673;25866.385;equality;lamboll;50%;exponential;3262.61259646988;435.427068947174;2°C;consumption_based
Afghanistan;36.29291;76885.134;responsability;lamboll;50%;linear;15676.5534330596;863.890684602563;2°C;consumption_based
Albania;10.69817;2240.166;responsability;lamboll;50%;linear;171.20446480707;32.0063085195075;2°C;consumption_based
Algeria;229.2533;59565.554;responsability;lamboll;50%;linear;8454.77405044284;73.7592353125808;2°C;consumption_based
Andorra;0.7052279;82.195;responsability;lamboll;50%;linear;-14.3022084792729;-14;2°C;consumption_based
Angola;63.06419;74295.394;responsability;lamboll;50%;linear;14001.4612760838;444.038408360871;2°C;consumption_based
Argentina;329.7293;48308.943;responsability;lamboll;50%;linear;546.412386576894;3.31430895936087;2°C;consumption_based
Armenia;13.76886;2495.207;responsability;lamboll;50%;linear;131.073659779893;19.0391448209791;2°C;consumption_based
Aruba;0.8570806;100.002;responsability;lamboll;50%;linear;-36.2392905839072;-18;2°C;consumption_based
Australia;516.071;32506.969;responsability;lamboll;50%;linear;-9635.32012394636;-16;2°C;consumption_based
Austria;104.6011;8724.332;responsability;lamboll;50%;linear;-1893.87716723743;-15;2°C;consumption_based
Azerbaijan;61.16201;11224.923;responsability;lamboll;50%;linear;553.8705732623;18.1115883294973;2°C;consumption_based
Bahamas;3.216727;424.265;responsability;lamboll;50%;linear;-36.9018427974479;-9;2°C;consumption_based
Bahrain;29.84191;2139.464;responsability;lamboll;50%;linear;-613.974707976461;-16;2°C;consumption_based
Bangladesh;198.2366;214709.096;responsability;lamboll;50%;linear;42276.6729481959;426.527421759613;2°C;consumption_based
Barbados;4.262979;264.216;responsability;lamboll;50%;linear;-122.767829432552;-20;2°C;consumption_based
Belarus;37.69015;7453.546;responsability;lamboll;50%;linear;1376.87872159746;73.0630534289443;2°C;consumption_based
Belgium;135.3539;11870.906;responsability;lamboll;50%;linear;-2005.30367303706;-14;2°C;consumption_based
Belize;1.471538;516.627;responsability;lamboll;50%;linear;63.1111446711864;85.7757593364036;2°C;consumption_based
Benin;17.1341;24433.809;responsability;lamboll;50%;linear;4864.7577663049;567.845146964813;2°C;consumption_based
Bermuda;0;56.937;responsability;lamboll;50%;linear;12.1872645951109;inf;2°C;consumption_based
Bhutan;3.675114;882.34;responsability;lamboll;50%;linear;118.948764372326;64.7320134136388;2°C;consumption_based
Bosnia and Herzegovina;26.34888;2455.167;responsability;lamboll;50%;linear;-187.927183717521;-6;2°C;consumption_based
Botswana;18.26959;3437.43;responsability;lamboll;50%;linear;90.0326488600018;9.85601196961747;2°C;consumption_based
Brazil;1077.661;217489.3;responsability;lamboll;50%;linear;16770.853909002;31.1245445627186;2°C;consumption_based
British Virgin Islands;0.2776416;40.34;responsability;lamboll;50%;linear;-6.20286693082755;-14;2°C;consumption_based
Bulgaria;57.15165;5402.217;responsability;lamboll;50%;linear;-510.356403394524;-8;2°C;consumption_based
Burkina Faso;29.78411;37304.383;responsability;lamboll;50%;linear;7378.57888944857;495.470832564651;2°C;consumption_based
Burundi;4.499215;24131.72;responsability;lamboll;50%;linear;5055.17766077438;2247.13762768589;2°C;consumption_based
Cambodia;40.78146;21931.455;responsability;lamboll;50%;linear;3802.29763575947;186.471874021159;2°C;consumption_based
Cameroon;38.30513;51096.317;responsability;lamboll;50%;linear;9892.75084325801;516.523548843615;2°C;consumption_based
Canada;672.7777;45621.882;responsability;lamboll;50%;linear;-13150.6381890857;-16;2°C;consumption_based
Cayman Islands;0;103.958;responsability;lamboll;50%;linear;22.2520268503527;inf;2°C;consumption_based
Central African Republic;9.32562;10616.752;responsability;lamboll;50%;linear;1693.02674358214;363.091514254739;2°C;consumption_based
Chad;49.86327;38857.686;responsability;lamboll;50%;linear;7458.67075053666;299.16492642928;2°C;consumption_based
Chile;120.2864;20320.306;responsability;lamboll;50%;linear;1390.19512922684;23.1147516132637;2°C;consumption_based
China;12046.22;1260289.093;responsability;lamboll;50%;linear;34094.8532347556;5.66067251548712;2°C;consumption_based
Colombia;192.7321;59385.356;responsability;lamboll;50%;linear;7854.46648583617;81.5065729666846;2°C;consumption_based
Congo;20.37865;11006.472;responsability;lamboll;50%;linear;1906.40009436166;187.097780703007;2°C;consumption_based
Costa Rica;20.15067;5354.15;responsability;lamboll;50%;linear;604.939105892035;60.0415872913442;2°C;consumption_based
Croatia;23.31505;3234.159;responsability;lamboll;50%;linear;-290.447430769637;-10;2°C;consumption_based
Cuba;41.99676;9382;responsability;lamboll;50%;linear;572.426890138225;27.2605262948011;2°C;consumption_based
Cyprus;10.44542;1508.481;responsability;lamboll;50%;linear;-90.9007190891612;-6;2°C;consumption_based
Denmark;60.05671;6124.838;responsability;lamboll;50%;linear;-1373.79796073837;-16;2°C;consumption_based
Djibouti;1.718966;1530.539;responsability;lamboll;50%;linear;270.926669971027;315.220510435957;2°C;consumption_based
Dominican Republic;36.86521;12996.293;responsability;lamboll;50%;linear;1841.63006272717;99.9115460200647;2°C;consumption_based
Ecuador;64.94059;21337.238;responsability;lamboll;50%;linear;2832.00484320906;87.2183281121732;2°C;consumption_based
Egypt;359.3699;161630.192;responsability;lamboll;50%;linear;26232.7540985347;145.993051162798;2°C;consumption_based
El Salvador;15.27658;6663.345;responsability;lamboll;50%;linear;950.383395406431;124.423581116511;2°C;consumption_based
Eritrea;6.147011;5696.062;responsability;lamboll;50%;linear;1040.82712945207;338.644954255676;2°C;consumption_based
Estonia;12.3808;1174.267;responsability;lamboll;50%;linear;-323.366736303862;-18;2°C;consumption_based
Ethiopia;15.46353;225021.874;responsability;lamboll;50%;linear;47780.5601441166;6179.77397710828;2°C;consumption_based
Fiji;3.433959;1000.261;responsability;lamboll;50%;linear;119.320334786574;69.4943269774475;2°C;consumption_based
Finland;64.9849;5351.645;responsability;lamboll;50%;linear;-1424.42488094715;-17;2°C;consumption_based
France;561.8057;68219.675;responsability;lamboll;50%;linear;-8347.63268771677;-12;2°C;consumption_based
French Polynesia;0;284.75;responsability;lamboll;50%;linear;60.9502361111021;inf;2°C;consumption_based
Gabon;14.30998;4084.533;responsability;lamboll;50%;linear;350.472156588544;48.982899569188;2°C;consumption_based
Gambia;2.508158;4301.896;responsability;lamboll;50%;linear;854.712099004936;681.545659408168;2°C;consumption_based
Georgia;17.8212;3664.014;responsability;lamboll;50%;linear;59.8849950900209;6.72064676789676;2°C;consumption_based
Germany;872.121;78294.613;responsability;lamboll;50%;linear;-19211.9061488065;-18;2°C;consumption_based
Ghana;54.33566;50553.047;responsability;lamboll;50%;linear;9945.81866634992;366.088077934451;2°C;consumption_based
Greece;83.41989;8812.07;responsability;lamboll;50%;linear;-3092.66081282683;-19;2°C;consumption_based
Greenland;0;49.898;responsability;lamboll;50%;linear;10.6805790394092;inf;2°C;consumption_based
Guatemala;40.88083;24670.857;responsability;lamboll;50%;linear;4358.67406030987;213.238041415004;2°C;consumption_based
Guinea;25.79336;23404.584;responsability;lamboll;50%;linear;4487.83177531825;347.983494613982;2°C;consumption_based
Guyana;3.330323;940.608;responsability;lamboll;50%;linear;-1105.26502982619;-26;2°C;consumption_based
Haiti;14.31872;14710.861;responsability;lamboll;50%;linear;2804.99682810923;391.794354259212;2°C;consumption_based
Honduras;16.61826;14846.778;responsability;lamboll;50%;linear;2726.04236863605;328.077953845475;2°C;consumption_based
Hungary;60.08714;8725.347;responsability;lamboll;50%;linear;-348.836468274641;-4;2°C;consumption_based
Iceland;6.905605;432.993;responsability;lamboll;50%;linear;-103.901233765744;-15;2°C;consumption_based
India;2949.414;1679589.259;responsability;lamboll;50%;linear;296395.711461707;200.986169769118;2°C;consumption_based
Indonesia;847.1642;320712.949;responsability;lamboll;50%;linear;49776.8538208528;117.514063556635;2°C;consumption_based
Iraq;404.6027;71928.75;responsability;lamboll;50%;linear;9213.39751507965;45.5429363920688;2°C;consumption_based
Ireland;58.80573;5970.042;responsability;lamboll;50%;linear;-842.383431972973;-12;2°C;consumption_based
Israel;96.33576;13092.722;responsability;lamboll;50%;linear;-90.693119615381;1;2°C;consumption_based
Italy;480.3724;51891.098;responsability;lamboll;50%;linear;-9576.15324314544;-15;2°C;consumption_based
Jamaica;12.76953;2454.94;responsability;lamboll;50%;linear;9.18161433218222;1.43805047361684;2°C;consumption_based
Japan;1258.371;105123.167;responsability;lamboll;50%;linear;-33516.0252049278;-19;2°C;consumption_based
Jordan;33.45501;16367.355;responsability;lamboll;50%;linear;2506.87088804821;149.865200342084;2°C;consumption_based
Kazakhstan;260.4604;26544.264;responsability;lamboll;50%;linear;-4970.1003300424;-8;2°C;consumption_based
Kenya;79.74114;83593.239;responsability;lamboll;50%;linear;15998.3581466525;401.257322046122;2°C;consumption_based
Kuwait;120.129;6367.756;responsability;lamboll;50%;linear;-1603.98696056932;-13;2°C;consumption_based
Kyrgyzstan;24.1211;9642.952;responsability;lamboll;50%;linear;1499.67149225294;124.345199203431;2°C;consumption_based
Latvia;16.48173;1513.81;responsability;lamboll;50%;linear;-210.953325022485;-11;2°C;consumption_based
Lebanon;35.63768;6999.26;responsability;lamboll;50%;linear;518.068098676004;29.0741764714204;2°C;consumption_based
Lesotho;4.251056;2993.076;responsability;lamboll;50%;linear;484.433877580239;227.912254075335;2°C;consumption_based
Liberia;4.860882;8910.53;responsability;lamboll;50%;linear;1834.23572140442;754.692552258795;2°C;consumption_based
Libya;56.0342;9260.606;responsability;lamboll;50%;linear;250.466838189248;8.93978456689836;2°C;consumption_based
Liechtenstein;1.370673;43.013;responsability;lamboll;50%;linear;-11.1036365874563;-14;2°C;consumption_based
Lithuania;26.37468;2258.774;responsability;lamboll;50%;linear;-467.984972557968;-15;2°C;consumption_based
Luxembourg;8.842451;791.464;responsability;lamboll;50%;linear;-377.159657412863;-21;2°C;consumption_based
Madagascar;31.88092;53185.475;responsability;lamboll;50%;linear;10514.2273945605;659.593725310345;2°C;consumption_based
Malawi;16.42;37361.682;responsability;lamboll;50%;linear;7678.23483250627;935.229577649972;2°C;consumption_based
Malaysia;233.1968;44289.772;responsability;lamboll;50%;linear;3840.80397099869;32.9404517643354;2°C;consumption_based
Maldives;2.901473;589.962;responsability;lamboll;50%;linear;77.2033593926356;53.2166657367727;2°C;consumption_based
Mali;73.55506;46154.079;responsability;lamboll;50%;linear;8617.19131166974;234.305874039658;2°C;consumption_based
Malta;2.956266;535.722;responsability;lamboll;50%;linear;-19.0179892013633;-5;2°C;consumption_based
Mauritania;8.741203;9415.598;responsability;lamboll;50%;linear;1795.71323887874;410.861809039039;2°C;consumption_based
Mauritius;9.153498;1107.197;responsability;lamboll;50%;linear;-12.8017097067469;0;2°C;consumption_based
Mexico;597.8052;148946.274;responsability;lamboll;50%;linear;12801.9088845264;42.8297006601028;2°C;consumption_based
Monaco;1.08342;36.757;responsability;lamboll;50%;linear;-8.55453847186733;-12;2°C;consumption_based
Mongolia;44.70931;4501.493;responsability;lamboll;50%;linear;247.275286403769;11.0614673500337;2°C;consumption_based
Montenegro;4.889849;533.295;responsability;lamboll;50%;linear;-40.4394672778923;-7;2°C;consumption_based
Morocco;84.54553;43440.431;responsability;lamboll;50%;linear;7292.2492254716;172.504666431723;2°C;consumption_based
Mozambique;46.50852;63530.951;responsability;lamboll;50%;linear;12567.8970660065;540.455687087291;2°C;consumption_based
Myanmar;76.01056;58623.231;responsability;lamboll;50%;linear;11049.0682515388;290.724558575514;2°C;consumption_based
Namibia;15.53063;4512.3;responsability;lamboll;50%;linear;461.670129724761;59.452852810834;2°C;consumption_based
Nepal;51.71283;34642.027;responsability;lamboll;50%;linear;6340.60794153529;245.223784563146;2°C;consumption_based
Netherlands;199.7464;18958.475;responsability;lamboll;50%;linear;-3665.20380840588;-14;2°C;consumption_based
New Caledonia;0;340.581;responsability;lamboll;50%;linear;72.900763353662;inf;2°C;consumption_based
New Zealand;79.7114;5755.288;responsability;lamboll;50%;linear;-1219.5631975333;-14;2°C;consumption_based
Nicaragua;16.31699;8756.43;responsability;lamboll;50%;linear;1412.33633314429;173.112361182337;2°C;consumption_based
Niger;34.38707;52513.876;responsability;lamboll;50%;linear;10641.2752121647;618.911422936857;2°C;consumption_based
Nigeria;449.8309;359185.556;responsability;lamboll;50%;linear;65851.658306488;292.784058660657;2°C;consumption_based
Norway;76.82043;5899.829;responsability;lamboll;50%;linear;-1355.07263099165;-14;2°C;consumption_based
Oman;65.19586;7827.002;responsability;lamboll;50%;linear;319.802746284699;9.81052313090735;2°C;consumption_based
Pakistan;578.9303;371863.793;responsability;lamboll;50%;linear;68901.3169124495;238.029748701871;2°C;consumption_based
Panama;21.22502;5630.68;responsability;lamboll;50%;linear;663.781989476945;62.5471249946474;2°C;consumption_based
Papua New Guinea;17.17362;14906.59;responsability;lamboll;50%;linear;2839.56566491885;330.689239067692;2°C;consumption_based
Paraguay;29.96962;8640.464;responsability;lamboll;50%;linear;800.492515037673;53.4202645904534;2°C;consumption_based
Peru;99.16215;40583.876;responsability;lamboll;50%;linear;6017.75149755465;121.37194479052;2°C;consumption_based
Philippines;260.8678;134373.439;responsability;lamboll;50%;linear;23394.7611826805;179.361049410318;2°C;consumption_based
Poland;340.3965;32814.096;responsability;lamboll;50%;linear;-5216.49893038676;-13;2°C;consumption_based
Portugal;63.02308;9770.27;responsability;lamboll;50%;linear;-882.093110029089;-10;2°C;consumption_based
Qatar;162.3337;4164.46;responsability;lamboll;50%;linear;-2039.05665979723;-12;2°C;consumption_based
Romania;116.8046;16027.266;responsability;lamboll;50%;linear;-1097.06929357177;-9;2°C;consumption_based
Rwanda;8.712675;22707.91;responsability;lamboll;50%;linear;4659.85901932451;1069.67355475202;2°C;consumption_based
Samoa;0.6925006;272.726;responsability;lamboll;50%;linear;40.3930203830076;116.658441546499;2°C;consumption_based
San Marino;0.566147;33.696;responsability;lamboll;50%;linear;-16.0744642320467;-20;2°C;consumption_based
Sao Tome and Principe;0.2998609;365.115;responsability;lamboll;50%;linear;68.7228183541002;458.364650770408;2°C;consumption_based
Saudi Arabia;703.8256;47693.909;responsability;lamboll;50%;linear;-4330.82315816887;-5;2°C;consumption_based
Senegal;28.29428;30364.954;responsability;lamboll;50%;linear;5840.57891697191;412.845205247981;2°C;consumption_based
Serbia;73.73461;5532.87;responsability;lamboll;50%;linear;-1240.84513879883;-14;2°C;consumption_based
Seychelles;0.9971907;141.747;responsability;lamboll;50%;linear;-0.647288738664152;1;2°C;consumption_based
Sierra Leone;7.612386;12948.325;responsability;lamboll;50%;linear;2598.90433678941;682.80939426598;2°C;consumption_based
Singapore;98.39144;6081.692;responsability;lamboll;50%;linear;-2511.02972606672;-16;2°C;consumption_based
Slovakia;47.49821;4936.488;responsability;lamboll;50%;linear;-957.000635787104;-15;2°C;consumption_based
Slovenia;16.40035;1981.553;responsability;lamboll;50%;linear;-211.969569476163;-10;2°C;consumption_based
Somalia;27.54213;37206.512;responsability;lamboll;50%;linear;7087.95388023021;514.699036002677;2°C;consumption_based
South Africa;442.3963;79177.328;responsability;lamboll;50%;linear;3975.08744265556;17.9707083565372;2°C;consumption_based
South Sudan;0;18341.974;responsability;lamboll;50%;linear;3926.06723808146;inf;2°C;consumption_based
Spain;347.0203;44928.558;responsability;lamboll;50%;linear;-5521.48747047816;-12;2°C;consumption_based
Sri Lanka;52.34435;24813.69;responsability;lamboll;50%;linear;4300.40709245897;164.312178581221;2°C;consumption_based
Sudan;0;85206.383;responsability;lamboll;50%;linear;18238.2762494223;inf;2°C;consumption_based
Suriname;3.667079;733.905;responsability;lamboll;50%;linear;47.9175989872462;26.1339332952719;2°C;consumption_based
Sweden;98.71911;11309.63;responsability;lamboll;50%;linear;-1075.97172254011;-9;2°C;consumption_based
Switzerland;98.65993;9342.586;responsability;lamboll;50%;linear;-1816.60234716145;-14;2°C;consumption_based
Tajikistan;16.7698;15574.642;responsability;lamboll;50%;linear;2914.41396721031;347.578858091368;2°C;consumption_based
Thailand;283.2797;66382.735;responsability;lamboll;50%;linear;5206.62953977425;36.759637487432;2°C;consumption_based
Togo;13.54584;15584.778;responsability;lamboll;50%;linear;3031.00635416281;447.518404788895;2°C;consumption_based
Trinidad and Tobago;32.59566;1399.8;responsability;lamboll;50%;linear;-629.962534773237;-17;2°C;consumption_based
Tunisia;31.10463;13145.141;responsability;lamboll;50%;linear;1710.38800503504;109.976425055372;2°C;consumption_based
Turkmenistan;101.6677;9639.708;responsability;lamboll;50%;linear;-220.313966235015;-1;2°C;consumption_based
Uganda;50.1081;85431.202;responsability;lamboll;50%;linear;17148.7422005101;684.46986417406;2°C;consumption_based
Ukraine;252.1204;31990.132;responsability;lamboll;50%;linear;-5394.67687374778;-16;2°C;consumption_based
Uruguay;31.57455;3254.354;responsability;lamboll;50%;linear;-439.569566579071;-11;2°C;consumption_based
Uzbekistan;165.7009;52210.754;responsability;lamboll;50%;linear;4991.91556080304;60.2521236855448;2°C;consumption_based
Vanuatu;0.5712391;534.388;responsability;lamboll;50%;linear;92.0526776475491;322.291235482827;2°C;consumption_based
Viet Nam;237.3877;110008.908;responsability;lamboll;50%;linear;17678.4307032906;148.941421171279;2°C;consumption_based
Yemen;45.34253;70976.403;responsability;lamboll;50%;linear;14167.6254466259;624.915523973891;2°C;consumption_based
Zambia;39.16851;38083.386;responsability;lamboll;50%;linear;7152.60439592709;365.22218465431;2°C;consumption_based
Zimbabwe;22.44673;25866.385;responsability;lamboll;50%;linear;4722.49484861956;420.773524573027;2°C;consumption_based
Afghanistan;36.29291;76885.134;responsability;lamboll;50%;exponential;15676.5534330596;1293.99260234327;2°C;consumption_based
Albania;10.69817;2240.166;responsability;lamboll;50%;exponential;171.20446480707;47.9411656946073;2°C;consumption_based
Algeria;229.2533;59565.554;responsability;lamboll;50%;exponential;8454.77405044284;110.481460849281;2°C;consumption_based
Andorra;0.7052279;82.195;responsability;lamboll;50%;exponential;-14.3022084792729;-14;2°C;consumption_based
Angola;63.06419;74295.394;responsability;lamboll;50%;exponential;14001.4612760838;665.110095312103;2°C;consumption_based
Argentina;329.7293;48308.943;responsability;lamboll;50%;exponential;546.412386576894;4.96439115704325;2°C;consumption_based
Armenia;13.76886;2495.207;responsability;lamboll;50%;exponential;131.073659779893;28.5180903005377;2°C;consumption_based
Aruba;0.8570806;100.002;responsability;lamboll;50%;exponential;-36.2392905839072;-18;2°C;consumption_based
Australia;516.071;32506.969;responsability;lamboll;50%;exponential;-9635.32012394636;-16;2°C;consumption_based
Austria;104.6011;8724.332;responsability;lamboll;50%;exponential;-1893.87716723743;-15;2°C;consumption_based
Azerbaijan;61.16201;11224.923;responsability;lamboll;50%;exponential;553.8705732623;27.1287348419995;2°C;consumption_based
Bahamas;3.216727;424.265;responsability;lamboll;50%;exponential;-36.9018427974479;-9;2°C;consumption_based
Bahrain;29.84191;2139.464;responsability;lamboll;50%;exponential;-613.974707976461;-16;2°C;consumption_based
Bangladesh;198.2366;214709.096;responsability;lamboll;50%;exponential;42276.6729481959;638.880981460524;2°C;consumption_based
Barbados;4.262979;264.216;responsability;lamboll;50%;exponential;-122.767829432552;-20;2°C;consumption_based
Belarus;37.69015;7453.546;responsability;lamboll;50%;exponential;1376.87872159746;109.438673580744;2°C;consumption_based
Belgium;135.3539;11870.906;responsability;lamboll;50%;exponential;-2005.30367303706;-14;2°C;consumption_based
Belize;1.471538;516.627;responsability;lamboll;50%;exponential;63.1111446711864;128.480605266332;2°C;consumption_based
Benin;17.1341;24433.809;responsability;lamboll;50%;exponential;4864.7577663049;850.556016571749;2°C;consumption_based
Bermuda;0;56.937;responsability;lamboll;50%;exponential;12.1872645951109;inf;2°C;consumption_based
Bhutan;3.675114;882.34;responsability;lamboll;50%;exponential;118.948764372326;96.9598908576837;2°C;consumption_based
Bosnia and Herzegovina;26.34888;2455.167;responsability;lamboll;50%;exponential;-187.927183717521;-6;2°C;consumption_based
Botswana;18.26959;3437.43;responsability;lamboll;50%;exponential;90.0326488600018;14.7629865729587;2°C;consumption_based
Brazil;1077.661;217489.3;responsability;lamboll;50%;exponential;16770.853909002;46.6204013231027;2°C;consumption_based
British Virgin Islands;0.2776416;40.34;responsability;lamboll;50%;exponential;-6.20286693082755;-14;2°C;consumption_based
Bulgaria;57.15165;5402.217;responsability;lamboll;50%;exponential;-510.356403394524;-8;2°C;consumption_based
Burkina Faso;29.78411;37304.383;responsability;lamboll;50%;exponential;7378.57888944857;742.148981859295;2°C;consumption_based
Burundi;4.499215;24131.72;responsability;lamboll;50%;exponential;5055.17766077438;3365.91135718808;2°C;consumption_based
Cambodia;40.78146;21931.455;responsability;lamboll;50%;exponential;3802.29763575947;279.30990555764;2°C;consumption_based
Cameroon;38.30513;51096.317;responsability;lamboll;50%;exponential;9892.75084325801;773.683132660729;2°C;consumption_based
Canada;672.7777;45621.882;responsability;lamboll;50%;exponential;-13150.6381890857;-16;2°C;consumption_based
Cayman Islands;0;103.958;responsability;lamboll;50%;exponential;22.2520268503527;inf;2°C;consumption_based
Central African Republic;9.32562;10616.752;responsability;lamboll;50%;exponential;1693.02674358214;543.862483753256;2°C;consumption_based
Chad;49.86327;38857.686;responsability;lamboll;50%;exponential;7458.67075053666;448.1090126098;2°C;consumption_based
Chile;120.2864;20320.306;responsability;lamboll;50%;exponential;1390.19512922684;34.6228037015192;2°C;consumption_based
China;12046.22;1260289.093;responsability;lamboll;50%;exponential;34094.8532347556;8.47892967233241;2°C;consumption_based
Colombia;192.7321;59385.356;responsability;lamboll;50%;exponential;7854.46648583617;122.08593557154;2°C;consumption_based
Congo;20.37865;11006.472;responsability;lamboll;50%;exponential;1906.40009436166;280.247429981162;2°C;consumption_based
Costa Rica;20.15067;5354.15;responsability;lamboll;50%;exponential;604.939105892035;89.9342604020444;2°C;consumption_based
Croatia;23.31505;3234.159;responsability;lamboll;50%;exponential;-290.447430769637;-10;2°C;consumption_based
Cuba;41.99676;9382;responsability;lamboll;50%;exponential;572.426890138225;40.8326192077014;2°C;consumption_based
Cyprus;10.44542;1508.481;responsability;lamboll;50%;exponential;-90.9007190891612;-6;2°C;consumption_based
Denmark;60.05671;6124.838;responsability;lamboll;50%;exponential;-1373.79796073837;-16;2°C;consumption_based
Djibouti;1.718966;1530.539;responsability;lamboll;50%;exponential;270.926669971027;472.158128199579;2°C;consumption_based
Dominican Republic;36.86521;12996.293;responsability;lamboll;50%;exponential;1841.63006272717;149.654121456491;2°C;consumption_based
Ecuador;64.94059;21337.238;responsability;lamboll;50%;exponential;2832.00484320906;130.641380185529;2°C;consumption_based
Egypt;359.3699;161630.192;responsability;lamboll;50%;exponential;26232.7540985347;218.678047541506;2°C;consumption_based
El Salvador;15.27658;6663.345;responsability;lamboll;50%;exponential;950.383395406431;186.369868770947;2°C;consumption_based
Eritrea;6.147011;5696.062;responsability;lamboll;50%;exponential;1040.82712945207;507.244809369971;2°C;consumption_based
Estonia;12.3808;1174.267;responsability;lamboll;50%;exponential;-323.366736303862;-18;2°C;consumption_based
Ethiopia;15.46353;225021.874;responsability;lamboll;50%;exponential;47780.5601441166;9256.47417324619;2°C;consumption_based
Fiji;3.433959;1000.261;responsability;lamboll;50%;exponential;119.320334786574;104.093199077627;2°C;consumption_based
Finland;64.9849;5351.645;responsability;lamboll;50%;exponential;-1424.42488094715;-17;2°C;consumption_based
France;561.8057;68219.675;responsability;lamboll;50%;exponential;-8347.63268771677;-12;2°C;consumption_based
French Polynesia;0;284.75;responsability;lamboll;50%;exponential;60.9502361111021;inf;2°C;consumption_based
Gabon;14.30998;4084.533;responsability;lamboll;50%;exponential;350.472156588544;73.3698265458352;2°C;consumption_based
Gambia;2.508158;4301.896;responsability;lamboll;50%;exponential;854.712099004936;1020.86416389484;2°C;consumption_based
Georgia;17.8212;3664.014;responsability;lamboll;50%;exponential;59.8849950900209;10.0666292108723;2°C;consumption_based
Germany;872.121;78294.613;responsability;lamboll;50%;exponential;-19211.9061488065;-18;2°C;consumption_based
Ghana;54.33566;50553.047;responsability;lamboll;50%;exponential;9945.81866634992;548.350935015792;2°C;consumption_based
Greece;83.41989;8812.07;responsability;lamboll;50%;exponential;-3092.66081282683;-19;2°C;consumption_based
Greenland;0;49.898;responsability;lamboll;50%;exponential;10.6805790394092;inf;2°C;consumption_based
Guatemala;40.88083;24670.857;responsability;lamboll;50%;exponential;4358.67406030987;319.402041308185;2°C;consumption_based
Guinea;25.79336;23404.584;responsability;lamboll;50%;exponential;4487.83177531825;521.232692739603;2°C;consumption_based
Guyana;3.330323;940.608;responsability;lamboll;50%;exponential;-1105.26502982619;-26;2°C;consumption_based
Haiti;14.31872;14710.861;responsability;lamboll;50%;exponential;2804.99682810923;586.855495825282;2°C;consumption_based
Honduras;16.61826;14846.778;responsability;lamboll;50%;exponential;2726.04236863605;491.416857288223;2°C;consumption_based
Hungary;60.08714;8725.347;responsability;lamboll;50%;exponential;-348.836468274641;-4;2°C;consumption_based
Iceland;6.905605;432.993;responsability;lamboll;50%;exponential;-103.901233765744;-15;2°C;consumption_based
India;2949.414;1679589.259;responsability;lamboll;50%;exponential;296395.711461707;301.050377657674;2°C;consumption_based
Indonesia;847.1642;320712.949;responsability;lamboll;50%;exponential;49776.8538208528;176.020336396543;2°C;consumption_based
Iraq;404.6027;71928.75;responsability;lamboll;50%;exponential;9213.39751507965;68.2172221910686;2°C;consumption_based
Ireland;58.80573;5970.042;responsability;lamboll;50%;exponential;-842.383431972973;-12;2°C;consumption_based
Israel;96.33576;13092.722;responsability;lamboll;50%;exponential;-90.693119615381;1;2°C;consumption_based
Italy;480.3724;51891.098;responsability;lamboll;50%;exponential;-9576.15324314544;-15;2°C;consumption_based
Jamaica;12.76953;2454.94;responsability;lamboll;50%;exponential;9.18161433218222;2.15400710740678;2°C;consumption_based
Japan;1258.371;105123.167;responsability;lamboll;50%;exponential;-33516.0252049278;-19;2°C;consumption_based
Jordan;33.45501;16367.355;responsability;lamboll;50%;exponential;2506.87088804821;224.478008673707;2°C;consumption_based
Kazakhstan;260.4604;26544.264;responsability;lamboll;50%;exponential;-4970.1003300424;-8;2°C;consumption_based
Kenya;79.74114;83593.239;responsability;lamboll;50%;exponential;15998.3581466525;601.029754826707;2°C;consumption_based
Kuwait;120.129;6367.756;responsability;lamboll;50%;exponential;-1603.98696056932;-13;2°C;consumption_based
Kyrgyzstan;24.1211;9642.952;responsability;lamboll;50%;exponential;1499.67149225294;186.252463157609;2°C;consumption_based
Latvia;16.48173;1513.81;responsability;lamboll;50%;exponential;-210.953325022485;-11;2°C;consumption_based
Lebanon;35.63768;6999.26;responsability;lamboll;50%;exponential;518.068098676004;43.549224391219;2°C;consumption_based
Lesotho;4.251056;2993.076;responsability;lamboll;50%;exponential;484.433877580239;341.382047535959;2°C;consumption_based
Liberia;4.860882;8910.53;responsability;lamboll;50%;exponential;1834.23572140442;1130.42841770625;2°C;consumption_based
Libya;56.0342;9260.606;responsability;lamboll;50%;exponential;250.466838189248;13.3906005728386;2°C;consumption_based
Liechtenstein;1.370673;43.013;responsability;lamboll;50%;exponential;-11.1036365874563;-14;2°C;consumption_based
Lithuania;26.37468;2258.774;responsability;lamboll;50%;exponential;-467.984972557968;-15;2°C;consumption_based
Luxembourg;8.842451;791.464;responsability;lamboll;50%;exponential;-377.159657412863;-21;2°C;consumption_based
Madagascar;31.88092;53185.475;responsability;lamboll;50%;exponential;10514.2273945605;987.983105172953;2°C;consumption_based
Malawi;16.42;37361.682;responsability;lamboll;50%;exponential;7678.23483250627;1400.84871447415;2°C;consumption_based
Malaysia;233.1968;44289.772;responsability;lamboll;50%;exponential;3840.80397099869;49.3403872279341;2°C;consumption_based
Maldives;2.901473;589.962;responsability;lamboll;50%;exponential;77.2033593926356;79.7114415192925;2°C;consumption_based
Mali;73.55506;46154.079;responsability;lamboll;50%;exponential;8617.19131166974;350.958834371939;2°C;consumption_based
Malta;2.956266;535.722;responsability;lamboll;50%;exponential;-19.0179892013633;-5;2°C;consumption_based
Mauritania;8.741203;9415.598;responsability;lamboll;50%;exponential;1795.71323887874;615.415990654512;2°C;consumption_based
Mauritius;9.153498;1107.197;responsability;lamboll;50%;exponential;-12.8017097067469;0;2°C;consumption_based
Mexico;597.8052;148946.274;responsability;lamboll;50%;exponential;12801.9088845264;64.1531582670633;2°C;consumption_based
Monaco;1.08342;36.757;responsability;lamboll;50%;exponential;-8.55453847186733;-12;2°C;consumption_based
Mongolia;44.70931;4501.493;responsability;lamboll;50%;exponential;247.275286403769;16.5685973666799;2°C;consumption_based
Montenegro;4.889849;533.295;responsability;lamboll;50%;exponential;-40.4394672778923;-7;2°C;consumption_based
Morocco;84.54553;43440.431;responsability;lamboll;50%;exponential;7292.2492254716;258.388898284088;2°C;consumption_based
Mozambique;46.50852;63530.951;responsability;lamboll;50%;exponential;12567.8970660065;809.530272116597;2°C;consumption_based
Myanmar;76.01056;58623.231;responsability;lamboll;50%;exponential;11049.0682515388;435.466471419702;2°C;consumption_based
Namibia;15.53063;4512.3;responsability;lamboll;50%;exponential;461.670129724761;89.0524149601352;2°C;consumption_based
Nepal;51.71283;34642.027;responsability;lamboll;50%;exponential;6340.60794153529;367.312402829433;2°C;consumption_based
Netherlands;199.7464;18958.475;responsability;lamboll;50%;exponential;-3665.20380840588;-14;2°C;consumption_based
New Caledonia;0;340.581;responsability;lamboll;50%;exponential;72.900763353662;inf;2°C;consumption_based
New Zealand;79.7114;5755.288;responsability;lamboll;50%;exponential;-1219.5631975333;-14;2°C;consumption_based
Nicaragua;16.31699;8756.43;responsability;lamboll;50%;exponential;1412.33633314429;259.299143672531;2°C;consumption_based
Niger;34.38707;52513.876;responsability;lamboll;50%;exponential;10641.2752121647;927.046462081583;2°C;consumption_based
Nigeria;449.8309;359185.556;responsability;lamboll;50%;exponential;65851.658306488;438.551326855927;2°C;consumption_based
Norway;76.82043;5899.829;responsability;lamboll;50%;exponential;-1355.07263099165;-14;2°C;consumption_based
Oman;65.19586;7827.002;responsability;lamboll;50%;exponential;319.802746284699;14.6948503818536;2°C;consumption_based
Pakistan;578.9303;371863.793;responsability;lamboll;50%;exponential;68901.3169124495;356.536700126071;2°C;consumption_based
Panama;21.22502;5630.68;responsability;lamboll;50%;exponential;663.781989476945;93.6872204822403;2°C;consumption_based
Papua New Guinea;17.17362;14906.59;responsability;lamboll;50%;exponential;2839.56566491885;495.328212996048;2°C;consumption_based
Paraguay;29.96962;8640.464;responsability;lamboll;50%;exponential;800.492515037673;80.0164053477074;2°C;consumption_based
Peru;99.16215;40583.876;responsability;lamboll;50%;exponential;6017.75149755465;181.798926056488;2°C;consumption_based
Philippines;260.8678;134373.439;responsability;lamboll;50%;exponential;23394.7611826805;268.658842168501;2°C;consumption_based
Poland;340.3965;32814.096;responsability;lamboll;50%;exponential;-5216.49893038676;-13;2°C;consumption_based
Portugal;63.02308;9770.27;responsability;lamboll;50%;exponential;-882.093110029089;-10;2°C;consumption_based
Qatar;162.3337;4164.46;responsability;lamboll;50%;exponential;-2039.05665979723;-12;2°C;consumption_based
Romania;116.8046;16027.266;responsability;lamboll;50%;exponential;-1097.06929357177;-9;2°C;consumption_based
Rwanda;8.712675;22707.91;responsability;lamboll;50%;exponential;4659.85901932451;1602.22779506892;2°C;consumption_based
Samoa;0.6925006;272.726;responsability;lamboll;50%;exponential;40.3930203830076;174.738729161679;2°C;consumption_based
San Marino;0.566147;33.696;responsability;lamboll;50%;exponential;-16.0744642320467;-20;2°C;consumption_based
Sao Tome and Principe;0.2998609;365.115;responsability;lamboll;50%;exponential;68.7228183541002;686.568888684608;2°C;consumption_based
Saudi Arabia;703.8256;47693.909;responsability;lamboll;50%;exponential;-4330.82315816887;-5;2°C;consumption_based
Senegal;28.29428;30364.954;responsability;lamboll;50%;exponential;5840.57891697191;618.386852671698;2°C;consumption_based
Serbia;73.73461;5532.87;responsability;lamboll;50%;exponential;-1240.84513879883;-14;2°C;consumption_based
Seychelles;0.9971907;141.747;responsability;lamboll;50%;exponential;-0.647288738664152;1;2°C;consumption_based
Sierra Leone;7.612386;12948.325;responsability;lamboll;50%;exponential;2598.90433678941;1022.75706954422;2°C;consumption_based
Singapore;98.39144;6081.692;responsability;lamboll;50%;exponential;-2511.02972606672;-16;2°C;consumption_based
Slovakia;47.49821;4936.488;responsability;lamboll;50%;exponential;-957.000635787104;-15;2°C;consumption_based
Slovenia;16.40035;1981.553;responsability;lamboll;50%;exponential;-211.969569476163;-10;2°C;consumption_based
Somalia;27.54213;37206.512;responsability;lamboll;50%;exponential;7087.95388023021;770.950256660174;2°C;consumption_based
South Africa;442.3963;79177.328;responsability;lamboll;50%;exponential;3975.08744265556;26.9177155011524;2°C;consumption_based
South Sudan;0;18341.974;responsability;lamboll;50%;exponential;3926.06723808146;inf;2°C;consumption_based
Spain;347.0203;44928.558;responsability;lamboll;50%;exponential;-5521.48747047816;-12;2°C;consumption_based
Sri Lanka;52.34435;24813.69;responsability;lamboll;50%;exponential;4300.40709245897;246.117648156865;2°C;consumption_based
Sudan;0;85206.383;responsability;lamboll;50%;exponential;18238.2762494223;inf;2°C;consumption_based
Suriname;3.667079;733.905;responsability;lamboll;50%;exponential;47.9175989872462;39.1451337037766;2°C;consumption_based
Sweden;98.71911;11309.63;responsability;lamboll;50%;exponential;-1075.97172254011;-9;2°C;consumption_based
Switzerland;98.65993;9342.586;responsability;lamboll;50%;exponential;-1816.60234716145;-14;2°C;consumption_based
Tajikistan;16.7698;15574.642;responsability;lamboll;50%;exponential;2914.41396721031;520.626601394677;2°C;consumption_based
Thailand;283.2797;66382.735;responsability;lamboll;50%;exponential;5206.62953977425;55.0610161926226;2°C;consumption_based
Togo;13.54584;15584.778;responsability;lamboll;50%;exponential;3031.00635416281;670.322664117746;2°C;consumption_based
Trinidad and Tobago;32.59566;1399.8;responsability;lamboll;50%;exponential;-629.962534773237;-17;2°C;consumption_based
Tunisia;31.10463;13145.141;responsability;lamboll;50%;exponential;1710.38800503504;164.729962934235;2°C;consumption_based
Turkmenistan;101.6677;9639.708;responsability;lamboll;50%;exponential;-220.313966235015;-1;2°C;consumption_based
Uganda;50.1081;85431.202;responsability;lamboll;50%;exponential;17148.7422005101;1025.24423119067;2°C;consumption_based
Ukraine;252.1204;31990.132;responsability;lamboll;50%;exponential;-5394.67687374778;-16;2°C;consumption_based
Uruguay;31.57455;3254.354;responsability;lamboll;50%;exponential;-439.569566579071;-11;2°C;consumption_based
Uzbekistan;165.7009;52210.754;responsability;lamboll;50%;exponential;4991.91556080304;90.2496157374766;2°C;consumption_based
Vanuatu;0.5712391;534.388;responsability;lamboll;50%;exponential;92.0526776475491;482.749127809747;2°C;consumption_based
Viet Nam;237.3877;110008.908;responsability;lamboll;50%;exponential;17678.4307032906;223.094311135899;2°C;consumption_based
Yemen;45.34253;70976.403;responsability;lamboll;50%;exponential;14167.6254466259;936.039801706743;2°C;consumption_based
Zambia;39.16851;38083.386;responsability;lamboll;50%;exponential;7152.60439592709;547.053942793405;2°C;consumption_based
Zimbabwe;22.44673;25866.385;responsability;lamboll;50%;exponential;4722.49484861956;630.26241371024;2°C;consumption_based
Afghanistan;36.29291;76885.134;equality;lamboll;67%;linear;7510.00862007104;413.855412534902;2°C;consumption_based
Albania;10.69817;2240.166;equality;lamboll;67%;linear;218.81559015544;40.90710657158;2°C;consumption_based
Algeria;229.2533;59565.554;equality;lamboll;67%;linear;5818.26161607922;50.7583674135048;2°C;consumption_based
Andorra;0.7052279;82.195;equality;lamboll;67%;linear;8.02866726520551;22.7690006739822;2°C;consumption_based
Angola;63.06419;74295.394;equality;lamboll;67%;linear;7257.0472384372;230.147956817877;2°C;consumption_based
Argentina;329.7293;48308.943;equality;lamboll;67%;linear;4718.73507245914;28.621872987685;2°C;consumption_based
Armenia;13.76886;2495.207;equality;lamboll;67%;linear;243.727559593791;35.4027217349571;2°C;consumption_based
Aruba;0.8570806;100.002;equality;lamboll;67%;linear;9.76802462260577;22.7937130361037;2°C;consumption_based
Australia;516.071;32506.969;equality;lamboll;67%;linear;3175.2252314782;12.3053813582945;2°C;consumption_based
Austria;104.6011;8724.332;equality;lamboll;67%;linear;852.177854360788;16.2938602817903;2°C;consumption_based
Azerbaijan;61.16201;11224.923;equality;lamboll;67%;linear;1096.43131388226;35.8533447112762;2°C;consumption_based
Bahamas;3.216727;424.265;equality;lamboll;67%;linear;41.4414808354817;25.7662405516425;2°C;consumption_based
Bahrain;29.84191;2139.464;equality;lamboll;67%;linear;208.979190727972;14.005751691361;2°C;consumption_based
Bangladesh;198.2366;214709.096;equality;lamboll;67%;linear;20972.4179158959;211.5897661269;2°C;consumption_based
Barbados;4.262979;264.216;equality;lamboll;67%;linear;25.8081677735086;12.1080435880677;2°C;consumption_based
Belarus;37.69015;7453.546;equality;lamboll;67%;linear;728.049647544297;38.633417354099;2°C;consumption_based
Belgium;135.3539;11870.906;equality;lamboll;67%;linear;1159.52983040978;17.1333050678226;2°C;consumption_based
Belize;1.471538;516.627;equality;lamboll;67%;linear;50.4632433021635;68.5857154924487;2°C;consumption_based
Benin;17.1341;24433.809;equality;lamboll;67%;linear;2386.65274630554;278.585130973385;2°C;consumption_based
Bermuda;0;56.937;equality;lamboll;67%;linear;5.56150894919406;inf;2°C;consumption_based
Bhutan;3.675114;882.34;equality;lamboll;67%;linear;86.1854647458049;46.9021993580634;2°C;consumption_based
Bosnia and Herzegovina;26.34888;2455.167;equality;lamboll;67%;linear;239.816520755676;18.2031661881398;2°C;consumption_based
Botswana;18.26959;3437.43;equality;lamboll;67%;linear;335.762293538967;36.7564125455434;2°C;consumption_based
Brazil;1077.661;217489.3;equality;lamboll;67%;linear;21243.983495863;39.4260968817894;2°C;consumption_based
British Virgin Islands;0.2776416;40.34;equality;lamboll;67%;linear;3.94034232591265;28.3843799049757;2°C;consumption_based
Bulgaria;57.15165;5402.217;equality;lamboll;67%;linear;527.679333139932;18.4659352141165;2°C;consumption_based
Burkina Faso;29.78411;37304.383;equality;lamboll;67%;linear;3643.82844018236;244.682714385782;2°C;consumption_based
Burundi;4.499215;24131.72;equality;lamboll;67%;linear;2357.14520855411;1047.80287608132;2°C;consumption_based
Cambodia;40.78146;21931.455;equality;lamboll;67%;linear;2142.22707995411;105.058871357431;2°C;consumption_based
Cameroon;38.30513;51096.317;equality;lamboll;67%;linear;4991.00100578458;260.591780045366;2°C;consumption_based
Canada;672.7777;45621.882;equality;lamboll;67%;linear;4456.26754170532;13.2473699461362;2°C;consumption_based
Cayman Islands;0;103.958;equality;lamboll;67%;linear;10.1544399483695;inf;2°C;consumption_based
Central African Republic;9.32562;10616.752;equality;lamboll;67%;linear;1037.02620895681;222.403702693614;2°C;consumption_based
Chad;49.86327;38857.686;equality;lamboll;67%;linear;3795.55242520633;152.238408159205;2°C;consumption_based
Chile;120.2864;20320.306;equality;lamboll;67%;linear;1984.85279641291;33.0021148926713;2°C;consumption_based
China;12046.22;1260289.093;equality;lamboll;67%;linear;123102.886862518;20.4384258070196;2°C;consumption_based
Colombia;192.7321;59385.356;equality;lamboll;67%;linear;5800.66018309843;60.1940225120614;2°C;consumption_based
Congo;20.37865;11006.472;equality;lamboll;67%;linear;1075.09339317235;105.511738331278;2°C;consumption_based
Costa Rica;20.15067;5354.15;equality;lamboll;67%;linear;522.984230646634;51.9073788262757;2°C;consumption_based
Croatia;23.31505;3234.159;equality;lamboll;67%;linear;315.907129311634;27.0989879336853;2°C;consumption_based
Cuba;41.99676;9382;equality;lamboll;67%;linear;916.417741738039;43.6423067750007;2°C;consumption_based
Cyprus;10.44542;1508.481;equality;lamboll;67%;linear;147.345848590358;28.2125273259205;2°C;consumption_based
Denmark;60.05671;6124.838;equality;lamboll;67%;linear;598.263718660342;19.9232931227948;2°C;consumption_based
Djibouti;1.718966;1530.539;equality;lamboll;67%;linear;149.500436369857;173.942284338209;2°C;consumption_based
Dominican Republic;36.86521;12996.293;equality;lamboll;67%;linear;1269.45571115177;68.8701196142253;2°C;consumption_based
Ecuador;64.94059;21337.238;equality;lamboll;67%;linear;2084.18497792444;64.1874358679044;2°C;consumption_based
Egypt;359.3699;161630.192;equality;lamboll;67%;linear;15787.7611969011;87.8635700814178;2°C;consumption_based
El Salvador;15.27658;6663.345;equality;lamboll;67%;linear;650.864163005911;85.2107164045762;2°C;consumption_based
Eritrea;6.147011;5696.062;equality;lamboll;67%;linear;556.38161104667;181.025090420912;2°C;consumption_based
Estonia;12.3808;1174.267;equality;lamboll;67%;linear;114.70039568722;18.5287535033633;2°C;consumption_based
Ethiopia;15.46353;225021.874;equality;lamboll;67%;linear;21979.7524635197;2842.785892163;2°C;consumption_based
Fiji;3.433959;1000.261;equality;lamboll;67%;linear;97.7037866945888;56.9044573302062;2°C;consumption_based
Finland;64.9849;5351.645;equality;lamboll;67%;linear;522.73954652352;16.0880311125668;2°C;consumption_based
France;561.8057;68219.675;equality;lamboll;67%;linear;6663.58137983404;23.7220141405971;2°C;consumption_based
French Polynesia;0;284.75;equality;lamboll;67%;linear;27.8138938349932;inf;2°C;consumption_based
Gabon;14.30998;4084.533;equality;lamboll;67%;linear;398.970209754263;55.761113538141;2°C;consumption_based
Gambia;2.508158;4301.896;equality;lamboll;67%;linear;420.201856481763;335.068090990889;2°C;consumption_based
Georgia;17.8212;3664.014;equality;lamboll;67%;linear;357.894631803087;40.1650429604164;2°C;consumption_based
Germany;872.121;78294.613;equality;lamboll;67%;linear;7647.68412233145;17.5381262974552;2°C;consumption_based
Ghana;54.33566;50553.047;equality;lamboll;67%;linear;4937.93531973107;181.756707095527;2°C;consumption_based
Greece;83.41989;8812.07;equality;lamboll;67%;linear;860.747952402209;20.6365161210883;2°C;consumption_based
Greenland;0;49.898;equality;lamboll;67%;linear;4.87395144715889;inf;2°C;consumption_based
Guatemala;40.88083;24670.857;equality;lamboll;67%;linear;2409.80719022405;117.894239927323;2°C;consumption_based
Guinea;25.79336;23404.584;equality;lamboll;67%;linear;2286.11980554234;177.264211063804;2°C;consumption_based
Guyana;3.330323;940.608;equality;lamboll;67%;linear;91.8769835025297;55.1760195647868;2°C;consumption_based
Haiti;14.31872;14710.861;equality;lamboll;67%;linear;1436.93178604159;200.706737200195;2°C;consumption_based
Honduras;16.61826;14846.778;equality;lamboll;67%;linear;1450.20792654509;174.531861524021;2°C;consumption_based
Hungary;60.08714;8725.347;equality;lamboll;67%;linear;852.276997827838;28.3680334203904;2°C;consumption_based
Iceland;6.905605;432.993;equality;lamboll;67%;linear;42.2940169738199;12.2491851108831;2°C;consumption_based
India;2949.414;1679589.259;equality;lamboll;67%;linear;164059.411189538;111.248818368353;2°C;consumption_based
Indonesia;847.1642;320712.949;equality;lamboll;67%;linear;31326.6932923392;73.956603200039;2°C;consumption_based
Iraq;404.6027;71928.75;equality;lamboll;67%;linear;7025.87749318269;34.7297607909324;2°C;consumption_based
Ireland;58.80573;5970.042;equality;lamboll;67%;linear;583.143509669713;19.8328805600989;2°C;consumption_based
Israel;96.33576;13092.722;equality;lamboll;67%;linear;1278.8747312347;26.5503636704521;2°C;consumption_based
Italy;480.3724;51891.098;equality;lamboll;67%;linear;5068.63385690335;21.1029353764011;2°C;consumption_based
Jamaica;12.76953;2454.94;equality;lamboll;67%;linear;239.794347783243;37.5572707504885;2°C;consumption_based
Japan;1258.371;105123.167;equality;lamboll;67%;linear;10268.2514715936;16.3199111734036;2°C;consumption_based
Jordan;33.45501;16367.355;equality;lamboll;67%;linear;1598.73529176346;95.575239210119;2°C;consumption_based
Kazakhstan;260.4604;26544.264;equality;lamboll;67%;linear;2592.79838744173;19.9093481192667;2°C;consumption_based
Kenya;79.74114;83593.239;equality;lamboll;67%;linear;8165.24486345642;204.793783069979;2°C;consumption_based
Kuwait;120.129;6367.756;equality;lamboll;67%;linear;621.991534156773;10.3553935212442;2°C;consumption_based
Kyrgyzstan;24.1211;9642.952;equality;lamboll;67%;linear;941.907087564305;78.0981868624818;2°C;consumption_based
Latvia;16.48173;1513.81;equality;lamboll;67%;linear;147.866376211944;17.9430649830988;2°C;consumption_based
Lebanon;35.63768;6999.26;equality;lamboll;67%;linear;683.675766684863;38.3681410622051;2°C;consumption_based
Lesotho;4.251056;2993.076;equality;lamboll;67%;linear;292.358553482234;137.54631954142;2°C;consumption_based
Liberia;4.860882;8910.53;equality;lamboll;67%;linear;870.365357097532;358.110053729974;2°C;consumption_based
Libya;56.0342;9260.606;equality;lamboll;67%;linear;904.560183078846;32.2860033008001;2°C;consumption_based
Liechtenstein;1.370673;43.013;equality;lamboll;67%;linear;4.20143640219338;6.13047226025956;2°C;consumption_based
Lithuania;26.37468;2258.774;equality;lamboll;67%;linear;220.633187825261;16.7306816860156;2°C;consumption_based
Luxembourg;8.842451;791.464;equality;lamboll;67%;linear;77.3088522220161;17.4858423805834;2°C;consumption_based
Madagascar;31.88092;53185.475;equality;lamboll;67%;linear;5195.06639232199;325.904421348066;2°C;consumption_based
Malawi;16.42;37361.682;equality;lamboll;67%;linear;3649.4253086735;444.509781811632;2°C;consumption_based
Malaysia;233.1968;44289.772;equality;lamboll;67%;linear;4326.14931126973;37.1029903606716;2°C;consumption_based
Maldives;2.901473;589.962;equality;lamboll;67%;linear;57.6264808943996;39.7222244662622;2°C;consumption_based
Mali;73.55506;46154.079;equality;lamboll;67%;linear;4508.2516360242;122.581686046458;2°C;consumption_based
Malta;2.956266;535.722;equality;lamboll;67%;linear;52.3284103005101;35.4016927438262;2°C;consumption_based
Mauritania;8.741203;9415.598;equality;lamboll;67%;linear;919.699537014836;210.428595930065;2°C;consumption_based
Mauritius;9.153498;1107.197;equality;lamboll;67%;linear;108.1491125985;23.6301166173851;2°C;consumption_based
Mexico;597.8052;148946.274;equality;lamboll;67%;linear;14548.817742419;48.6741090322366;2°C;consumption_based
Monaco;1.08342;36.757;equality;lamboll;67%;linear;3.59036100331114;6.62782854905971;2°C;consumption_based
Mongolia;44.70931;4501.493;equality;lamboll;67%;linear;439.698150661862;19.6691986819686;2°C;consumption_based
Montenegro;4.889849;533.295;equality;lamboll;67%;linear;52.0913450842238;21.3059115257849;2°C;consumption_based
Morocco;84.54553;43440.431;equality;lamboll;67%;linear;4243.18713250342;100.376380217935;2°C;consumption_based
Mozambique;46.50852;63530.951;equality;lamboll;67%;linear;6205.59482475911;266.858408943527;2°C;consumption_based
Myanmar;76.01056;58623.231;equality;lamboll;67%;linear;5726.21711430477;150.668989001128;2°C;consumption_based
Namibia;15.53063;4512.3;equality;lamboll;67%;linear;440.753759970641;56.7592892201593;2°C;consumption_based
Nepal;51.71283;34642.027;equality;lamboll;67%;linear;3383.77405164871;130.867873664957;2°C;consumption_based
Netherlands;199.7464;18958.475;equality;lamboll;67%;linear;1851.83146944117;18.5418257294366;2°C;consumption_based
New Caledonia;0;340.581;equality;lamboll;67%;linear;33.2673705925051;inf;2°C;consumption_based
New Zealand;79.7114;5755.288;equality;lamboll;67%;linear;562.166705607763;14.1050516138912;2°C;consumption_based
Nicaragua;16.31699;8756.43;equality;lamboll;67%;linear;855.313132198595;104.837121576785;2°C;consumption_based
Niger;34.38707;52513.876;equality;lamboll;67%;linear;5129.46574864969;298.336889339492;2°C;consumption_based
Nigeria;449.8309;359185.556;equality;lamboll;67%;linear;35084.6318582863;155.990314841805;2°C;consumption_based
Norway;76.82043;5899.829;equality;lamboll;67%;linear;576.285223707162;15.0034365521558;2°C;consumption_based
Oman;65.19586;7827.002;equality;lamboll;67%;linear;764.528192008006;23.4532742418922;2°C;consumption_based
Pakistan;578.9303;371863.793;equality;lamboll;67%;linear;36323.0204023877;125.48322450004;2°C;consumption_based
Panama;21.22502;5630.68;equality;lamboll;67%;linear;549.99520891596;51.8251769766022;2°C;consumption_based
Papua New Guinea;17.17362;14906.59;equality;lamboll;67%;linear;1456.05026058568;169.568240194633;2°C;consumption_based
Paraguay;29.96962;8640.464;equality;lamboll;67%;linear;843.985771311961;56.3227542632814;2°C;consumption_based
Peru;99.16215;40583.876;equality;lamboll;67%;linear;3964.16371721345;79.9531619113432;2°C;consumption_based
Philippines;260.8678;134373.439;equality;lamboll;67%;linear;13125.3681004001;100.628503022605;2°C;consumption_based
Poland;340.3965;32814.096;equality;lamboll;67%;linear;3205.22487246805;18.832302168019;2°C;consumption_based
Portugal;63.02308;9770.27;equality;lamboll;67%;linear;954.343292429217;30.2855173828133;2°C;consumption_based
Qatar;162.3337;4164.46;equality;lamboll;67%;linear;406.777342651715;5.0116191850702;2°C;consumption_based
Romania;116.8046;16027.266;equality;lamboll;67%;linear;1565.51597889095;26.8057247555481;2°C;consumption_based
Rwanda;8.712675;22707.91;equality;lamboll;67%;linear;2218.06987868159;509.159329065203;2°C;consumption_based
Samoa;0.6925006;272.726;equality;lamboll;67%;linear;26.6394100440469;76.9368576548437;2°C;consumption_based
San Marino;0.566147;33.696;equality;lamboll;67%;linear;3.29136774947825;11.6272549337125;2°C;consumption_based
Sao Tome and Principe;0.2998609;365.115;equality;lamboll;67%;linear;35.6638098246306;237.869024101712;2°C;consumption_based
Saudi Arabia;703.8256;47693.909;equality;lamboll;67%;linear;4658.65960141116;13.2381078534545;2°C;consumption_based
Senegal;28.29428;30364.954;equality;lamboll;67%;linear;2965.99686342565;209.653460941621;2°C;consumption_based
Serbia;73.73461;5532.87;equality;lamboll;67%;linear;540.441295110866;14.659094151603;2°C;consumption_based
Seychelles;0.9971907;141.747;equality;lamboll;67%;linear;13.845604949706;27.7692219747056;2°C;consumption_based
Sierra Leone;7.612386;12948.325;equality;lamboll;67%;linear;1264.77027880944;332.292734185955;2°C;consumption_based
Singapore;98.39144;6081.692;equality;lamboll;67%;linear;594.049291045225;12.0752230284509;2°C;consumption_based
Slovakia;47.49821;4936.488;equality;lamboll;67%;linear;482.187719577588;20.3034059421434;2°C;consumption_based
Slovenia;16.40035;1981.553;equality;lamboll;67%;linear;193.554713855706;23.6037296589044;2°C;consumption_based
Somalia;27.54213;37206.512;equality;lamboll;67%;linear;3634.26856800141;263.906137107146;2°C;consumption_based
South Africa;442.3963;79177.328;equality;lamboll;67%;linear;7733.90621643701;34.9637020763375;2°C;consumption_based
South Sudan;0;18341.974;equality;lamboll;67%;linear;1791.61270433786;inf;2°C;consumption_based
Spain;347.0203;44928.558;equality;lamboll;67%;linear;4388.54483712497;25.2927268930663;2°C;consumption_based
Sri Lanka;52.34435;24813.69;equality;lamboll;67%;linear;2423.75887379959;92.6082327433463;2°C;consumption_based
Sudan;0;85206.383;equality;lamboll;67%;linear;8322.81401519148;inf;2°C;consumption_based
Suriname;3.667079;733.905;equality;lamboll;67%;linear;71.6865873747874;39.0973782538022;2°C;consumption_based
Sweden;98.71911;11309.63;equality;lamboll;67%;linear;1104.70534901863;22.3807801553038;2°C;consumption_based
Switzerland;98.65993;9342.586;equality;lamboll;67%;linear;912.56784951113;18.4992600240266;2°C;consumption_based
Tajikistan;16.7698;15574.642;equality;lamboll;67%;linear;1521.30443935391;181.433820242807;2°C;consumption_based
Thailand;283.2797;66382.735;equality;lamboll;67%;linear;6484.1522169148;45.7791519612228;2°C;consumption_based
Togo;13.54584;15584.778;equality;lamboll;67%;linear;1522.29450652832;224.76192049047;2°C;consumption_based
Trinidad and Tobago;32.59566;1399.8;equality;lamboll;67%;linear;136.730074065754;8.38946498188742;2°C;consumption_based
Tunisia;31.10463;13145.141;equality;lamboll;67%;linear;1283.99492965765;82.5597301532057;2°C;consumption_based
Turkmenistan;101.6677;9639.708;equality;lamboll;67%;linear;941.590219182915;18.5228980134874;2°C;consumption_based
Uganda;50.1081;85431.202;equality;lamboll;67%;linear;8344.77395126905;333.07085885392;2°C;consumption_based
Ukraine;252.1204;31990.132;equality;lamboll;67%;linear;3124.74147573457;24.7876925130578;2°C;consumption_based
Uruguay;31.57455;3254.354;equality;lamboll;67%;linear;317.879742431907;20.1351875122152;2°C;consumption_based
Uzbekistan;165.7009;52210.754;equality;lamboll;67%;linear;5099.85730922194;61.5549741639538;2°C;consumption_based
Vanuatu;0.5712391;534.388;equality;lamboll;67%;linear;52.1981074581014;182.75397275187;2°C;consumption_based
Viet Nam;237.3877;110008.908;equality;lamboll;67%;linear;10745.4823108535;90.5310789973829;2°C;consumption_based
Yemen;45.34253;70976.403;equality;lamboll;67%;linear;6932.85386420262;305.799163134594;2°C;consumption_based
Zambia;39.16851;38083.386;equality;lamboll;67%;linear;3719.92012319954;189.944428480917;2°C;consumption_based
Zimbabwe;22.44673;25866.385;equality;lamboll;67%;linear;2526.58432409152;225.118253223657;2°C;consumption_based
Afghanistan;36.29291;76885.134;equality;lamboll;67%;exponential;7510.00862007104;619.900007957904;2°C;consumption_based
Albania;10.69817;2240.166;equality;lamboll;67%;exponential;218.81559015544;61.2733696870973;2°C;consumption_based
Algeria;229.2533;59565.554;equality;lamboll;67%;exponential;5818.26161607922;76.0292397067737;2°C;consumption_based
Andorra;0.7052279;82.195;equality;lamboll;67%;exponential;8.02866726520551;34.1049150778105;2°C;consumption_based
Angola;63.06419;74295.394;equality;lamboll;67%;exponential;7257.0472384372;344.730830965912;2°C;consumption_based
Argentina;329.7293;48308.943;equality;lamboll;67%;exponential;4718.73507245914;42.8717343193855;2°C;consumption_based
Armenia;13.76886;2495.207;equality;lamboll;67%;exponential;243.727559593791;53.0285380365312;2°C;consumption_based
Aruba;0.8570806;100.002;equality;lamboll;67%;exponential;9.76802462260577;34.141930888192;2°C;consumption_based
Australia;516.071;32506.969;equality;lamboll;67%;exponential;3175.2252314782;18.4318140367162;2°C;consumption_based
Austria;104.6011;8724.332;equality;lamboll;67%;exponential;852.177854360788;24.4060215534694;2°C;consumption_based
Azerbaijan;61.16201;11224.923;equality;lamboll;67%;exponential;1096.43131388226;53.7035109332132;2°C;consumption_based
Bahamas;3.216727;424.265;equality;lamboll;67%;exponential;41.4414808354817;38.5943791943555;2°C;consumption_based
Bahrain;29.84191;2139.464;equality;lamboll;67%;exponential;208.979190727972;20.9787411785968;2°C;consumption_based
Bangladesh;198.2366;214709.096;equality;lamboll;67%;exponential;20972.4179158959;316.933145570048;2°C;consumption_based
Barbados;4.262979;264.216;equality;lamboll;67%;exponential;25.8081677735086;18.1362284731864;2°C;consumption_based
Belarus;37.69015;7453.546;equality;lamboll;67%;exponential;728.049647544297;57.8676876026776;2°C;consumption_based
Belgium;135.3539;11870.906;equality;lamboll;67%;exponential;1159.52983040978;25.6633974721612;2°C;consumption_based
Belize;1.471538;516.627;equality;lamboll;67%;exponential;50.4632433021635;102.73222070276;2°C;consumption_based
Benin;17.1341;24433.809;equality;lamboll;67%;exponential;2386.65274630554;417.283233894618;2°C;consumption_based
Bermuda;0;56.937;equality;lamboll;67%;exponential;5.56150894919406;inf;2°C;consumption_based
Bhutan;3.675114;882.34;equality;lamboll;67%;exponential;86.1854647458049;70.2532161588068;2°C;consumption_based
Bosnia and Herzegovina;26.34888;2455.167;equality;lamboll;67%;exponential;239.816520755676;27.2659062153386;2°C;consumption_based
Botswana;18.26959;3437.43;equality;lamboll;67%;exponential;335.762293538967;55.0561856613745;2°C;consumption_based
Brazil;1077.661;217489.3;equality;lamboll;67%;exponential;21243.983495863;59.0550154245214;2°C;consumption_based
British Virgin Islands;0.2776416;40.34;equality;lamboll;67%;exponential;3.94034232591265;42.5160014730765;2°C;consumption_based
Bulgaria;57.15165;5402.217;equality;lamboll;67%;exponential;527.679333139932;27.659499041143;2°C;consumption_based
Burkina Faso;29.78411;37304.383;equality;lamboll;67%;exponential;3643.82844018236;366.50195213314;2°C;consumption_based
Burundi;4.499215;24131.72;equality;lamboll;67%;exponential;2357.14520855411;1569.46844609975;2°C;consumption_based
Cambodia;40.78146;21931.455;equality;lamboll;67%;exponential;2142.22707995411;157.364125774306;2°C;consumption_based
Cameroon;38.30513;51096.317;equality;lamboll;67%;exponential;4991.00100578458;390.331602852393;2°C;consumption_based
Canada;672.7777;45621.882;equality;lamboll;67%;exponential;4456.26754170532;19.8427868436747;2°C;consumption_based
Cayman Islands;0;103.958;equality;lamboll;67%;exponential;10.1544399483695;inf;2°C;consumption_based
Central African Republic;9.32562;10616.752;equality;lamboll;67%;exponential;1037.02620895681;333.130974958583;2°C;consumption_based
Chad;49.86327;38857.686;equality;lamboll;67%;exponential;3795.55242520633;228.032756298508;2°C;consumption_based
Chile;120.2864;20320.306;equality;lamboll;67%;exponential;1984.85279641291;49.4327503397561;2°C;consumption_based
China;12046.22;1260289.093;equality;lamboll;67%;exponential;123102.886862518;30.6140259053637;2°C;consumption_based
Colombia;192.7321;59385.356;equality;lamboll;67%;exponential;5800.66018309843;90.1625879572088;2°C;consumption_based
Congo;20.37865;11006.472;equality;lamboll;67%;exponential;1075.09339317235;158.042459878896;2°C;consumption_based
Costa Rica;20.15067;5354.15;equality;lamboll;67%;exponential;522.984230646634;77.7503049927335;2°C;consumption_based
Croatia;23.31505;3234.159;equality;lamboll;67%;exponential;315.907129311634;40.5906563667956;2°C;consumption_based
Cuba;41.99676;9382;equality;lamboll;67%;exponential;916.417741738039;65.3703334491068;2°C;consumption_based
Cyprus;10.44542;1508.481;equality;lamboll;67%;exponential;147.345848590358;42.2585893143919;2°C;consumption_based
Denmark;60.05671;6124.838;equality;lamboll;67%;exponential;598.263718660342;29.8424261017164;2°C;consumption_based
Djibouti;1.718966;1530.539;equality;lamboll;67%;exponential;149.500436369857;260.542257463838;2°C;consumption_based
Dominican Republic;36.86521;12996.293;equality;lamboll;67%;exponential;1269.45571115177;103.158220005929;2°C;consumption_based
Ecuador;64.94059;21337.238;equality;lamboll;67%;exponential;2084.18497792444;96.1441865930791;2°C;consumption_based
Egypt;359.3699;161630.192;equality;lamboll;67%;exponential;15787.7611969011;131.607866281288;2°C;consumption_based
El Salvador;15.27658;6663.345;equality;lamboll;67%;exponential;650.864163005911;127.634246592923;2°C;consumption_based
Eritrea;6.147011;5696.062;equality;lamboll;67%;exponential;556.38161104667;271.151352848477;2°C;consumption_based
Estonia;12.3808;1174.267;equality;lamboll;67%;exponential;114.70039568722;27.7535924293761;2°C;consumption_based
Ethiopia;15.46353;225021.874;equality;lamboll;67%;exponential;21979.7524635197;4258.11272197834;2°C;consumption_based
Fiji;3.433959;1000.261;equality;lamboll;67%;exponential;97.7037866945888;85.2352596665874;2°C;consumption_based
Finland;64.9849;5351.645;equality;lamboll;67%;exponential;522.73954652352;24.0977170109285;2°C;consumption_based
France;561.8057;68219.675;equality;lamboll;67%;exponential;6663.58137983404;35.5324016773455;2°C;consumption_based
French Polynesia;0;284.75;equality;lamboll;67%;exponential;27.8138938349932;inf;2°C;consumption_based
Gabon;14.30998;4084.533;equality;lamboll;67%;exponential;398.970209754263;83.5226837177586;2°C;consumption_based
Gambia;2.508158;4301.896;equality;lamboll;67%;exponential;420.201856481763;501.887147009766;2°C;consumption_based
Georgia;17.8212;3664.014;equality;lamboll;67%;exponential;357.894631803087;60.161857732601;2°C;consumption_based
Germany;872.121;78294.613;equality;lamboll;67%;exponential;7647.68412233145;26.2697654834762;2°C;consumption_based
Ghana;54.33566;50553.047;equality;lamboll;67%;exponential;4937.93531973107;272.247216690485;2°C;consumption_based
Greece;83.41989;8812.07;equality;lamboll;67%;exponential;860.747952402209;30.9107386788308;2°C;consumption_based
Greenland;0;49.898;equality;lamboll;67%;exponential;4.87395144715889;inf;2°C;consumption_based
Guatemala;40.88083;24670.857;equality;lamboll;67%;exponential;2409.80719022405;176.5897897082;2°C;consumption_based
Guinea;25.79336;23404.584;equality;lamboll;67%;exponential;2286.11980554234;265.518059014962;2°C;consumption_based
Guyana;3.330323;940.608;equality;lamboll;67%;exponential;91.8769835025297;82.646291268239;2°C;consumption_based
Haiti;14.31872;14710.861;equality;lamboll;67%;exponential;1436.93178604159;300.631825075172;2°C;consumption_based
Honduras;16.61826;14846.778;equality;lamboll;67%;exponential;1450.20792654509;261.425365165482;2°C;consumption_based
Hungary;60.08714;8725.347;equality;lamboll;67%;exponential;852.276997827838;42.4915166273608;2°C;consumption_based
Iceland;6.905605;432.993;equality;lamboll;67%;exponential;42.2940169738199;18.3476395807048;2°C;consumption_based
India;2949.414;1679589.259;equality;lamboll;67%;exponential;164059.411189538;166.63583779041;2°C;consumption_based
Indonesia;847.1642;320712.949;equality;lamboll;67%;exponential;31326.6932923392;110.777091524392;2°C;consumption_based
Iraq;404.6027;71928.75;equality;lamboll;67%;exponential;7025.87749318269;52.020532627103;2°C;consumption_based
Ireland;58.80573;5970.042;equality;lamboll;67%;exponential;583.143509669713;29.7070001857149;2°C;consumption_based
Israel;96.33576;13092.722;equality;lamboll;67%;exponential;1278.8747312347;39.7688906610844;2°C;consumption_based
Italy;480.3724;51891.098;equality;lamboll;67%;exponential;5068.63385690335;31.6093722869045;2°C;consumption_based
Jamaica;12.76953;2454.94;equality;lamboll;67%;exponential;239.794347783243;56.2557640469218;2°C;consumption_based
Japan;1258.371;105123.167;equality;lamboll;67%;exponential;10268.2514715936;24.4450423018498;2°C;consumption_based
Jordan;33.45501;16367.355;equality;lamboll;67%;exponential;1598.73529176346;143.158914327198;2°C;consumption_based
Kazakhstan;260.4604;26544.264;equality;lamboll;67%;exponential;2592.79838744173;29.8215383531544;2°C;consumption_based
Kenya;79.74114;83593.239;equality;lamboll;67%;exponential;8165.24486345642;306.753672682976;2°C;consumption_based
Kuwait;120.129;6367.756;equality;lamboll;67%;exponential;621.991534156773;15.5109932884716;2°C;consumption_based
Kyrgyzstan;24.1211;9642.952;equality;lamboll;67%;exponential;941.907087564305;116.980629444993;2°C;consumption_based
Latvia;16.48173;1513.81;equality;lamboll;67%;exponential;147.866376211944;26.8763094281727;2°C;consumption_based
Lebanon;35.63768;6999.26;equality;lamboll;67%;exponential;683.675766684863;57.47033922816;2°C;consumption_based
Lesotho;4.251056;2993.076;equality;lamboll;67%;exponential;292.358553482234;206.0259742794;2°C;consumption_based
Liberia;4.860882;8910.53;equality;lamboll;67%;exponential;870.365357097532;536.400922721519;2°C;consumption_based
Libya;56.0342;9260.606;equality;lamboll;67%;exponential;904.560183078846;48.3601110361387;2°C;consumption_based
Liechtenstein;1.370673;43.013;equality;lamboll;67%;exponential;4.20143640219338;9.18262680109352;2°C;consumption_based
Lithuania;26.37468;2258.774;equality;lamboll;67%;exponential;220.633187825261;25.0603215426778;2°C;consumption_based
Luxembourg;8.842451;791.464;equality;lamboll;67%;exponential;77.3088522220161;26.1914511748959;2°C;consumption_based
Madagascar;31.88092;53185.475;equality;lamboll;67%;exponential;5195.06639232199;488.16119656317;2°C;consumption_based
Malawi;16.42;37361.682;equality;lamboll;67%;exponential;3649.4253086735;665.816149641774;2°C;consumption_based
Malaysia;233.1968;44289.772;equality;lamboll;67%;exponential;4326.14931126973;55.5753128344133;2°C;consumption_based
Maldives;2.901473;589.962;equality;lamboll;67%;exponential;57.6264808943996;59.4985749054688;2°C;consumption_based
Mali;73.55506;46154.079;equality;lamboll;67%;exponential;4508.2516360242;183.610956518019;2°C;consumption_based
Malta;2.956266;535.722;equality;lamboll;67%;exponential;52.3284103005101;53.0269967455612;2°C;consumption_based
Mauritania;8.741203;9415.598;equality;lamboll;67%;exponential;919.699537014836;315.193868053174;2°C;consumption_based
Mauritius;9.153498;1107.197;equality;lamboll;67%;exponential;108.1491125985;35.3947514892724;2°C;consumption_based
Mexico;597.8052;148946.274;equality;lamboll;67%;exponential;14548.817742419;72.9072996571785;2°C;consumption_based
Monaco;1.08342;36.757;equality;lamboll;67%;exponential;3.59036100331114;9.92759994400035;2°C;consumption_based
Mongolia;44.70931;4501.493;equality;lamboll;67%;exponential;439.698150661862;29.4618266432594;2°C;consumption_based
Montenegro;4.889849;533.295;equality;lamboll;67%;exponential;52.0913450842238;31.9134033876398;2°C;consumption_based
Morocco;84.54553;43440.431;equality;lamboll;67%;exponential;4243.18713250342;150.350380860697;2°C;consumption_based
Mozambique;46.50852;63530.951;equality;lamboll;67%;exponential;6205.59482475911;399.718174070697;2°C;consumption_based
Myanmar;76.01056;58623.231;equality;lamboll;67%;exponential;5726.21711430477;225.681976487215;2°C;consumption_based
Namibia;15.53063;4512.3;equality;lamboll;67%;exponential;440.753759970641;85.0178172704081;2°C;consumption_based
Nepal;51.71283;34642.027;equality;lamboll;67%;exponential;3383.77405164871;196.022556354749;2°C;consumption_based
Netherlands;199.7464;18958.475;equality;lamboll;67%;exponential;1851.83146944117;27.7731728741435;2°C;consumption_based
New Caledonia;0;340.581;equality;lamboll;67%;exponential;33.2673705925051;inf;2°C;consumption_based
New Zealand;79.7114;5755.288;equality;lamboll;67%;exponential;562.166705607763;21.1274791699393;2°C;consumption_based
Nicaragua;16.31699;8756.43;equality;lamboll;67%;exponential;855.313132198595;157.03197428704;2°C;consumption_based
Niger;34.38707;52513.876;equality;lamboll;67%;exponential;5129.46574864969;446.868723893011;2°C;consumption_based
Nigeria;449.8309;359185.556;equality;lamboll;67%;exponential;35084.6318582863;233.652610266722;2°C;consumption_based
Norway;76.82043;5899.829;equality;lamboll;67%;exponential;576.285223707162;22.4731395467563;2°C;consumption_based
Oman;65.19586;7827.002;equality;lamboll;67%;exponential;764.528192008006;35.1298652834745;2°C;consumption_based
Pakistan;578.9303;371863.793;equality;lamboll;67%;exponential;36323.0204023877;187.957072712195;2°C;consumption_based
Panama;21.22502;5630.68;equality;lamboll;67%;exponential;549.99520891596;77.6271776257272;2°C;consumption_based
Papua New Guinea;17.17362;14906.59;equality;lamboll;67%;exponential;1456.05026058568;253.990524860409;2°C;consumption_based
Paraguay;29.96962;8640.464;equality;lamboll;67%;exponential;843.985771311961;84.3639463409813;2°C;consumption_based
Peru;99.16215;40583.876;equality;lamboll;67%;exponential;3964.16371721345;119.759133755249;2°C;consumption_based
Philippines;260.8678;134373.439;equality;lamboll;67%;exponential;13125.3681004001;150.728027072121;2°C;consumption_based
Poland;340.3965;32814.096;equality;lamboll;67%;exponential;3205.22487246805;28.2082676950277;2°C;consumption_based
Portugal;63.02308;9770.27;equality;lamboll;67%;exponential;954.343292429217;45.3636509224871;2°C;consumption_based
Qatar;162.3337;4164.46;equality;lamboll;67%;exponential;406.777342651715;7.50673466773858;2°C;consumption_based
Romania;116.8046;16027.266;equality;lamboll;67%;exponential;1565.51597889095;40.1513873831003;2°C;consumption_based
Rwanda;8.712675;22707.91;equality;lamboll;67%;exponential;2218.06987868159;762.652517230863;2°C;consumption_based
Samoa;0.6925006;272.726;equality;lamboll;67%;exponential;26.6394100440469;115.241113751222;2°C;consumption_based
San Marino;0.566147;33.696;equality;lamboll;67%;exponential;3.29136774947825;17.4160714288811;2°C;consumption_based
Sao Tome and Principe;0.2998609;365.115;equality;lamboll;67%;exponential;35.6638098246306;356.295956190146;2°C;consumption_based
Saudi Arabia;703.8256;47693.909;equality;lamboll;67%;exponential;4658.65960141116;19.8289134686911;2°C;consumption_based
Senegal;28.29428;30364.954;equality;lamboll;67%;exponential;2965.99686342565;314.032819602553;2°C;consumption_based
Serbia;73.73461;5532.87;equality;lamboll;67%;exponential;540.441295110866;21.9573607255119;2°C;consumption_based
Seychelles;0.9971907;141.747;equality;lamboll;67%;exponential;13.845604949706;41.5945772405551;2°C;consumption_based
Sierra Leone;7.612386;12948.325;equality;lamboll;67%;exponential;1264.77027880944;497.730034034181;2°C;consumption_based
Singapore;98.39144;6081.692;equality;lamboll;67%;exponential;594.049291045225;18.0870676683464;2°C;consumption_based
Slovakia;47.49821;4936.488;equality;lamboll;67%;exponential;482.187719577588;30.4117842219734;2°C;consumption_based
Slovenia;16.40035;1981.553;equality;lamboll;67%;exponential;193.554713855706;35.3552273577117;2°C;consumption_based
Somalia;27.54213;37206.512;equality;lamboll;67%;exponential;3634.26856800141;395.29606606042;2°C;consumption_based
South Africa;442.3963;79177.328;equality;lamboll;67%;exponential;7733.90621643701;52.3709453565054;2°C;consumption_based
South Sudan;0;18341.974;equality;lamboll;67%;exponential;1791.61270433786;inf;2°C;consumption_based
Spain;347.0203;44928.558;equality;lamboll;67%;exponential;4388.54483712497;37.8851191198729;2°C;consumption_based
Sri Lanka;52.34435;24813.69;equality;lamboll;67%;exponential;2423.75887379959;138.714735813021;2°C;consumption_based
Sudan;0;85206.383;equality;lamboll;67%;exponential;8322.81401519148;inf;2°C;consumption_based
Suriname;3.667079;733.905;equality;lamboll;67%;exponential;71.6865873747874;58.5626389231316;2°C;consumption_based
Sweden;98.71911;11309.63;equality;lamboll;67%;exponential;1104.70534901863;33.5234127092802;2°C;consumption_based
Switzerland;98.65993;9342.586;equality;lamboll;67%;exponential;912.56784951113;27.7094151454218;2°C;consumption_based
Tajikistan;16.7698;15574.642;equality;lamboll;67%;exponential;1521.30443935391;271.763575407785;2°C;consumption_based
Thailand;283.2797;66382.735;equality;lamboll;67%;exponential;6484.1522169148;68.5710414930838;2°C;consumption_based
Togo;13.54584;15584.778;equality;lamboll;67%;exponential;1522.29450652832;336.663269539639;2°C;consumption_based
Trinidad and Tobago;32.59566;1399.8;equality;lamboll;67%;exponential;136.730074065754;12.5662955020456;2°C;consumption_based
Tunisia;31.10463;13145.141;equality;lamboll;67%;exponential;1283.99492965765;123.663424057933;2°C;consumption_based
Turkmenistan;101.6677;9639.708;equality;lamboll;67%;exponential;941.590219182915;27.7448216893766;2°C;consumption_based
Uganda;50.1081;85431.202;equality;lamboll;67%;exponential;8344.77395126905;498.895560624517;2°C;consumption_based
Ukraine;252.1204;31990.132;equality;lamboll;67%;exponential;3124.74147573457;37.12864522415;2°C;consumption_based
Uruguay;31.57455;3254.354;equality;lamboll;67%;exponential;317.879742431907;30.1598155322022;2°C;consumption_based
Uzbekistan;165.7009;52210.754;equality;lamboll;67%;exponential;5099.85730922194;92.2011113503692;2°C;consumption_based
Vanuatu;0.5712391;534.388;equality;lamboll;67%;exponential;52.1981074581014;273.740987146492;2°C;consumption_based
Viet Nam;237.3877;110008.908;equality;lamboll;67%;exponential;10745.4823108535;135.603437556063;2°C;consumption_based
Yemen;45.34253;70976.403;equality;lamboll;67%;exponential;6932.85386420262;458.046211114053;2°C;consumption_based
Zambia;39.16851;38083.386;equality;lamboll;67%;exponential;3719.92012319954;284.511327291025;2°C;consumption_based
Zimbabwe;22.44673;25866.385;equality;lamboll;67%;exponential;2526.58432409152;337.197008274104;2°C;consumption_based
Afghanistan;36.29291;76885.134;responsability;lamboll;67%;linear;13488.7860914075;743.328991332331;2°C;consumption_based
Albania;10.69817;2240.166;responsability;lamboll;67%;linear;107.460516403737;20.0895137025747;2°C;consumption_based
Algeria;229.2533;59565.554;responsability;lamboll;67%;linear;6759.83554999604;58.9726346359772;2°C;consumption_based
Andorra;0.7052279;82.195;responsability;lamboll;67%;linear;-16.6410681169123;-16;2°C;consumption_based
Angola;63.06419;74295.394;responsability;lamboll;67%;linear;11887.3850148865;376.993187889561;2°C;consumption_based
Argentina;329.7293;48308.943;responsability;lamboll;67%;linear;-828.219122878894;-1;2°C;consumption_based
Armenia;13.76886;2495.207;responsability;lamboll;67%;linear;60.0725168897528;8.72585194268121;2°C;consumption_based
Aruba;0.8570806;100.002;responsability;lamboll;67%;linear;-39.0848486042637;-19;2°C;consumption_based
Australia;516.071;32506.969;responsability;lamboll;67%;linear;-10560.3062877774;-18;2°C;consumption_based
Austria;104.6011;8724.332;responsability;lamboll;67%;linear;-2142.12813116668;-17;2°C;consumption_based
Azerbaijan;61.16201;11224.923;responsability;lamboll;67%;linear;234.465264663124;7.66702286805565;2°C;consumption_based
Bahamas;3.216727;424.265;responsability;lamboll;67%;linear;-48.9743080832079;-12;2°C;consumption_based
Bahrain;29.84191;2139.464;responsability;lamboll;67%;linear;-674.853179851664;-18;2°C;consumption_based
Bangladesh;198.2366;214709.096;responsability;lamboll;67%;linear;36167.123237527;364.888453873069;2°C;consumption_based
Barbados;4.262979;264.216;responsability;lamboll;67%;linear;-130.286098646233;-22;2°C;consumption_based
Belarus;37.69015;7453.546;responsability;lamboll;67%;linear;1164.78798740818;61.8086151107481;2°C;consumption_based
Belgium;135.3539;11870.906;responsability;lamboll;67%;linear;-2343.0904350738;-16;2°C;consumption_based
Belize;1.471538;516.627;responsability;lamboll;67%;linear;48.4105176498993;65.79581043765;2°C;consumption_based
Benin;17.1341;24433.809;responsability;lamboll;67%;linear;4169.49345991293;486.689520886761;2°C;consumption_based
Bermuda;0;56.937;responsability;lamboll;67%;linear;10.5671216279198;inf;2°C;consumption_based
Bhutan;3.675114;882.34;responsability;lamboll;67%;linear;93.8417698754018;51.0687667786097;2°C;consumption_based
Bosnia and Herzegovina;26.34888;2455.167;responsability;lamboll;67%;linear;-257.788987963083;-9;2°C;consumption_based
Botswana;18.26959;3437.43;responsability;lamboll;67%;linear;-7.77945995696416;1;2°C;consumption_based
Brazil;1077.661;217489.3;responsability;lamboll;67%;linear;10582.1934626436;19.6391879499092;2°C;consumption_based
British Virgin Islands;0.2776416;40.34;responsability;lamboll;67%;linear;-7.35074207873642;-16;2°C;consumption_based
Bulgaria;57.15165;5402.217;responsability;lamboll;67%;linear;-664.076548112194;-11;2°C;consumption_based
Burkina Faso;29.78411;37304.383;responsability;lamboll;67%;linear;6317.0822569802;424.191440132352;2°C;consumption_based
Burundi;4.499215;24131.72;responsability;lamboll;67%;linear;4368.5093002316;1941.89844238677;2°C;consumption_based
Cambodia;40.78146;21931.455;responsability;lamboll;67%;linear;3178.23784022199;155.86680026767;2°C;consumption_based
Cameroon;38.30513;51096.317;responsability;lamboll;67%;linear;8438.80457568305;440.609629868535;2°C;consumption_based
Canada;672.7777;45621.882;responsability;lamboll;67%;linear;-14448.8093479512;-18;2°C;consumption_based
Cayman Islands;0;103.958;responsability;lamboll;67%;linear;19.2939008060714;inf;2°C;consumption_based
Central African Republic;9.32562;10616.752;responsability;lamboll;67%;linear;1390.9269475407;298.302300016663;2°C;consumption_based
Chad;49.86327;38857.686;responsability;lamboll;67%;linear;6352.97486395643;254.815813882901;2°C;consumption_based
Chile;120.2864;20320.306;responsability;lamboll;67%;linear;811.980596373506;13.5007880587249;2°C;consumption_based
China;12046.22;1260289.093;responsability;lamboll;67%;linear;-1766.68689998204;1;2°C;consumption_based
Colombia;192.7321;59385.356;responsability;lamboll;67%;linear;6164.65552148017;63.9712380187853;2°C;consumption_based
Congo;20.37865;11006.472;responsability;lamboll;67%;linear;1593.21081139302;156.360780659467;2°C;consumption_based
Costa Rica;20.15067;5354.15;responsability;lamboll;67%;linear;452.586708193069;44.9202640103846;2°C;consumption_based
Croatia;23.31505;3234.159;responsability;lamboll;67%;linear;-382.475461024616;-12;2°C;consumption_based
Cuba;41.99676;9382;responsability;lamboll;67%;linear;305.461975966656;14.5469305711515;2°C;consumption_based
Cyprus;10.44542;1508.481;responsability;lamboll;67%;linear;-133.824562693344;-9;2°C;consumption_based
Denmark;60.05671;6124.838;responsability;lamboll;67%;linear;-1548.08029403455;-18;2°C;consumption_based
Djibouti;1.718966;1530.539;responsability;lamboll;67%;linear;227.375165731927;264.548764468788;2°C;consumption_based
Dominican Republic;36.86521;12996.293;responsability;lamboll;67%;linear;1471.82040110987;79.8487463443105;2°C;consumption_based
Ecuador;64.94059;21337.238;responsability;lamboll;67%;linear;2224.85349900437;68.5196577057392;2°C;consumption_based
Egypt;359.3699;161630.192;responsability;lamboll;67%;linear;21633.5651905392;120.397201827639;2°C;consumption_based
El Salvador;15.27658;6663.345;responsability;lamboll;67%;linear;760.777839446023;99.600544028313;2°C;consumption_based
Eritrea;6.147011;5696.062;responsability;lamboll;67%;linear;878.745621996735;285.909890838567;2°C;consumption_based
Estonia;12.3808;1174.267;responsability;lamboll;67%;linear;-356.780516827151;-20;2°C;consumption_based
Ethiopia;15.46353;225021.874;responsability;lamboll;67%;linear;41377.5602209515;5351.63190047181;2°C;consumption_based
Fiji;3.433959;1000.261;responsability;lamboll;67%;linear;90.8578969253329;52.9172869712963;2°C;consumption_based
Finland;64.9849;5351.645;responsability;lamboll;67%;linear;-1576.7059988433;-19;2°C;consumption_based
France;561.8057;68219.675;responsability;lamboll;67%;linear;-10288.8242973083;-14;2°C;consumption_based
French Polynesia;0;284.75;responsability;lamboll;67%;linear;52.847671699425;inf;2°C;consumption_based
Gabon;14.30998;4084.533;responsability;lamboll;67%;linear;234.246724721571;32.7389311126321;2°C;consumption_based
Gambia;2.508158;4301.896;responsability;lamboll;67%;linear;732.301600559507;583.935781206373;2°C;consumption_based
Georgia;17.8212;3664.014;responsability;lamboll;67%;linear;-44.374563962785;-1;2°C;consumption_based
Germany;872.121;78294.613;responsability;lamboll;67%;linear;-21439.7802310534;-20;2°C;consumption_based
Ghana;54.33566;50553.047;responsability;lamboll;67%;linear;8507.33115265707;313.139884659801;2°C;consumption_based
Greece;83.41989;8812.07;responsability;lamboll;67%;linear;-3343.40836252027;-21;2°C;consumption_based
Greenland;0;49.898;responsability;lamboll;67%;linear;9.26073089537457;inf;2°C;consumption_based
Guatemala;40.88083;24670.857;responsability;lamboll;67%;linear;3656.66455044587;178.89385075821;2°C;consumption_based
Guinea;25.79336;23404.584;responsability;lamboll;67%;linear;3821.85407772911;296.344026348573;2°C;consumption_based
Guyana;3.330323;940.608;responsability;lamboll;67%;linear;-1132.03004091009;-27;2°C;consumption_based
Haiti;14.31872;14710.861;responsability;lamboll;67%;linear;2386.39911501449;333.325760265511;2°C;consumption_based
Honduras;16.61826;14846.778;responsability;lamboll;67%;linear;2303.57713579717;277.234456049812;2°C;consumption_based
Hungary;60.08714;8725.347;responsability;lamboll;67%;linear;-597.116314040166;-9;2°C;consumption_based
Iceland;6.905605;432.993;responsability;lamboll;67%;linear;-116.222054388414;-16;2°C;consumption_based
India;2949.414;1679589.259;responsability;lamboll;67%;linear;248602.980447805;168.577880519863;2°C;consumption_based
Indonesia;847.1642;320712.949;responsability;lamboll;67%;linear;40650.9632960718;95.969502243064;2°C;consumption_based
Iraq;404.6027;71928.75;responsability;lamboll;67%;linear;7166.66413518004;35.4256861616595;2°C;consumption_based
Ireland;58.80573;5970.042;responsability;lamboll;67%;linear;-1012.2610433704;-14;2°C;consumption_based
Israel;96.33576;13092.722;responsability;lamboll;67%;linear;-463.246669498371;-3;2°C;consumption_based
Italy;480.3724;51891.098;responsability;lamboll;67%;linear;-11052.7150129001;-17;2°C;consumption_based
Jamaica;12.76953;2454.94;responsability;lamboll;67%;linear;-60.6737306258598;-3;2°C;consumption_based
Japan;1258.371;105123.167;responsability;lamboll;67%;linear;-36507.3060891314;-21;2°C;consumption_based
Jordan;33.45501;16367.355;responsability;lamboll;67%;linear;2041.13761979084;122.022837224729;2°C;consumption_based
Kazakhstan;260.4604;26544.264;responsability;lamboll;67%;linear;-5725.41765689248;-11;2°C;consumption_based
Kenya;79.74114;83593.239;responsability;lamboll;67%;linear;13619.711602743;341.598116172982;2°C;consumption_based
Kuwait;120.129;6367.756;responsability;lamboll;67%;linear;-1785.1815282527;-15;2°C;consumption_based
Kyrgyzstan;24.1211;9642.952;responsability;lamboll;67%;linear;1225.28118602393;101.594138411924;2°C;consumption_based
Latvia;16.48173;1513.81;responsability;lamboll;67%;linear;-254.028805380837;-14;2°C;consumption_based
Lebanon;35.63768;6999.26;responsability;lamboll;67%;linear;318.904077660816;17.8970167340195;2°C;consumption_based
Lesotho;4.251056;2993.076;responsability;lamboll;67%;linear;399.265866767088;187.843146158078;2°C;consumption_based
Liberia;4.860882;8910.53;responsability;lamboll;67%;linear;1580.68649131774;650.370237877712;2°C;consumption_based
Libya;56.0342;9260.606;responsability;lamboll;67%;linear;-13.0438083644415;1;2°C;consumption_based
Liechtenstein;1.370673;43.013;responsability;lamboll;67%;linear;-12.3275719800444;-16;2°C;consumption_based
Lithuania;26.37468;2258.774;responsability;lamboll;67%;linear;-532.258411807912;-17;2°C;consumption_based
Luxembourg;8.842451;791.464;responsability;lamboll;67%;linear;-399.68077432076;-22;2°C;consumption_based
Madagascar;31.88092;53185.475;responsability;lamboll;67%;linear;9000.83411289895;564.653348328652;2°C;consumption_based
Malawi;16.42;37361.682;responsability;lamboll;67%;linear;6615.10775635669;805.737850956965;2°C;consumption_based
Malaysia;233.1968;44289.772;responsability;lamboll;67%;linear;2580.53801697414;22.1318475808771;2°C;consumption_based
Maldives;2.901473;589.962;responsability;lamboll;67%;linear;60.4159841320849;41.6450431433171;2°C;consumption_based
Mali;73.55506;46154.079;responsability;lamboll;67%;linear;7303.87648126014;198.596166769768;2°C;consumption_based
Malta;2.956266;535.722;responsability;lamboll;67%;linear;-34.2619646596686;-9;2°C;consumption_based
Mauritania;8.741203;9415.598;responsability;lamboll;67%;linear;1527.79229324412;349.561105775514;2°C;consumption_based
Mauritius;9.153498;1107.197;responsability;lamboll;67%;linear;-44.3070126353354;-3;2°C;consumption_based
Mexico;597.8052;148946.274;responsability;lamboll;67%;linear;8563.64100405479;28.6502727110932;2°C;consumption_based
Monaco;1.08342;36.757;responsability;lamboll;67%;linear;-9.60045931499292;-15;2°C;consumption_based
Mongolia;44.70931;4501.493;responsability;lamboll;67%;linear;119.185253107146;5.33156307297723;2°C;consumption_based
Montenegro;4.889849;533.295;responsability;lamboll;67%;linear;-55.6143824242498;-10;2°C;consumption_based
Morocco;84.54553;43440.431;responsability;lamboll;67%;linear;6056.15127903257;143.263665838574;2°C;consumption_based
Mozambique;46.50852;63530.951;responsability;lamboll;67%;linear;10760.1231498955;462.716214142937;2°C;consumption_based
Myanmar;76.01056;58623.231;responsability;lamboll;67%;linear;9380.94356251994;246.832639110143;2°C;consumption_based
Namibia;15.53063;4512.3;responsability;lamboll;67%;linear;333.272583123144;42.9181022435207;2°C;consumption_based
Nepal;51.71283;34642.027;responsability;lamboll;67%;linear;5354.86867860796;207.100198484901;2°C;consumption_based
Netherlands;199.7464;18958.475;responsability;lamboll;67%;linear;-4204.66742503334;-16;2°C;consumption_based
New Caledonia;0;340.581;responsability;lamboll;67%;linear;63.2095272170742;inf;2°C;consumption_based
New Zealand;79.7114;5755.288;responsability;lamboll;67%;linear;-1383.32998147624;-16;2°C;consumption_based
Nicaragua;16.31699;8756.43;responsability;lamboll;67%;linear;1163.17202026864;142.571886146727;2°C;consumption_based
Niger;34.38707;52513.876;responsability;lamboll;67%;linear;9146.99228750505;532.001841826306;2°C;consumption_based
Nigeria;449.8309;359185.556;responsability;lamboll;67%;linear;55631.0293223474;247.341964824326;2°C;consumption_based
Norway;76.82043;5899.829;responsability;lamboll;67%;linear;-1522.95233069448;-16;2°C;consumption_based
Oman;65.19586;7827.002;responsability;lamboll;67%;linear;97.0853174688073;2.97826633374595;2°C;consumption_based
Pakistan;578.9303;371863.793;responsability;lamboll;67%;linear;58319.928553703;201.474783937559;2°C;consumption_based
Panama;21.22502;5630.68;responsability;lamboll;67%;linear;503.560927557571;47.4497482270991;2°C;consumption_based
Papua New Guinea;17.17362;14906.59;responsability;lamboll;67%;linear;2415.39848095586;281.29171146862;2°C;consumption_based
Paraguay;29.96962;8640.464;responsability;lamboll;67%;linear;554.628015979633;37.0126825751967;2°C;consumption_based
Peru;99.16215;40583.876;responsability;lamboll;67%;linear;4862.93685535794;98.0805046150762;2°C;consumption_based
Philippines;260.8678;134373.439;responsability;lamboll;67%;linear;19571.163483941;150.046602025555;2°C;consumption_based
Poland;340.3965;32814.096;responsability;lamboll;67%;linear;-6150.22439641294;-15;2°C;consumption_based
Portugal;63.02308;9770.27;responsability;lamboll;67%;linear;-1160.10625136175;-13;2°C;consumption_based
Qatar;162.3337;4164.46;responsability;lamboll;67%;linear;-2157.55641533665;-13;2°C;consumption_based
Romania;116.8046;16027.266;responsability;lamboll;67%;linear;-1553.12532555801;-12;2°C;consumption_based
Rwanda;8.712675;22707.91;responsability;lamboll;67%;linear;4013.70518814079;921.348538340014;2°C;consumption_based
Samoa;0.6925006;272.726;responsability;lamboll;67%;linear;32.6325990248372;94.2456917000135;2°C;consumption_based
San Marino;0.566147;33.696;responsability;lamboll;67%;linear;-17.033284286185;-21;2°C;consumption_based
Sao Tome and Principe;0.2998609;365.115;responsability;lamboll;67%;linear;58.3334669751029;389.07017870688;2°C;consumption_based
Saudi Arabia;703.8256;47693.909;responsability;lamboll;67%;linear;-5687.95386832572;-7;2°C;consumption_based
Senegal;28.29428;30364.954;responsability;lamboll;67%;linear;4976.5438137494;351.770309316894;2°C;consumption_based
Serbia;73.73461;5532.87;responsability;lamboll;67%;linear;-1398.28301608218;-16;2°C;consumption_based
Seychelles;0.9971907;141.747;responsability;lamboll;67%;linear;-4.68070119752978;-3;2°C;consumption_based
Sierra Leone;7.612386;12948.325;responsability;lamboll;67%;linear;2230.45960514471;586.008015133419;2°C;consumption_based
Singapore;98.39144;6081.692;responsability;lamboll;67%;linear;-2684.08433945384;-18;2°C;consumption_based
Slovakia;47.49821;4936.488;responsability;lamboll;67%;linear;-1097.46845663863;-18;2°C;consumption_based
Slovenia;16.40035;1981.553;responsability;lamboll;67%;linear;-268.354682093026;-13;2°C;consumption_based
Somalia;27.54213;37206.512;responsability;lamboll;67%;linear;6029.24216815353;437.819599875066;2°C;consumption_based
South Africa;442.3963;79177.328;responsability;lamboll;67%;linear;1722.09569528249;7.78530785760412;2°C;consumption_based
South Sudan;0;18341.974;responsability;lamboll;67%;linear;3404.14616425422;inf;2°C;consumption_based
Spain;347.0203;44928.558;responsability;lamboll;67%;linear;-6799.93008722537;-14;2°C;consumption_based
Sri Lanka;52.34435;24813.69;responsability;lamboll;67%;linear;3594.33326799405;137.334144678234;2°C;consumption_based
Sudan;0;85206.383;responsability;lamboll;67%;linear;15813.7276750815;inf;2°C;consumption_based
Suriname;3.667079;733.905;responsability;lamboll;67%;linear;27.0343240634469;14.7443368759969;2°C;consumption_based
Sweden;98.71911;11309.63;responsability;lamboll;67%;linear;-1397.78736976482;-12;2°C;consumption_based
Switzerland;98.65993;9342.586;responsability;lamboll;67%;linear;-2082.44573552539;-16;2°C;consumption_based
Tajikistan;16.7698;15574.642;responsability;lamboll;67%;linear;2471.23735616971;294.724726135042;2°C;consumption_based
Thailand;283.2797;66382.735;responsability;lamboll;67%;linear;3317.70807827894;23.423549786864;2°C;consumption_based
Togo;13.54584;15584.778;responsability;lamboll;67%;linear;2587.54132312966;382.04220973076;2°C;consumption_based
Trinidad and Tobago;32.59566;1399.8;responsability;lamboll;67%;linear;-669.793859315698;-18;2°C;consumption_based
Tunisia;31.10463;13145.141;responsability;lamboll;67%;linear;1336.34287192503;85.9256562077752;2°C;consumption_based
Turkmenistan;101.6677;9639.708;responsability;lamboll;67%;linear;-494.611964408004;-4;2°C;consumption_based
Uganda;50.1081;85431.202;responsability;lamboll;67%;linear;14717.7963990281;587.441806774878;2°C;consumption_based
Ukraine;252.1204;31990.132;responsability;lamboll;67%;linear;-6304.9564350052;-19;2°C;consumption_based
Uruguay;31.57455;3254.354;responsability;lamboll;67%;linear;-532.172245783282;-13;2°C;consumption_based
Uzbekistan;165.7009;52210.754;responsability;lamboll;67%;linear;3506.25797601911;42.3203250678675;2°C;consumption_based
Vanuatu;0.5712391;534.388;responsability;lamboll;67%;linear;76.8466611740556;269.052525200238;2°C;consumption_based
Viet Nam;237.3877;110008.908;responsability;lamboll;67%;linear;14548.1260046839;122.568490319287;2°C;consumption_based
Yemen;45.34253;70976.403;responsability;lamboll;67%;linear;12147.9911111855;535.832081323453;2°C;consumption_based
Zambia;39.16851;38083.386;responsability;lamboll;67%;linear;6068.94122444417;309.888797120144;2°C;consumption_based
Zimbabwe;22.44673;25866.385;responsability;lamboll;67%;linear;3986.4665762412;355.193524958085;2°C;consumption_based
Afghanistan;36.29291;76885.134;responsability;lamboll;67%;exponential;13488.7860914075;1113.4073246013;2°C;consumption_based
Albania;10.69817;2240.166;responsability;lamboll;67%;exponential;107.460516403737;30.0914022794041;2°C;consumption_based
Algeria;229.2533;59565.554;responsability;lamboll;67%;exponential;6759.83554999604;88.3331124177524;2°C;consumption_based
Andorra;0.7052279;82.195;responsability;lamboll;67%;exponential;-16.6410681169123;-16;2°C;consumption_based
Angola;63.06419;74295.394;responsability;lamboll;67%;exponential;11887.3850148865;564.685329935381;2°C;consumption_based
Argentina;329.7293;48308.943;responsability;lamboll;67%;exponential;-828.219122878894;-1;2°C;consumption_based
Armenia;13.76886;2495.207;responsability;lamboll;67%;exponential;60.0725168897528;13.0701581394719;2°C;consumption_based
Aruba;0.8570806;100.002;responsability;lamboll;67%;exponential;-39.0848486042637;-19;2°C;consumption_based
Australia;516.071;32506.969;responsability;lamboll;67%;exponential;-10560.3062877774;-18;2°C;consumption_based
Austria;104.6011;8724.332;responsability;lamboll;67%;exponential;-2142.12813116668;-17;2°C;consumption_based
Azerbaijan;61.16201;11224.923;responsability;lamboll;67%;exponential;234.465264663124;11.4841739239554;2°C;consumption_based
Bahamas;3.216727;424.265;responsability;lamboll;67%;exponential;-48.9743080832079;-12;2°C;consumption_based
Bahrain;29.84191;2139.464;responsability;lamboll;67%;exponential;-674.853179851664;-18;2°C;consumption_based
Bangladesh;198.2366;214709.096;responsability;lamboll;67%;exponential;36167.123237527;546.554058757385;2°C;consumption_based
Barbados;4.262979;264.216;responsability;lamboll;67%;exponential;-130.286098646233;-22;2°C;consumption_based
Belarus;37.69015;7453.546;responsability;lamboll;67%;exponential;1164.78798740818;92.5810315354725;2°C;consumption_based
Belgium;135.3539;11870.906;responsability;lamboll;67%;exponential;-2343.0904350738;-16;2°C;consumption_based
Belize;1.471538;516.627;responsability;lamboll;67%;exponential;48.4105176498993;98.5533163963543;2°C;consumption_based
Benin;17.1341;24433.809;responsability;lamboll;67%;exponential;4169.49345991293;728.995752460499;2°C;consumption_based
Bermuda;0;56.937;responsability;lamboll;67%;exponential;10.5671216279198;inf;2°C;consumption_based
Bhutan;3.675114;882.34;responsability;lamboll;67%;exponential;93.8417698754018;76.4941764046415;2°C;consumption_based
Bosnia and Herzegovina;26.34888;2455.167;responsability;lamboll;67%;exponential;-257.788987963083;-9;2°C;consumption_based
Botswana;18.26959;3437.43;responsability;lamboll;67%;exponential;-7.77945995696416;1;2°C;consumption_based
Brazil;1077.661;217489.3;responsability;lamboll;67%;exponential;10582.1934626436;29.4168745839678;2°C;consumption_based
British Virgin Islands;0.2776416;40.34;responsability;lamboll;67%;exponential;-7.35074207873642;-16;2°C;consumption_based
Bulgaria;57.15165;5402.217;responsability;lamboll;67%;exponential;-664.076548112194;-11;2°C;consumption_based
Burkina Faso;29.78411;37304.383;responsability;lamboll;67%;exponential;6317.0822569802;635.381993684916;2°C;consumption_based
Burundi;4.499215;24131.72;responsability;lamboll;67%;exponential;4368.5093002316;2908.70391791114;2°C;consumption_based
Cambodia;40.78146;21931.455;responsability;lamboll;67%;exponential;3178.23784022199;233.467601968727;2°C;consumption_based
Cameroon;38.30513;51096.317;responsability;lamboll;67%;exponential;8438.80457568305;659.974244117924;2°C;consumption_based
Canada;672.7777;45621.882;responsability;lamboll;67%;exponential;-14448.8093479512;-18;2°C;consumption_based
Cayman Islands;0;103.958;responsability;lamboll;67%;exponential;19.2939008060714;inf;2°C;consumption_based
Central African Republic;9.32562;10616.752;responsability;lamboll;67%;exponential;1390.9269475407;446.816913717652;2°C;consumption_based
Chad;49.86327;38857.686;responsability;lamboll;67%;exponential;6352.97486395643;381.679978730467;2°C;consumption_based
Chile;120.2864;20320.306;responsability;lamboll;67%;exponential;811.980596373506;20.2223732529673;2°C;consumption_based
China;12046.22;1260289.093;responsability;lamboll;67%;exponential;-1766.68689998204;1;2°C;consumption_based
Colombia;192.7321;59385.356;responsability;lamboll;67%;exponential;6164.65552148017;95.8203511560396;2°C;consumption_based
Congo;20.37865;11006.472;responsability;lamboll;67%;exponential;1593.21081139302;234.207518469831;2°C;consumption_based
Costa Rica;20.15067;5354.15;responsability;lamboll;67%;exponential;452.586708193069;67.2845423162375;2°C;consumption_based
Croatia;23.31505;3234.159;responsability;lamboll;67%;exponential;-382.475461024616;-12;2°C;consumption_based
Cuba;41.99676;9382;responsability;lamboll;67%;exponential;305.461975966656;21.7893546965739;2°C;consumption_based
Cyprus;10.44542;1508.481;responsability;lamboll;67%;exponential;-133.824562693344;-9;2°C;consumption_based
Denmark;60.05671;6124.838;responsability;lamboll;67%;exponential;-1548.08029403455;-18;2°C;consumption_based
Djibouti;1.718966;1530.539;responsability;lamboll;67%;exponential;227.375165731927;396.25863582399;2°C;consumption_based
Dominican Republic;36.86521;12996.293;responsability;lamboll;67%;exponential;1471.82040110987;119.602733213238;2°C;consumption_based
Ecuador;64.94059;21337.238;responsability;lamboll;67%;exponential;2224.85349900437;102.633274980978;2°C;consumption_based
Egypt;359.3699;161630.192;responsability;lamboll;67%;exponential;21633.5651905392;180.338891580325;2°C;consumption_based
El Salvador;15.27658;6663.345;responsability;lamboll;67%;exponential;760.777839446023;149.188282104576;2°C;consumption_based
Eritrea;6.147011;5696.062;responsability;lamboll;67%;exponential;878.745621996735;428.254743656696;2°C;consumption_based
Estonia;12.3808;1174.267;responsability;lamboll;67%;exponential;-356.780516827151;-20;2°C;consumption_based
Ethiopia;15.46353;225021.874;responsability;lamboll;67%;exponential;41377.5602209515;8016.02820021224;2°C;consumption_based
Fiji;3.433959;1000.261;responsability;lamboll;67%;exponential;90.8578969253329;79.2630122044152;2°C;consumption_based
Finland;64.9849;5351.645;responsability;lamboll;67%;exponential;-1576.7059988433;-19;2°C;consumption_based
France;561.8057;68219.675;responsability;lamboll;67%;exponential;-10288.8242973083;-14;2°C;consumption_based
French Polynesia;0;284.75;responsability;lamboll;67%;exponential;52.847671699425;inf;2°C;consumption_based
Gabon;14.30998;4084.533;responsability;lamboll;67%;exponential;234.246724721571;49.0385362678864;2°C;consumption_based
Gambia;2.508158;4301.896;responsability;lamboll;67%;exponential;732.301600559507;874.657632721446;2°C;consumption_based
Georgia;17.8212;3664.014;responsability;lamboll;67%;exponential;-44.374563962785;-1;2°C;consumption_based
Germany;872.121;78294.613;responsability;lamboll;67%;exponential;-21439.7802310534;-20;2°C;consumption_based
Ghana;54.33566;50553.047;responsability;lamboll;67%;exponential;8507.33115265707;469.041629306169;2°C;consumption_based
Greece;83.41989;8812.07;responsability;lamboll;67%;exponential;-3343.40836252027;-21;2°C;consumption_based
Greenland;0;49.898;responsability;lamboll;67%;exponential;9.26073089537457;inf;2°C;consumption_based
Guatemala;40.88083;24670.857;responsability;lamboll;67%;exponential;3656.66455044587;267.95904112836;2°C;consumption_based
Guinea;25.79336;23404.584;responsability;lamboll;67%;exponential;3821.85407772911;443.883681903677;2°C;consumption_based
Guyana;3.330323;940.608;responsability;lamboll;67%;exponential;-1132.03004091009;-27;2°C;consumption_based
Haiti;14.31872;14710.861;responsability;lamboll;67%;exponential;2386.39911501449;499.277368817155;2°C;consumption_based
Honduras;16.61826;14846.778;responsability;lamboll;67%;exponential;2303.57713579717;415.260103664804;2°C;consumption_based
Hungary;60.08714;8725.347;responsability;lamboll;67%;exponential;-597.116314040166;-9;2°C;consumption_based
Iceland;6.905605;432.993;responsability;lamboll;67%;exponential;-116.222054388414;-16;2°C;consumption_based
India;2949.414;1679589.259;responsability;lamboll;67%;exponential;248602.980447805;252.507098640341;2°C;consumption_based
Indonesia;847.1642;320712.949;responsability;lamboll;67%;exponential;40650.9632960718;143.74946757323;2°C;consumption_based
Iraq;404.6027;71928.75;responsability;lamboll;67%;exponential;7166.66413518004;53.0629356736392;2°C;consumption_based
Ireland;58.80573;5970.042;responsability;lamboll;67%;exponential;-1012.2610433704;-14;2°C;consumption_based
Israel;96.33576;13092.722;responsability;lamboll;67%;exponential;-463.246669498371;-3;2°C;consumption_based
Italy;480.3724;51891.098;responsability;lamboll;67%;exponential;-11052.7150129001;-17;2°C;consumption_based
Jamaica;12.76953;2454.94;responsability;lamboll;67%;exponential;-60.6737306258598;-3;2°C;consumption_based
Japan;1258.371;105123.167;responsability;lamboll;67%;exponential;-36507.3060891314;-21;2°C;consumption_based
Jordan;33.45501;16367.355;responsability;lamboll;67%;exponential;2041.13761979084;182.773875792373;2°C;consumption_based
Kazakhstan;260.4604;26544.264;responsability;lamboll;67%;exponential;-5725.41765689248;-11;2°C;consumption_based
Kenya;79.74114;83593.239;responsability;lamboll;67%;exponential;13619.711602743;511.668250602323;2°C;consumption_based
Kuwait;120.129;6367.756;responsability;lamboll;67%;exponential;-1785.1815282527;-15;2°C;consumption_based
Kyrgyzstan;24.1211;9642.952;responsability;lamboll;67%;exponential;1225.28118602393;152.174419622256;2°C;consumption_based
Latvia;16.48173;1513.81;responsability;lamboll;67%;exponential;-254.028805380837;-14;2°C;consumption_based
Lebanon;35.63768;6999.26;responsability;lamboll;67%;exponential;318.904077660816;26.807335315219;2°C;consumption_based
Lesotho;4.251056;2993.076;responsability;lamboll;67%;exponential;399.265866767088;281.363887655837;2°C;consumption_based
Liberia;4.860882;8910.53;responsability;lamboll;67%;exponential;1580.68649131774;974.167555684623;2°C;consumption_based
Libya;56.0342;9260.606;responsability;lamboll;67%;exponential;-13.0438083644415;1;2°C;consumption_based
Liechtenstein;1.370673;43.013;responsability;lamboll;67%;exponential;-12.3275719800444;-16;2°C;consumption_based
Lithuania;26.37468;2258.774;responsability;lamboll;67%;exponential;-532.258411807912;-17;2°C;consumption_based
Luxembourg;8.842451;791.464;responsability;lamboll;67%;exponential;-399.68077432076;-22;2°C;consumption_based
Madagascar;31.88092;53185.475;responsability;lamboll;67%;exponential;9000.83411289895;845.775129479233;2°C;consumption_based
Malawi;16.42;37361.682;responsability;lamboll;67%;exponential;6615.10775635669;1206.88744206791;2°C;consumption_based
Malaysia;233.1968;44289.772;responsability;lamboll;67%;exponential;2580.53801697414;33.1505450357056;2°C;consumption_based
Maldives;2.901473;589.962;responsability;lamboll;67%;exponential;60.4159841320849;62.3786998889917;2°C;consumption_based
Mali;73.55506;46154.079;responsability;lamboll;67%;exponential;7303.87648126014;297.470473098152;2°C;consumption_based
Malta;2.956266;535.722;responsability;lamboll;67%;exponential;-34.2619646596686;-9;2°C;consumption_based
Mauritania;8.741203;9415.598;responsability;lamboll;67%;exponential;1527.79229324412;523.595743075463;2°C;consumption_based
Mauritius;9.153498;1107.197;responsability;lamboll;67%;exponential;-44.3070126353354;-3;2°C;consumption_based
Mexico;597.8052;148946.274;responsability;lamboll;67%;exponential;8563.64100405479;42.9142733033725;2°C;consumption_based
Monaco;1.08342;36.757;responsability;lamboll;67%;exponential;-9.60045931499292;-15;2°C;consumption_based
Mongolia;44.70931;4501.493;responsability;lamboll;67%;exponential;119.185253107146;7.98596778310328;2°C;consumption_based
Montenegro;4.889849;533.295;responsability;lamboll;67%;exponential;-55.6143824242498;-10;2°C;consumption_based
Morocco;84.54553;43440.431;responsability;lamboll;67%;exponential;6056.15127903257;214.589793690135;2°C;consumption_based
Mozambique;46.50852;63530.951;responsability;lamboll;67%;exponential;10760.1231498955;693.086948102358;2°C;consumption_based
Myanmar;76.01056;58623.231;responsability;lamboll;67%;exponential;9380.94356251994;369.72225157438;2°C;consumption_based
Namibia;15.53063;4512.3;responsability;lamboll;67%;exponential;333.272583123144;64.2855720053024;2°C;consumption_based
Nepal;51.71283;34642.027;responsability;lamboll;67%;exponential;5354.86867860796;310.208374230327;2°C;consumption_based
Netherlands;199.7464;18958.475;responsability;lamboll;67%;exponential;-4204.66742503334;-16;2°C;consumption_based
New Caledonia;0;340.581;responsability;lamboll;67%;exponential;63.2095272170742;inf;2°C;consumption_based
New Zealand;79.7114;5755.288;responsability;lamboll;67%;exponential;-1383.32998147624;-16;2°C;consumption_based
Nicaragua;16.31699;8756.43;responsability;lamboll;67%;exponential;1163.17202026864;213.553600315608;2°C;consumption_based
Niger;34.38707;52513.876;responsability;lamboll;67%;exponential;9146.99228750505;796.867543574615;2°C;consumption_based
Nigeria;449.8309;359185.556;responsability;lamboll;67%;exponential;55631.0293223474;370.485153314244;2°C;consumption_based
Norway;76.82043;5899.829;responsability;lamboll;67%;exponential;-1522.95233069448;-16;2°C;consumption_based
Oman;65.19586;7827.002;responsability;lamboll;67%;exponential;97.0853174688073;4.46104428762104;2°C;consumption_based
Pakistan;578.9303;371863.793;responsability;lamboll;67%;exponential;58319.928553703;301.782256274531;2°C;consumption_based
Panama;21.22502;5630.68;responsability;lamboll;67%;exponential;503.560927557571;71.0733710679659;2°C;consumption_based
Papua New Guinea;17.17362;14906.59;responsability;lamboll;67%;exponential;2415.39848095586;421.337329164891;2°C;consumption_based
Paraguay;29.96962;8640.464;responsability;lamboll;67%;exponential;554.628015979633;55.440043860663;2°C;consumption_based
Peru;99.16215;40583.876;responsability;lamboll;67%;exponential;4862.93685535794;146.911466540922;2°C;consumption_based
Philippines;260.8678;134373.439;responsability;lamboll;67%;exponential;19571.163483941;224.749724112533;2°C;consumption_based
Poland;340.3965;32814.096;responsability;lamboll;67%;exponential;-6150.22439641294;-15;2°C;consumption_based
Portugal;63.02308;9770.27;responsability;lamboll;67%;exponential;-1160.10625136175;-13;2°C;consumption_based
Qatar;162.3337;4164.46;responsability;lamboll;67%;exponential;-2157.55641533665;-13;2°C;consumption_based
Romania;116.8046;16027.266;responsability;lamboll;67%;exponential;-1553.12532555801;-12;2°C;consumption_based
Rwanda;8.712675;22707.91;responsability;lamboll;67%;exponential;4013.70518814079;1380.05677574849;2°C;consumption_based
Samoa;0.6925006;272.726;responsability;lamboll;67%;exponential;32.6325990248372;141.167430134575;2°C;consumption_based
San Marino;0.566147;33.696;responsability;lamboll;67%;exponential;-17.033284286185;-21;2°C;consumption_based
Sao Tome and Principe;0.2998609;365.115;responsability;lamboll;67%;exponential;58.3334669751029;582.775045514809;2°C;consumption_based
Saudi Arabia;703.8256;47693.909;responsability;lamboll;67%;exponential;-5687.95386832572;-7;2°C;consumption_based
Senegal;28.29428;30364.954;responsability;lamboll;67%;exponential;4976.5438137494;526.904834249344;2°C;consumption_based
Serbia;73.73461;5532.87;responsability;lamboll;67%;exponential;-1398.28301608218;-16;2°C;consumption_based
Seychelles;0.9971907;141.747;responsability;lamboll;67%;exponential;-4.68070119752978;-3;2°C;consumption_based
Sierra Leone;7.612386;12948.325;responsability;lamboll;67%;exponential;2230.45960514471;877.761561748249;2°C;consumption_based
Singapore;98.39144;6081.692;responsability;lamboll;67%;exponential;-2684.08433945384;-18;2°C;consumption_based
Slovakia;47.49821;4936.488;responsability;lamboll;67%;exponential;-1097.46845663863;-18;2°C;consumption_based
Slovenia;16.40035;1981.553;responsability;lamboll;67%;exponential;-268.354682093026;-13;2°C;consumption_based
Somalia;27.54213;37206.512;responsability;lamboll;67%;exponential;6029.24216815353;655.795152670115;2°C;consumption_based
South Africa;442.3963;79177.328;responsability;lamboll;67%;exponential;1722.09569528249;11.6613490042891;2°C;consumption_based
South Sudan;0;18341.974;responsability;lamboll;67%;exponential;3404.14616425422;inf;2°C;consumption_based
Spain;347.0203;44928.558;responsability;lamboll;67%;exponential;-6799.93008722537;-14;2°C;consumption_based
Sri Lanka;52.34435;24813.69;responsability;lamboll;67%;exponential;3594.33326799405;205.708164736759;2°C;consumption_based
Sudan;0;85206.383;responsability;lamboll;67%;exponential;15813.7276750815;inf;2°C;consumption_based
Suriname;3.667079;733.905;responsability;lamboll;67%;exponential;27.0343240634469;22.085042915788;2°C;consumption_based
Sweden;98.71911;11309.63;responsability;lamboll;67%;exponential;-1397.78736976482;-12;2°C;consumption_based
Switzerland;98.65993;9342.586;responsability;lamboll;67%;exponential;-2082.44573552539;-16;2°C;consumption_based
Tajikistan;16.7698;15574.642;responsability;lamboll;67%;exponential;2471.23735616971;441.458186948553;2°C;consumption_based
Thailand;283.2797;66382.735;responsability;lamboll;67%;exponential;3317.70807827894;35.0853420288535;2°C;consumption_based
Togo;13.54584;15584.778;responsability;lamboll;67%;exponential;2587.54132312966;572.248088775161;2°C;consumption_based
Trinidad and Tobago;32.59566;1399.8;responsability;lamboll;67%;exponential;-669.793859315698;-18;2°C;consumption_based
Tunisia;31.10463;13145.141;responsability;lamboll;67%;exponential;1336.34287192503;128.705130713968;2°C;consumption_based
Turkmenistan;101.6677;9639.708;responsability;lamboll;67%;exponential;-494.611964408004;-4;2°C;consumption_based
Uganda;50.1081;85431.202;responsability;lamboll;67%;exponential;14717.7963990281;879.909189695184;2°C;consumption_based
Ukraine;252.1204;31990.132;responsability;lamboll;67%;exponential;-6304.9564350052;-19;2°C;consumption_based
Uruguay;31.57455;3254.354;responsability;lamboll;67%;exponential;-532.172245783282;-13;2°C;consumption_based
Uzbekistan;165.7009;52210.754;responsability;lamboll;67%;exponential;3506.25797601911;63.3901818165534;2°C;consumption_based
Vanuatu;0.5712391;534.388;responsability;lamboll;67%;exponential;76.8466611740556;403.004666511775;2°C;consumption_based
Viet Nam;237.3877;110008.908;responsability;lamboll;67%;exponential;14548.1260046839;183.591191085139;2°C;consumption_based
Yemen;45.34253;70976.403;responsability;lamboll;67%;exponential;12147.9911111855;802.604729613137;2°C;consumption_based
Zambia;39.16851;38083.386;responsability;lamboll;67%;exponential;6068.94122444417;464.17193537282;2°C;consumption_based
Zimbabwe;22.44673;25866.385;responsability;lamboll;67%;exponential;3986.4665762412;532.03235303717;2°C;consumption_based
Afghanistan;36.29291;76885.134;equality;foster;33%;linear;11535.5005287108;635.688928152128;2°C;consumption_based
Albania;10.69817;2240.166;equality;foster;33%;linear;336.104455217572;62.8340090347362;2°C;consumption_based
Algeria;229.2533;59565.554;equality;foster;33%;linear;8936.94845690134;77.9657126584554;2°C;consumption_based
Andorra;0.7052279;82.195;equality;foster;33%;linear;12.3321689984618;34.9735709505023;2°C;consumption_based
Angola;63.06419;74295.394;equality;foster;33%;linear;11146.9475590402;353.511162485087;2°C;consumption_based
Argentina;329.7293;48308.943;equality;foster;33%;linear;7248.05704985779;43.9636820255755;2°C;consumption_based
Armenia;13.76886;2495.207;equality;foster;33%;linear;374.369662511649;54.3791806310253;2°C;consumption_based
Aruba;0.8570806;100.002;equality;foster;33%;linear;15.0038513800618;35.0115295575745;2°C;consumption_based
Australia;516.071;32506.969;equality;foster;33%;linear;4877.19977292731;18.9012743321261;2°C;consumption_based
Austria;104.6011;8724.332;equality;foster;33%;linear;1308.95962799062;25.0276455599533;2°C;consumption_based
Azerbaijan;61.16201;11224.923;equality;foster;33%;linear;1684.13708170474;55.0713451603289;2°C;consumption_based
Bahamas;3.216727;424.265;equality;foster;33%;linear;63.6548169612801;39.5773822032644;2°C;consumption_based
Bahrain;29.84191;2139.464;equality;foster;33%;linear;320.995578978346;21.5130719835524;2°C;consumption_based
Bangladesh;198.2366;214709.096;equality;foster;33%;linear;32213.9893835266;325.005467038141;2°C;consumption_based
Barbados;4.262979;264.216;equality;foster;33%;linear;39.6417831266816;18.5981601723497;2°C;consumption_based
Belarus;37.69015;7453.546;equality;foster;33%;linear;1118.29659845257;59.34158385958;2°C;consumption_based
Belgium;135.3539;11870.906;equality;foster;33%;linear;1781.05747255739;26.3170469791767;2°C;consumption_based
Belize;1.471538;516.627;equality;foster;33%;linear;77.5123970213316;105.348821466155;2°C;consumption_based
Benin;17.1341;24433.809;equality;foster;33%;linear;3665.93907006677;427.911482957;2°C;consumption_based
Bermuda;0;56.937;equality;foster;33%;linear;8.54257200882563;inf;2°C;consumption_based
Bhutan;3.675114;882.34;equality;foster;33%;linear;132.382334620145;72.0425731665168;2°C;consumption_based
Bosnia and Herzegovina;26.34888;2455.167;equality;foster;33%;linear;368.362240567511;27.9603717932232;2°C;consumption_based
Botswana;18.26959;3437.43;equality;foster;33%;linear;515.736573762184;56.4584726599978;2°C;consumption_based
Brazil;1077.661;217489.3;equality;foster;33%;linear;32631.1187171625;60.5591530493587;2°C;consumption_based
British Virgin Islands;0.2776416;40.34;equality;foster;33%;linear;6.05243259806498;43.5988886252275;2°C;consumption_based
Bulgaria;57.15165;5402.217;equality;foster;33%;linear;810.524399420447;28.3639894708358;2°C;consumption_based
Burkina Faso;29.78411;37304.383;equality;foster;33%;linear;5596.98224392417;375.836796461212;2°C;consumption_based
Burundi;4.499215;24131.72;equality;foster;33%;linear;3620.61499195282;1609.44297703169;2°C;consumption_based
Cambodia;40.78146;21931.455;equality;foster;33%;linear;3290.49710374307;161.37220706385;2°C;consumption_based
Cameroon;38.30513;51096.317;equality;foster;33%;linear;7666.26213812251;400.273390959514;2°C;consumption_based
Canada;672.7777;45621.882;equality;foster;33%;linear;6844.9024740177;20.3481847689592;2°C;consumption_based
Cayman Islands;0;103.958;equality;foster;33%;linear;15.5973918698473;inf;2°C;consumption_based
Central African Republic;9.32562;10616.752;equality;foster;33%;linear;1592.88983367307;341.615856891675;2°C;consumption_based
Chad;49.86327;38857.686;equality;foster;33%;linear;5830.03285651396;233.840775244542;2°C;consumption_based
Chile;120.2864;20320.306;equality;foster;33%;linear;3048.76753686305;50.6918078330227;2°C;consumption_based
China;12046.22;1260289.093;equality;foster;33%;linear;189088.120710435;31.3937684535788;2°C;consumption_based
Colombia;192.7321;59385.356;equality;foster;33%;linear;8909.91235751348;92.459038816196;2°C;consumption_based
Congo;20.37865;11006.472;equality;foster;33%;linear;1651.36167383464;162.067818411391;2°C;consumption_based
Costa Rica;20.15067;5354.15;equality;foster;33%;linear;803.312642412732;79.7306136632412;2°C;consumption_based
Croatia;23.31505;3234.159;equality;foster;33%;linear;485.238704980794;41.6245047710208;2°C;consumption_based
Cuba;41.99676;9382;equality;foster;33%;linear;1407.63318381373;67.0353229065159;2°C;consumption_based
Cyprus;10.44542;1508.481;equality;foster;33%;linear;226.325720822054;43.3349201510431;2°C;consumption_based
Denmark;60.05671;6124.838;equality;foster;33%;linear;918.943211925313;30.6025159195471;2°C;consumption_based
Djibouti;1.718966;1530.539;equality;foster;33%;linear;229.635204169801;267.1782969178;2°C;consumption_based
Dominican Republic;36.86521;12996.293;equality;foster;33%;linear;1949.90548852761;105.785671017613;2°C;consumption_based
Ecuador;64.94059;21337.238;equality;foster;33%;linear;3201.34345126105;98.592989415743;2°C;consumption_based
Egypt;359.3699;161630.192;equality;foster;33%;linear;24250.2687876128;134.95993285811;2°C;consumption_based
El Salvador;15.27658;6663.345;equality;foster;33%;linear;999.738385973062;130.88510464686;2°C;consumption_based
Eritrea;6.147011;5696.062;equality;foster;33%;linear;854.611584764482;278.057607108392;2°C;consumption_based
Estonia;12.3808;1174.267;equality;foster;33%;linear;176.181751850074;28.4604794278356;2°C;consumption_based
Ethiopia;15.46353;225021.874;equality;foster;33%;linear;33761.2723221436;4366.5673131741;2°C;consumption_based
Fiji;3.433959;1000.261;equality;foster;33%;linear;150.074672359273;87.4062109415244;2°C;consumption_based
Finland;64.9849;5351.645;equality;foster;33%;linear;802.936803452441;24.711488467396;2°C;consumption_based
France;561.8057;68219.675;equality;foster;33%;linear;10235.3739414824;36.4374157879935;2°C;consumption_based
French Polynesia;0;284.75;equality;foster;33%;linear;42.722612352479;inf;2°C;consumption_based
Gabon;14.30998;4084.533;equality;foster;33%;linear;612.825004389493;85.6500154982038;2°C;consumption_based
Gambia;2.508158;4301.896;equality;foster;33%;linear;645.437173621352;514.670266882192;2°C;consumption_based
Georgia;17.8212;3664.014;equality;foster;33%;linear;549.73222046025;61.6941867506396;2°C;consumption_based
Germany;872.121;78294.613;equality;foster;33%;linear;11746.9724336659;26.9388592492691;2°C;consumption_based
Ghana;54.33566;50553.047;equality;foster;33%;linear;7584.75234492591;279.181382720884;2°C;consumption_based
Greece;83.41989;8812.07;equality;foster;33%;linear;1322.12344383814;31.6980385334514;2°C;consumption_based
Greenland;0;49.898;equality;foster;33%;linear;7.48647203218261;inf;2°C;consumption_based
Guatemala;40.88083;24670.857;equality;foster;33%;linear;3701.50468837381;181.087550735825;2°C;consumption_based
Guinea;25.79336;23404.584;equality;foster;33%;linear;3511.51876910635;272.280832672157;2°C;consumption_based
Guyana;3.330323;940.608;equality;foster;33%;linear;141.124603896894;84.7513012382848;2°C;consumption_based
Haiti;14.31872;14710.861;equality;foster;33%;linear;2207.15157813592;308.288950148605;2°C;consumption_based
Honduras;16.61826;14846.778;equality;foster;33%;linear;2227.54395496862;268.08389746804;2°C;consumption_based
Hungary;60.08714;8725.347;equality;foster;33%;linear;1309.1119140364;43.5737801478454;2°C;consumption_based
Iceland;6.905605;432.993;equality;foster;33%;linear;64.9643269195328;18.8149559436234;2°C;consumption_based
India;2949.414;1679589.259;equality;foster;33%;linear;251998.036255117;170.880070586982;2°C;consumption_based
Indonesia;847.1642;320712.949;equality;foster;33%;linear;48118.3318579363;113.598596017009;2°C;consumption_based
Iraq;404.6027;71928.75;equality;foster;33%;linear;10791.866912198;53.3455012148855;2°C;consumption_based
Ireland;58.80573;5970.042;equality;foster;33%;linear;895.718314640978;30.4636406908299;2°C;consumption_based
Israel;96.33576;13092.722;equality;foster;33%;linear;1964.3732630194;40.7818086039784;2°C;consumption_based
Italy;480.3724;51891.098;equality;foster;33%;linear;7785.50751325197;32.4144664150229;2°C;consumption_based
Jamaica;12.76953;2454.94;equality;foster;33%;linear;368.32818250604;57.6886044366613;2°C;consumption_based
Japan;1258.371;105123.167;equality;foster;33%;linear;15772.2082985282;25.0676601710119;2°C;consumption_based
Jordan;33.45501;16367.355;equality;foster;33%;linear;2455.68450535701;146.805187346051;2°C;consumption_based
Kazakhstan;260.4604;26544.264;equality;foster;33%;linear;3982.58226884588;30.581096157772;2°C;consumption_based
Kenya;79.74114;83593.239;equality;foster;33%;linear;12541.9545042498;314.566721876557;2°C;consumption_based
Kuwait;120.129;6367.756;equality;foster;33%;linear;955.389538694196;15.9060599637756;2°C;consumption_based
Kyrgyzstan;24.1211;9642.952;equality;foster;33%;linear;1446.78525102568;119.960138718854;2°C;consumption_based
Latvia;16.48173;1513.81;equality;foster;33%;linear;227.125260071313;27.5608519337852;2°C;consumption_based
Lebanon;35.63768;6999.26;equality;foster;33%;linear;1050.13756535281;58.9341149790227;2°C;consumption_based
Lesotho;4.251056;2993.076;equality;foster;33%;linear;449.067693378432;211.273478109172;2°C;consumption_based
Liberia;4.860882;8910.53;equality;foster;33%;linear;1336.89594045702;550.063112191168;2°C;consumption_based
Libya;56.0342;9260.606;equality;foster;33%;linear;1389.41977273763;49.5918482904239;2°C;consumption_based
Liechtenstein;1.370673;43.013;equality;foster;33%;linear;6.45347752455551;9.41650929806818;2°C;consumption_based
Lithuania;26.37468;2258.774;equality;foster;33%;linear;338.896316045157;25.698610640596;2°C;consumption_based
Luxembourg;8.842451;791.464;equality;foster;33%;linear;118.747707332546;26.858550266786;2°C;consumption_based
Madagascar;31.88092;53185.475;equality;foster;33%;linear;7979.71003057933;500.594714994381;2°C;consumption_based
Malawi;16.42;37361.682;equality;foster;33%;linear;5605.57912878874;682.774558926765;2°C;consumption_based
Malaysia;233.1968;44289.772;equality;foster;33%;linear;6645.03866667491;56.990822058235;2°C;consumption_based
Maldives;2.901473;589.962;equality;foster;33%;linear;88.5152513738129;61.0140100382205;2°C;consumption_based
Mali;73.55506;46154.079;equality;foster;33%;linear;6924.75092397785;188.287547423056;2°C;consumption_based
Malta;2.956266;535.722;equality;foster;33%;linear;80.377325143792;54.3776000832077;2°C;consumption_based
Mauritania;8.741203;9415.598;equality;foster;33%;linear;1412.67407698254;323.221889934952;2°C;consumption_based
Mauritius;9.153498;1107.197;equality;foster;33%;linear;166.118869987103;36.2962596347546;2°C;consumption_based
Mexico;597.8052;148946.274;equality;foster;33%;linear;22347.2306424868;74.7642564584143;2°C;consumption_based
Monaco;1.08342;36.757;equality;foster;33%;linear;5.51485535466224;10.1804569874328;2°C;consumption_based
Mongolia;44.70931;4501.493;equality;foster;33%;linear;675.383811927648;30.2122225517526;2°C;consumption_based
Montenegro;4.889849;533.295;equality;foster;33%;linear;80.0131889535217;32.72624122075;2°C;consumption_based
Morocco;84.54553;43440.431;equality;foster;33%;linear;6517.60735395123;154.179821309328;2°C;consumption_based
Mozambique;46.50852;63530.951;equality;foster;33%;linear;9531.8988304033;409.899039161139;2°C;consumption_based
Myanmar;76.01056;58623.231;equality;foster;33%;linear;8795.5665420995;231.43012081741;2°C;consumption_based
Namibia;15.53063;4512.3;equality;foster;33%;linear;677.005245717616;87.1832302640158;2°C;consumption_based
Nepal;51.71283;34642.027;equality;foster;33%;linear;5197.53429543499;201.015272048928;2°C;consumption_based
Netherlands;199.7464;18958.475;equality;foster;33%;linear;2844.4445240357;28.4805585886474;2°C;consumption_based
New Caledonia;0;340.581;equality;foster;33%;linear;51.0992450838267;inf;2°C;consumption_based
New Zealand;79.7114;5755.288;equality;foster;33%;linear;863.497588062772;21.6655983476083;2°C;consumption_based
Nicaragua;16.31699;8756.43;equality;foster;33%;linear;1313.77546788979;161.031595642308;2°C;consumption_based
Niger;34.38707;52513.876;equality;foster;33%;linear;7878.94633002336;458.250518582907;2°C;consumption_based
Nigeria;449.8309;359185.556;equality;foster;33%;linear;53890.589189105;239.603767500654;2°C;consumption_based
Norway;76.82043;5899.829;equality;foster;33%;linear;885.183871160365;23.0455328396461;2°C;consumption_based
Oman;65.19586;7827.002;equality;foster;33%;linear;1174.32826102925;36.0246267486692;2°C;consumption_based
Pakistan;578.9303;371863.793;equality;foster;33%;linear;55792.7749824811;192.744359666375;2°C;consumption_based
Panama;21.22502;5630.68;equality;foster;33%;linear;844.801962847609;79.6043502288911;2°C;consumption_based
Papua New Guinea;17.17362;14906.59;equality;foster;33%;linear;2236.51787907758;260.459690976926;2°C;consumption_based
Paraguay;29.96962;8640.464;equality;foster;33%;linear;1296.37644957875;86.5127051713538;2°C;consumption_based
Peru;99.16215;40583.876;equality;foster;33%;linear;6089.02265885541;122.809411834161;2°C;consumption_based
Philippines;260.8678;134373.439;equality;foster;33%;linear;20160.7878660807;154.567086210569;2°C;consumption_based
Poland;340.3965;32814.096;equality;foster;33%;linear;4923.27972995622;28.9267353216394;2°C;consumption_based
Portugal;63.02308;9770.27;equality;foster;33%;linear;1465.88747248132;46.5190680138552;2°C;consumption_based
Qatar;162.3337;4164.46;equality;foster;33%;linear;624.816892844266;7.69793201096588;2°C;consumption_based
Romania;116.8046;16027.266;equality;foster;33%;linear;2404.65907774563;41.1740475588397;2°C;consumption_based
Rwanda;8.712675;22707.91;equality;foster;33%;linear;3406.99292805964;782.077359263289;2°C;consumption_based
Samoa;0.6925006;272.726;equality;foster;33%;linear;40.9185853430806;118.176317372377;2°C;consumption_based
San Marino;0.566147;33.696;equality;foster;33%;linear;5.05559664909265;17.8596606502998;2°C;consumption_based
Sao Tome and Principe;0.2998609;365.115;equality;foster;33%;linear;54.7802163619855;365.370852698605;2°C;consumption_based
Saudi Arabia;703.8256;47693.909;equality;foster;33%;linear;7155.78010809977;20.3339580376155;2°C;consumption_based
Senegal;28.29428;30364.954;equality;foster;33%;linear;4555.82145335507;322.031269454821;2°C;consumption_based
Serbia;73.73461;5532.87;equality;foster;33%;linear;830.126989312241;22.5166170760852;2°C;consumption_based
Seychelles;0.9971907;141.747;equality;foster;33%;linear;21.2670838740188;42.653995617927;2°C;consumption_based
Sierra Leone;7.612386;12948.325;equality;foster;33%;linear;1942.70858503569;510.407271789867;2°C;consumption_based
Singapore;98.39144;6081.692;equality;foster;33%;linear;912.469779677517;18.5477472364977;2°C;consumption_based
Slovakia;47.49821;4936.488;equality;foster;33%;linear;740.648509944388;31.1863756526567;2°C;consumption_based
Slovenia;16.40035;1981.553;equality;foster;33%;linear;297.303321070735;36.2557288192917;2°C;consumption_based
Somalia;27.54213;37206.512;equality;foster;33%;linear;5582.29811822251;405.36429958195;2°C;consumption_based
South Africa;442.3963;79177.328;equality;foster;33%;linear;11879.4110316034;53.7048389943743;2°C;consumption_based
South Sudan;0;18341.974;equality;foster;33%;linear;2751.94748017998;inf;2°C;consumption_based
Spain;347.0203;44928.558;equality;foster;33%;linear;6740.87925193984;38.8500571980362;2°C;consumption_based
Sri Lanka;52.34435;24813.69;equality;foster;33%;linear;3722.93471081505;142.247815124843;2°C;consumption_based
Sudan;0;85206.383;equality;foster;33%;linear;12783.9833919784;inf;2°C;consumption_based
Suriname;3.667079;733.905;equality;foster;33%;linear;110.111813234578;60.0542356652682;2°C;consumption_based
Sweden;98.71911;11309.63;equality;foster;33%;linear;1696.84613991209;34.3772576538036;2°C;consumption_based
Switzerland;98.65993;9342.586;equality;foster;33%;linear;1401.71968410078;28.4151769436849;2°C;consumption_based
Tajikistan;16.7698;15574.642;equality;foster;33%;linear;2336.74940366862;278.685423042447;2°C;consumption_based
Thailand;283.2797;66382.735;equality;foster;33%;linear;9959.76770606617;70.3175533302681;2°C;consumption_based
Togo;13.54584;15584.778;equality;foster;33%;linear;2338.2701636293;345.238119397439;2°C;consumption_based
Trinidad and Tobago;32.59566;1399.8;equality;foster;33%;linear;210.019711223881;12.8863604065008;2°C;consumption_based
Tunisia;31.10463;13145.141;equality;foster;33%;linear;1972.23797458008;126.813144832784;2°C;consumption_based
Turkmenistan;101.6677;9639.708;equality;foster;33%;linear;1446.29853582121;28.4514852961406;2°C;consumption_based
Uganda;50.1081;85431.202;equality;foster;33%;linear;12817.7142259959;511.602484468415;2°C;consumption_based
Ukraine;252.1204;31990.132;equality;foster;33%;linear;4799.65586844823;38.0743158304384;2°C;consumption_based
Uruguay;31.57455;3254.354;equality;foster;33%;linear;488.268672167654;30.9279892931272;2°C;consumption_based
Uzbekistan;165.7009;52210.754;equality;foster;33%;linear;7833.46726522439;94.5494836204799;2°C;consumption_based
Vanuatu;0.5712391;534.388;equality;foster;33%;linear;80.1771777693295;280.713199671834;2°C;consumption_based
Viet Nam;237.3877;110008.908;equality;foster;33%;linear;16505.2429562898;139.057271765048;2°C;consumption_based
Yemen;45.34253;70976.403;equality;foster;33%;linear;10648.9810414129;469.7126976114;2°C;consumption_based
Zambia;39.16851;38083.386;equality;foster;33%;linear;5713.8603587281;291.757861543781;2°C;consumption_based
Zimbabwe;22.44673;25866.385;equality;foster;33%;linear;3880.8763452677;345.78545251515;2°C;consumption_based
Afghanistan;36.29291;76885.134;equality;foster;33%;exponential;11535.5005287108;952.176919003136;2°C;consumption_based
Albania;10.69817;2240.166;equality;foster;33%;exponential;336.104455217572;94.1169343710711;2°C;consumption_based
Algeria;229.2533;59565.554;equality;foster;33%;exponential;8936.94845690134;116.782200820786;2°C;consumption_based
Andorra;0.7052279;82.195;equality;foster;33%;exponential;12.3321689984618;52.385727608925;2°C;consumption_based
Angola;63.06419;74295.394;equality;foster;33%;exponential;11146.9475590402;529.512399259082;2°C;consumption_based
Argentina;329.7293;48308.943;equality;foster;33%;exponential;7248.05704985779;65.8517105541409;2°C;consumption_based
Armenia;13.76886;2495.207;equality;foster;33%;exponential;374.369662511649;81.4527332128922;2°C;consumption_based
Aruba;0.8570806;100.002;equality;foster;33%;exponential;15.0038513800618;52.4425845210577;2°C;consumption_based
Australia;516.071;32506.969;equality;foster;33%;exponential;4877.19977292731;28.3115787640238;2°C;consumption_based
Austria;104.6011;8724.332;equality;foster;33%;exponential;1308.95962799062;37.4880627675112;2°C;consumption_based
Azerbaijan;61.16201;11224.923;equality;foster;33%;exponential;1684.13708170474;82.4895030224143;2°C;consumption_based
Bahamas;3.216727;424.265;equality;foster;33%;exponential;63.6548169612801;59.2816205845503;2°C;consumption_based
Bahrain;29.84191;2139.464;equality;foster;33%;exponential;320.995578978346;32.2237020222091;2°C;consumption_based
Bangladesh;198.2366;214709.096;equality;foster;33%;exponential;32213.9893835266;486.814683343824;2°C;consumption_based
Barbados;4.262979;264.216;equality;foster;33%;exponential;39.6417831266816;27.8575543285173;2°C;consumption_based
Belarus;37.69015;7453.546;equality;foster;33%;exponential;1118.29659845257;88.8857489659772;2°C;consumption_based
Belgium;135.3539;11870.906;equality;foster;33%;exponential;1781.05747255739;39.4194134900781;2°C;consumption_based
Belize;1.471538;516.627;equality;foster;33%;exponential;77.5123970213316;157.798432223519;2°C;consumption_based
Benin;17.1341;24433.809;equality;foster;33%;exponential;3665.93907006677;640.954119859317;2°C;consumption_based
Bermuda;0;56.937;equality;foster;33%;exponential;8.54257200882563;inf;2°C;consumption_based
Bhutan;3.675114;882.34;equality;foster;33%;exponential;132.382334620145;107.910130752405;2°C;consumption_based
Bosnia and Herzegovina;26.34888;2455.167;equality;foster;33%;exponential;368.362240567511;41.8808940807637;2°C;consumption_based
Botswana;18.26959;3437.43;equality;foster;33%;exponential;515.736573762184;84.5672343315604;2°C;consumption_based
Brazil;1077.661;217489.3;equality;foster;33%;exponential;32631.1187171625;90.7095046245297;2°C;consumption_based
British Virgin Islands;0.2776416;40.34;equality;foster;33%;exponential;6.05243259806498;65.30529887284;2°C;consumption_based
Bulgaria;57.15165;5402.217;equality;foster;33%;exponential;810.524399420447;42.4854593322642;2°C;consumption_based
Burkina Faso;29.78411;37304.383;equality;foster;33%;exponential;5596.98224392417;562.953210373997;2°C;consumption_based
Burundi;4.499215;24131.72;equality;foster;33%;exponential;3620.61499195282;2410.73013436932;2°C;consumption_based
Cambodia;40.78146;21931.455;equality;foster;33%;exponential;3290.49710374307;241.713964377907;2°C;consumption_based
Cameroon;38.30513;51096.317;equality;foster;33%;exponential;7666.26213812251;599.555957771155;2°C;consumption_based
Canada;672.7777;45621.882;equality;foster;33%;exponential;6844.9024740177;30.4788569103054;2°C;consumption_based
Cayman Islands;0;103.958;equality;foster;33%;exponential;15.5973918698473;inf;2°C;consumption_based
Central African Republic;9.32562;10616.752;equality;foster;33%;exponential;1592.88983367307;511.694823824095;2°C;consumption_based
Chad;49.86327;38857.686;equality;foster;33%;exponential;5830.03285651396;350.26217863648;2°C;consumption_based
Chile;120.2864;20320.306;equality;foster;33%;exponential;3048.76753686305;75.9295423650915;2°C;consumption_based
China;12046.22;1260289.093;equality;foster;33%;exponential;189088.120710435;47.0236626724336;2°C;consumption_based
Colombia;192.7321;59385.356;equality;foster;33%;exponential;8909.91235751348;138.49126328173;2°C;consumption_based
Congo;20.37865;11006.472;equality;foster;33%;exponential;1651.36167383464;242.755897059745;2°C;consumption_based
Costa Rica;20.15067;5354.15;equality;foster;33%;exponential;803.312642412732;119.425786270618;2°C;consumption_based
Croatia;23.31505;3234.159;equality;foster;33%;exponential;485.238704980794;62.3479361566245;2°C;consumption_based
Cuba;41.99676;9382;equality;foster;33%;exponential;1407.63318381373;100.409940149581;2°C;consumption_based
Cyprus;10.44542;1508.481;equality;foster;33%;exponential;226.325720822054;64.9099094341824;2°C;consumption_based
Denmark;60.05671;6124.838;equality;foster;33%;exponential;918.943211925313;45.8384722960686;2°C;consumption_based
Djibouti;1.718966;1530.539;equality;foster;33%;exponential;229.635204169801;400.197323434921;2°C;consumption_based
Dominican Republic;36.86521;12996.293;equality;foster;33%;exponential;1949.90548852761;158.452774373514;2°C;consumption_based
Ecuador;64.94059;21337.238;equality;foster;33%;exponential;3201.34345126105;147.679100169454;2°C;consumption_based
Egypt;359.3699;161630.192;equality;foster;33%;exponential;24250.2687876128;202.15191324986;2°C;consumption_based
El Salvador;15.27658;6663.345;equality;foster;33%;exponential;999.738385973062;196.048366059044;2°C;consumption_based
Eritrea;6.147011;5696.062;equality;foster;33%;exponential;854.611584764482;416.493073760903;2°C;consumption_based
Estonia;12.3808;1174.267;equality;foster;33%;exponential;176.181751850074;42.6299883713933;2°C;consumption_based
Ethiopia;15.46353;225021.874;equality;foster;33%;exponential;33761.2723221436;6540.53331236079;2°C;consumption_based
Fiji;3.433959;1000.261;equality;foster;33%;exponential;150.074672359273;130.922803513296;2°C;consumption_based
Finland;64.9849;5351.645;equality;foster;33%;exponential;802.936803452441;37.0145017646677;2°C;consumption_based
France;561.8057;68219.675;equality;foster;33%;exponential;10235.3739414824;54.5783712204989;2°C;consumption_based
French Polynesia;0;284.75;equality;foster;33%;exponential;42.722612352479;inf;2°C;consumption_based
Gabon;14.30998;4084.533;equality;foster;33%;exponential;612.825004389493;128.292257829184;2°C;consumption_based
Gambia;2.508158;4301.896;equality;foster;33%;exponential;645.437173621352;770.907164368814;2°C;consumption_based
Georgia;17.8212;3664.014;equality;foster;33%;exponential;549.73222046025;92.4096331697791;2°C;consumption_based
Germany;872.121;78294.613;equality;foster;33%;exponential;11746.9724336659;40.3508050328819;2°C;consumption_based
Ghana;54.33566;50553.047;equality;foster;33%;exponential;7584.75234492591;418.17633919619;2°C;consumption_based
Greece;83.41989;8812.07;equality;foster;33%;exponential;1322.12344383814;47.4794185215092;2°C;consumption_based
Greenland;0;49.898;equality;foster;33%;exponential;7.48647203218261;inf;2°C;consumption_based
Guatemala;40.88083;24670.857;equality;foster;33%;exponential;3701.50468837381;271.244910039078;2°C;consumption_based
Guinea;25.79336;23404.584;equality;foster;33%;exponential;3511.51876910635;407.840238953067;2°C;consumption_based
Guyana;3.330323;940.608;equality;foster;33%;exponential;141.124603896894;126.946104172613;2°C;consumption_based
Haiti;14.31872;14710.861;equality;foster;33%;exponential;2207.15157813592;461.775578770127;2°C;consumption_based
Honduras;16.61826;14846.778;equality;foster;33%;exponential;2227.54395496862;401.553791832574;2°C;consumption_based
Hungary;60.08714;8725.347;equality;foster;33%;exponential;1309.1119140364;65.2676897348233;2°C;consumption_based
Iceland;6.905605;432.993;equality;foster;33%;exponential;64.9643269195328;28.1822853729045;2°C;consumption_based
India;2949.414;1679589.259;equality;foster;33%;exponential;251998.036255117;255.955471182303;2°C;consumption_based
Indonesia;847.1642;320712.949;equality;foster;33%;exponential;48118.3318579363;170.155490159288;2°C;consumption_based
Iraq;404.6027;71928.75;equality;foster;33%;exponential;10791.866912198;79.9044198191731;2°C;consumption_based
Ireland;58.80573;5970.042;equality;foster;33%;exponential;895.718314640978;45.6304557937358;2°C;consumption_based
Israel;96.33576;13092.722;equality;foster;33%;exponential;1964.3732630194;61.08569010442;2°C;consumption_based
Italy;480.3724;51891.098;equality;foster;33%;exponential;7785.50751325197;48.552531584758;2°C;consumption_based
Jamaica;12.76953;2454.94;equality;foster;33%;exponential;368.32818250604;86.4098070635981;2°C;consumption_based
Japan;1258.371;105123.167;equality;foster;33%;exponential;15772.2082985282;37.5479992983922;2°C;consumption_based
Jordan;33.45501;16367.355;equality;foster;33%;exponential;2455.68450535701;219.894518828853;2°C;consumption_based
Kazakhstan;260.4604;26544.264;equality;foster;33%;exponential;3982.58226884588;45.8063883602478;2°C;consumption_based
Kenya;79.74114;83593.239;equality;foster;33%;exponential;12541.9545042498;471.178840455842;2°C;consumption_based
Kuwait;120.129;6367.756;equality;foster;33%;exponential;955.389538694196;23.8251485892837;2°C;consumption_based
Kyrgyzstan;24.1211;9642.952;equality;foster;33%;exponential;1446.78525102568;179.684229550043;2°C;consumption_based
Latvia;16.48173;1513.81;equality;foster;33%;exponential;227.125260071313;41.2824668123416;2°C;consumption_based
Lebanon;35.63768;6999.26;equality;foster;33%;exponential;1050.13756535281;88.275415128;2°C;consumption_based
Lesotho;4.251056;2993.076;equality;foster;33%;exponential;449.067693378432;316.459388458824;2°C;consumption_based
Liberia;4.860882;8910.53;equality;foster;33%;exponential;1336.89594045702;823.920908841316;2°C;consumption_based
Libya;56.0342;9260.606;equality;foster;33%;exponential;1389.41977273763;74.281950214408;2°C;consumption_based
Liechtenstein;1.370673;43.013;equality;foster;33%;exponential;6.45347752455551;14.104670404222;2°C;consumption_based
Lithuania;26.37468;2258.774;equality;foster;33%;exponential;338.896316045157;38.4930786407657;2°C;consumption_based
Luxembourg;8.842451;791.464;equality;foster;33%;exponential;118.747707332546;40.2305129275414;2°C;consumption_based
Madagascar;31.88092;53185.475;equality;foster;33%;exponential;7979.71003057933;749.823871839614;2°C;consumption_based
Malawi;16.42;37361.682;equality;foster;33%;exponential;5605.57912878874;1022.70489086925;2°C;consumption_based
Malaysia;233.1968;44289.772;equality;foster;33%;exponential;6645.03866667491;85.3646224681136;2°C;consumption_based
Maldives;2.901473;589.962;equality;foster;33%;exponential;88.5152513738129;91.3908195052222;2°C;consumption_based
Mali;73.55506;46154.079;equality;foster;33%;exponential;6924.75092397785;282.029541261787;2°C;consumption_based
Malta;2.956266;535.722;equality;foster;33%;exponential;80.377325143792;81.4503657638386;2°C;consumption_based
Mauritania;8.741203;9415.598;equality;foster;33%;exponential;1412.67407698254;484.143123598625;2°C;consumption_based
Mauritius;9.153498;1107.197;equality;foster;33%;exponential;166.118869987103;54.3669381985647;2°C;consumption_based
Mexico;597.8052;148946.274;equality;foster;33%;exponential;22347.2306424868;111.98684799037;2°C;consumption_based
Monaco;1.08342;36.757;equality;foster;33%;exponential;5.51485535466224;15.2489617783904;2°C;consumption_based
Mongolia;44.70931;4501.493;equality;foster;33%;exponential;675.383811927648;45.2538650770404;2°C;consumption_based
Montenegro;4.889849;533.295;equality;foster;33%;exponential;80.0131889535217;49.0195285085569;2°C;consumption_based
Morocco;84.54553;43440.431;equality;foster;33%;exponential;6517.60735395123;230.940733313571;2°C;consumption_based
Mozambique;46.50852;63530.951;equality;foster;33%;exponential;9531.8988304033;613.973890256897;2°C;consumption_based
Myanmar;76.01056;58623.231;equality;foster;33%;exponential;8795.5665420995;346.651341002607;2°C;consumption_based
Namibia;15.53063;4512.3;equality;foster;33%;exponential;677.005245717616;130.588808307301;2°C;consumption_based
Nepal;51.71283;34642.027;equality;foster;33%;exponential;5197.53429543499;301.093968977105;2°C;consumption_based
Netherlands;199.7464;18958.475;equality;foster;33%;exponential;2844.4445240357;42.6600642664281;2°C;consumption_based
New Caledonia;0;340.581;equality;foster;33%;exponential;51.0992450838267;inf;2°C;consumption_based
New Zealand;79.7114;5755.288;equality;foster;33%;exponential;863.497588062772;32.4521660978941;2°C;consumption_based
Nicaragua;16.31699;8756.43;equality;foster;33%;exponential;1313.77546788979;241.203774063779;2°C;consumption_based
Niger;34.38707;52513.876;equality;foster;33%;exponential;7878.94633002336;686.397933945833;2°C;consumption_based
Nigeria;449.8309;359185.556;equality;foster;33%;exponential;53890.589189105;358.894369583418;2°C;consumption_based
Norway;76.82043;5899.829;equality;foster;33%;exponential;885.183871160365;34.519123244488;2°C;consumption_based
Oman;65.19586;7827.002;equality;foster;33%;exponential;1174.32826102925;53.9600684968624;2°C;consumption_based
Pakistan;578.9303;371863.793;equality;foster;33%;exponential;55792.7749824811;288.705249399028;2°C;consumption_based
Panama;21.22502;5630.68;equality;foster;33%;exponential;844.801962847609;119.236660547992;2°C;consumption_based
Papua New Guinea;17.17362;14906.59;equality;foster;33%;exponential;2236.51787907758;390.133751109738;2°C;consumption_based
Paraguay;29.96962;8640.464;equality;foster;33%;exponential;1296.37644957875;129.584451477143;2°C;consumption_based
Peru;99.16215;40583.876;equality;foster;33%;exponential;6089.02265885541;183.952059263889;2°C;consumption_based
Philippines;260.8678;134373.439;equality;foster;33%;exponential;20160.7878660807;231.520804295102;2°C;consumption_based
Poland;340.3965;32814.096;equality;foster;33%;exponential;4923.27972995622;43.3283772857947;2°C;consumption_based
Portugal;63.02308;9770.27;equality;foster;33%;exponential;1465.88747248132;69.6793366923795;2°C;consumption_based
Qatar;162.3337;4164.46;equality;foster;33%;exponential;624.816892844266;11.5304716824374;2°C;consumption_based
Romania;116.8046;16027.266;equality;foster;33%;exponential;2404.65907774563;61.6732115524315;2°C;consumption_based
Rwanda;8.712675;22707.91;equality;foster;33%;exponential;3406.99292805964;1171.44719278046;2°C;consumption_based
Samoa;0.6925006;272.726;equality;foster;33%;exponential;40.9185853430806;177.012303961094;2°C;consumption_based
San Marino;0.566147;33.696;equality;foster;33%;exponential;5.05559664909265;26.7513809024127;2°C;consumption_based
Sao Tome and Principe;0.2998609;365.115;equality;foster;33%;exponential;54.7802163619855;547.276627622576;2°C;consumption_based
Saudi Arabia;703.8256;47693.909;equality;foster;33%;exponential;7155.78010809977;30.4575471711887;2°C;consumption_based
Senegal;28.29428;30364.954;equality;foster;33%;exponential;4555.82145335507;482.359733499684;2°C;consumption_based
Serbia;73.73461;5532.87;equality;foster;33%;exponential;830.126989312241;33.7268782330426;2°C;consumption_based
Seychelles;0.9971907;141.747;equality;foster;33%;exponential;21.2670838740188;63.8899756343272;2°C;consumption_based
Sierra Leone;7.612386;12948.325;equality;foster;33%;exponential;1942.70858503569;764.521768378774;2°C;consumption_based
Singapore;98.39144;6081.692;equality;foster;33%;exponential;912.469779677517;27.7820424990491;2°C;consumption_based
Slovakia;47.49821;4936.488;equality;foster;33%;exponential;740.648509944388;46.7130160189211;2°C;consumption_based
Slovenia;16.40035;1981.553;equality;foster;33%;exponential;297.303321070735;54.3062284625868;2°C;consumption_based
Somalia;27.54213;37206.512;equality;foster;33%;exponential;5582.29811822251;607.181457402128;2°C;consumption_based
South Africa;442.3963;79177.328;equality;foster;33%;exponential;11879.4110316034;80.4426597107339;2°C;consumption_based
South Sudan;0;18341.974;equality;foster;33%;exponential;2751.94748017998;inf;2°C;consumption_based
Spain;347.0203;44928.558;equality;foster;33%;exponential;6740.87925193984;58.1921850887878;2°C;consumption_based
Sri Lanka;52.34435;24813.69;equality;foster;33%;exponential;3722.93471081505;213.068185306017;2°C;consumption_based
Sudan;0;85206.383;equality;foster;33%;exponential;12783.9833919784;inf;2°C;consumption_based
Suriname;3.667079;733.905;equality;foster;33%;exponential;110.111813234578;89.9532059730306;2°C;consumption_based
Sweden;98.71911;11309.63;equality;foster;33%;exponential;1696.84613991209;51.4925301148901;2°C;consumption_based
Switzerland;98.65993;9342.586;equality;foster;33%;exponential;1401.71968410078;42.562131314472;2°C;consumption_based
Tajikistan;16.7698;15574.642;equality;foster;33%;exponential;2336.74940366862;417.433457988653;2°C;consumption_based
Thailand;283.2797;66382.735;equality;foster;33%;exponential;9959.76770606617;105.326281954419;2°C;consumption_based
Togo;13.54584;15584.778;equality;foster;33%;exponential;2338.2701636293;517.120488169996;2°C;consumption_based
Trinidad and Tobago;32.59566;1399.8;equality;foster;33%;exponential;210.019711223881;19.3020428792014;2°C;consumption_based
Tunisia;31.10463;13145.141;equality;foster;33%;exponential;1972.23797458008;189.949115343224;2°C;consumption_based
Turkmenistan;101.6677;9639.708;equality;foster;33%;exponential;1446.29853582121;42.6165163660975;2°C;consumption_based
Uganda;50.1081;85431.202;equality;foster;33%;exponential;12817.7142259959;766.312036976217;2°C;consumption_based
Ukraine;252.1204;31990.132;equality;foster;33%;exponential;4799.65586844823;57.030228363366;2°C;consumption_based
Uruguay;31.57455;3254.354;equality;foster;33%;exponential;488.268672167654;46.3259878407766;2°C;consumption_based
Uzbekistan;165.7009;52210.754;equality;foster;33%;exponential;7833.46726522439;141.622469764868;2°C;consumption_based
Vanuatu;0.5712391;534.388;equality;foster;33%;exponential;80.1771777693295;420.47079593476;2°C;consumption_based
Viet Nam;237.3877;110008.908;equality;foster;33%;exponential;16505.2429562898;208.289178449461;2°C;consumption_based
Yemen;45.34253;70976.403;equality;foster;33%;exponential;10648.9810414129;703.566743766289;2°C;consumption_based
Zambia;39.16851;38083.386;equality;foster;33%;exponential;5713.8603587281;437.014220944901;2°C;consumption_based
Zimbabwe;22.44673;25866.385;equality;foster;33%;exponential;3880.8763452677;517.940319912553;2°C;consumption_based
Afghanistan;36.29291;76885.134;responsability;foster;33%;linear;17514.2780000473;965.162506949557;2°C;consumption_based
Albania;10.69817;2240.166;responsability;foster;33%;linear;224.749381465869;42.0164161657309;2°C;consumption_based
Algeria;229.2533;59565.554;responsability;foster;33%;linear;9878.52239081816;86.1799798809278;2°C;consumption_based
Andorra;0.7052279;82.195;responsability;foster;33%;linear;-12.3375663836559;-13;2°C;consumption_based
Angola;63.06419;74295.394;responsability;foster;33%;linear;15777.2853354895;500.356393556771;2°C;consumption_based
Argentina;329.7293;48308.943;responsability;foster;33%;linear;1701.10285451976;10.3181783027457;2°C;consumption_based
Armenia;13.76886;2495.207;responsability;foster;33%;linear;190.714619807611;27.7023108387493;2°C;consumption_based
Aruba;0.8570806;100.002;responsability;foster;33%;linear;-33.8490218468077;-17;2°C;consumption_based
Australia;516.071;32506.969;responsability;foster;33%;linear;-8858.33174632828;-15;2°C;consumption_based
Austria;104.6011;8724.332;responsability;foster;33%;linear;-1685.34635753685;-14;2°C;consumption_based
Azerbaijan;61.16201;11224.923;responsability;foster;33%;linear;822.171032485607;26.8850233171084;2°C;consumption_based
Bahamas;3.216727;424.265;responsability;foster;33%;linear;-26.7609719574095;-7;2°C;consumption_based
Bahrain;29.84191;2139.464;responsability;foster;33%;linear;-562.83679160129;-14;2°C;consumption_based
Bangladesh;198.2366;214709.096;responsability;foster;33%;linear;47408.6947051577;478.30415478431;2°C;consumption_based
Barbados;4.262979;264.216;responsability;foster;33%;linear;-116.45248329306;-19;2°C;consumption_based
Belarus;37.69015;7453.546;responsability;foster;33%;linear;1555.03493831646;82.5167816162292;2°C;consumption_based
Belgium;135.3539;11870.906;responsability;foster;33%;linear;-1721.56279292619;-11;2°C;consumption_based
Belize;1.471538;516.627;responsability;foster;33%;linear;75.4596713690675;102.558916411357;2°C;consumption_based
Benin;17.1341;24433.809;responsability;foster;33%;linear;5448.77978367416;636.015872870376;2°C;consumption_based
Bermuda;0;56.937;responsability;foster;33%;linear;13.5481846875514;inf;2°C;consumption_based
Bhutan;3.675114;882.34;responsability;foster;33%;linear;140.038639749742;76.2091405870632;2°C;consumption_based
Bosnia and Herzegovina;26.34888;2455.167;responsability;foster;33%;linear;-129.243268151248;-4;2°C;consumption_based
Botswana;18.26959;3437.43;responsability;foster;33%;linear;172.194820266253;18.8504307175206;2°C;consumption_based
Brazil;1077.661;217489.3;responsability;foster;33%;linear;21969.328683943;40.7722441174785;2°C;consumption_based
British Virgin Islands;0.2776416;40.34;responsability;foster;33%;linear;-5.23865180658409;-12;2°C;consumption_based
Bulgaria;57.15165;5402.217;responsability;foster;33%;linear;-381.23148183168;-5;2°C;consumption_based
Burkina Faso;29.78411;37304.383;responsability;foster;33%;linear;8270.23606072201;555.345522207782;2°C;consumption_based
Burundi;4.499215;24131.72;responsability;foster;33%;linear;5631.97908363031;2503.53854333714;2°C;consumption_based
Cambodia;40.78146;21931.455;responsability;foster;33%;linear;4326.50786401095;212.18013597409;2°C;consumption_based
Cameroon;38.30513;51096.317;responsability;foster;33%;linear;11114.065708021;580.291240782682;2°C;consumption_based
Canada;672.7777;45621.882;responsability;foster;33%;linear;-12060.1744156388;-15;2°C;consumption_based
Cayman Islands;0;103.958;responsability;foster;33%;linear;24.7368527275491;inf;2°C;consumption_based
Central African Republic;9.32562;10616.752;responsability;foster;33%;linear;1946.79057225696;417.514454214724;2°C;consumption_based
Chad;49.86327;38857.686;responsability;foster;33%;linear;8387.45529526406;336.418180968238;2°C;consumption_based
Chile;120.2864;20320.306;responsability;foster;33%;linear;1875.89533682365;31.1904809990763;2°C;consumption_based
China;12046.22;1260289.093;responsability;foster;33%;linear;64218.5469479353;10.6620245932642;2°C;consumption_based
Colombia;192.7321;59385.356;responsability;foster;33%;linear;9273.90769589522;96.2362543229199;2°C;consumption_based
Congo;20.37865;11006.472;responsability;foster;33%;linear;2169.47909205532;212.91686073958;2°C;consumption_based
Costa Rica;20.15067;5354.15;responsability;foster;33%;linear;732.915119959167;72.7434988473502;2°C;consumption_based
Croatia;23.31505;3234.159;responsability;foster;33%;linear;-213.143885355456;-7;2°C;consumption_based
Cuba;41.99676;9382;responsability;foster;33%;linear;796.677418042342;37.9399467026667;2°C;consumption_based
Cyprus;10.44542;1508.481;responsability;foster;33%;linear;-54.8446904616477;-4;2°C;consumption_based
Denmark;60.05671;6124.838;responsability;foster;33%;linear;-1227.40080076957;-15;2°C;consumption_based
Djibouti;1.718966;1530.539;responsability;foster;33%;linear;307.509933531872;357.784777048378;2°C;consumption_based
Dominican Republic;36.86521;12996.293;responsability;foster;33%;linear;2152.27017848571;116.764297747698;2°C;consumption_based
Ecuador;64.94059;21337.238;responsability;foster;33%;linear;3342.01197234099;102.925211253578;2°C;consumption_based
Egypt;359.3699;161630.192;responsability;foster;33%;linear;30096.072781251;167.493564604331;2°C;consumption_based
El Salvador;15.27658;6663.345;responsability;foster;33%;linear;1109.65206241317;145.274932270597;2°C;consumption_based
Eritrea;6.147011;5696.062;responsability;foster;33%;linear;1176.97559571455;382.942407526047;2°C;consumption_based
Estonia;12.3808;1174.267;responsability;foster;33%;linear;-295.299160664298;-17;2°C;consumption_based
Ethiopia;15.46353;225021.874;responsability;foster;33%;linear;53159.0800795754;6875.41332148292;2°C;consumption_based
Fiji;3.433959;1000.261;responsability;foster;33%;linear;143.228782590017;83.4190405826145;2°C;consumption_based
Finland;64.9849;5351.645;responsability;foster;33%;linear;-1296.50874191438;-16;2°C;consumption_based
France;561.8057;68219.675;responsability;foster;33%;linear;-6717.03173565993;-9;2°C;consumption_based
French Polynesia;0;284.75;responsability;foster;33%;linear;67.7563902169108;inf;2°C;consumption_based
Gabon;14.30998;4084.533;responsability;foster;33%;linear;448.101519356801;62.6278330726949;2°C;consumption_based
Gambia;2.508158;4301.896;responsability;foster;33%;linear;957.536917699096;763.537957097676;2°C;consumption_based
Georgia;17.8212;3664.014;responsability;foster;33%;linear;147.463024694378;16.5491689329987;2°C;consumption_based
Germany;872.121;78294.613;responsability;foster;33%;linear;-17340.491919719;-16;2°C;consumption_based
Ghana;54.33566;50553.047;responsability;foster;33%;linear;11154.1481778519;410.564560285157;2°C;consumption_based
Greece;83.41989;8812.07;responsability;foster;33%;linear;-2882.03287108435;-18;2°C;consumption_based
Greenland;0;49.898;responsability;foster;33%;linear;11.8732514803983;inf;2°C;consumption_based
Guatemala;40.88083;24670.857;responsability;foster;33%;linear;4948.36204859563;242.087161566711;2°C;consumption_based
Guinea;25.79336;23404.584;responsability;foster;33%;linear;5047.25304129312;391.360647956926;2°C;consumption_based
Guyana;3.330323;940.608;responsability;foster;33%;linear;-1082.78242051572;-25;2°C;consumption_based
Haiti;14.31872;14710.861;responsability;foster;33%;linear;3156.61890710881;440.90797321392;2°C;consumption_based
Honduras;16.61826;14846.778;responsability;foster;33%;linear;3080.91316422071;370.786491993832;2°C;consumption_based
Hungary;60.08714;8725.347;responsability;foster;33%;linear;-140.2813978316;-1;2°C;consumption_based
Iceland;6.905605;432.993;responsability;foster;33%;linear;-93.5517444427011;-13;2°C;consumption_based
India;2949.414;1679589.259;responsability;foster;33%;linear;336541.605513384;228.209132738492;2°C;consumption_based
Indonesia;847.1642;320712.949;responsability;foster;33%;linear;57442.6018616689;135.611495060034;2°C;consumption_based
Iraq;404.6027;71928.75;responsability;foster;33%;linear;10932.6535541953;54.0414265856127;2°C;consumption_based
Ireland;58.80573;5970.042;responsability;foster;33%;linear;-699.686238399135;-9;2°C;consumption_based
Israel;96.33576;13092.722;responsability;foster;33%;linear;222.25186228633;4.61410928374532;2°C;consumption_based
Italy;480.3724;51891.098;responsability;foster;33%;linear;-8335.8413565515;-13;2°C;consumption_based
Jamaica;12.76953;2454.94;responsability;foster;33%;linear;67.8601040969376;10.6284419390436;2°C;consumption_based
Japan;1258.371;105123.167;responsability;foster;33%;linear;-31003.3492621967;-18;2°C;consumption_based
Jordan;33.45501;16367.355;responsability;foster;33%;linear;2898.08683338439;173.252785360662;2°C;consumption_based
Kazakhstan;260.4604;26544.264;responsability;foster;33%;linear;-4335.63377548833;-6;2°C;consumption_based
Kenya;79.74114;83593.239;responsability;foster;33%;linear;17996.4212435364;451.37105497956;2°C;consumption_based
Kuwait;120.129;6367.756;responsability;foster;33%;linear;-1451.78352371528;-11;2°C;consumption_based
Kyrgyzstan;24.1211;9642.952;responsability;foster;33%;linear;1730.1593494853;143.456090268296;2°C;consumption_based
Latvia;16.48173;1513.81;responsability;foster;33%;linear;-174.769921521469;-9;2°C;consumption_based
Lebanon;35.63768;6999.26;responsability;foster;33%;linear;685.365876328762;38.4629906508371;2°C;consumption_based
Lesotho;4.251056;2993.076;responsability;foster;33%;linear;555.975006663285;261.570304725831;2°C;consumption_based
Liberia;4.860882;8910.53;responsability;foster;33%;linear;2047.21707467723;842.323296338906;2°C;consumption_based
Libya;56.0342;9260.606;responsability;foster;33%;linear;471.815781294347;16.8402790186831;2°C;consumption_based
Liechtenstein;1.370673;43.013;responsability;foster;33%;linear;-10.0755308576822;-12;2°C;consumption_based
Lithuania;26.37468;2258.774;responsability;foster;33%;linear;-413.995283588016;-13;2°C;consumption_based
Luxembourg;8.842451;791.464;responsability;foster;33%;linear;-358.24191921023;-19;2°C;consumption_based
Madagascar;31.88092;53185.475;responsability;foster;33%;linear;11785.4777511563;739.343641974967;2°C;consumption_based
Malawi;16.42;37361.682;responsability;foster;33%;linear;8571.26157647193;1044.0026280721;2°C;consumption_based
Malaysia;233.1968;44289.772;responsability;foster;33%;linear;4899.42737237931;42.0196792784405;2°C;consumption_based
Maldives;2.901473;589.962;responsability;foster;33%;linear;91.3047546114982;62.9368287152755;2°C;consumption_based
Mali;73.55506;46154.079;responsability;foster;33%;linear;9720.37576921379;264.302028146365;2°C;consumption_based
Malta;2.956266;535.722;responsability;foster;33%;linear;-6.21304981638676;-1;2°C;consumption_based
Mauritania;8.741203;9415.598;responsability;foster;33%;linear;2020.76683321182;462.3543997804;2°C;consumption_based
Mauritius;9.153498;1107.197;responsability;foster;33%;linear;13.6627447532675;2.98525104900171;2°C;consumption_based
Mexico;597.8052;148946.274;responsability;foster;33%;linear;16362.0539041226;54.7404201372709;2°C;consumption_based
Monaco;1.08342;36.757;responsability;foster;33%;linear;-7.67596496364183;-10;2°C;consumption_based
Mongolia;44.70931;4501.493;responsability;foster;33%;linear;354.870914372932;15.8745869427612;2°C;consumption_based
Montenegro;4.889849;533.295;responsability;foster;33%;linear;-27.6925385549519;-4;2°C;consumption_based
Morocco;84.54553;43440.431;responsability;foster;33%;linear;8330.57150048038;197.067106929967;2°C;consumption_based
Mozambique;46.50852;63530.951;responsability;foster;33%;linear;14086.4271555397;605.756844360549;2°C;consumption_based
Myanmar;76.01056;58623.231;responsability;foster;33%;linear;12450.2929903147;327.593770926426;2°C;consumption_based
Namibia;15.53063;4512.3;responsability;foster;33%;linear;569.524068870119;73.3420432873772;2°C;consumption_based
Nepal;51.71283;34642.027;responsability;foster;33%;linear;7168.62892239424;277.247596868871;2°C;consumption_based
Netherlands;199.7464;18958.475;responsability;foster;33%;linear;-3212.05437043882;-13;2°C;consumption_based
New Caledonia;0;340.581;responsability;foster;33%;linear;81.0414017083958;inf;2°C;consumption_based
New Zealand;79.7114;5755.288;responsability;foster;33%;linear;-1081.99909902123;-12;2°C;consumption_based
Nicaragua;16.31699;8756.43;responsability;foster;33%;linear;1621.63435595984;198.76636021225;2°C;consumption_based
Niger;34.38707;52513.876;responsability;foster;33%;linear;11896.4728688787;691.91547106972;2°C;consumption_based
Nigeria;449.8309;359185.556;responsability;foster;33%;linear;74436.9866531661;330.955417483175;2°C;consumption_based
Norway;76.82043;5899.829;responsability;foster;33%;linear;-1214.05368324128;-13;2°C;consumption_based
Oman;65.19586;7827.002;responsability;foster;33%;linear;506.885386490048;15.5496188405229;2°C;consumption_based
Pakistan;578.9303;371863.793;responsability;foster;33%;linear;77789.6831337965;268.735919103894;2°C;consumption_based
Panama;21.22502;5630.68;responsability;foster;33%;linear;798.367681489219;75.2289214793879;2°C;consumption_based
Papua New Guinea;17.17362;14906.59;responsability;foster;33%;linear;3195.86609944776;372.183162250913;2°C;consumption_based
Paraguay;29.96962;8640.464;responsability;foster;33%;linear;1007.01869424643;67.2026334832691;2°C;consumption_based
Peru;99.16215;40583.876;responsability;foster;33%;linear;6987.79579699989;140.936754537894;2°C;consumption_based
Philippines;260.8678;134373.439;responsability;foster;33%;linear;26606.5832496216;203.985185213519;2°C;consumption_based
Poland;340.3965;32814.096;responsability;foster;33%;linear;-4432.16953892477;-11;2°C;consumption_based
Portugal;63.02308;9770.27;responsability;foster;33%;linear;-648.562071309651;-8;2°C;consumption_based
Qatar;162.3337;4164.46;responsability;foster;33%;linear;-1939.5168651441;-11;2°C;consumption_based
Romania;116.8046;16027.266;responsability;foster;33%;linear;-713.98222670333;-6;2°C;consumption_based
Rwanda;8.712675;22707.91;responsability;foster;33%;linear;5202.62823751884;1194.2665685381;2°C;consumption_based
Samoa;0.6925006;272.726;responsability;foster;33%;linear;46.9117743238708;135.485151417546;2°C;consumption_based
San Marino;0.566147;33.696;responsability;foster;33%;linear;-15.2690553865706;-19;2°C;consumption_based
Sao Tome and Principe;0.2998609;365.115;responsability;foster;33%;linear;77.4498735124579;516.572007303772;2°C;consumption_based
Saudi Arabia;703.8256;47693.909;responsability;foster;33%;linear;-3190.83336163711;-3;2°C;consumption_based
Senegal;28.29428;30364.954;responsability;foster;33%;linear;6566.36840367883;464.148117830093;2°C;consumption_based
Serbia;73.73461;5532.87;responsability;foster;33%;linear;-1108.59732188081;-13;2°C;consumption_based
Seychelles;0.9971907;141.747;responsability;foster;33%;linear;2.74077772678297;5.49699817052641;2°C;consumption_based
Sierra Leone;7.612386;12948.325;responsability;foster;33%;linear;2908.39791137096;764.122552737331;2°C;consumption_based
Singapore;98.39144;6081.692;responsability;foster;33%;linear;-2365.66385082155;-15;2°C;consumption_based
Slovakia;47.49821;4936.488;responsability;foster;33%;linear;-839.007666271826;-14;2°C;consumption_based
Slovenia;16.40035;1981.553;responsability;foster;33%;linear;-164.606074877997;-8;2°C;consumption_based
Somalia;27.54213;37206.512;responsability;foster;33%;linear;7977.27171837462;579.277762349871;2°C;consumption_based
South Africa;442.3963;79177.328;responsability;foster;33%;linear;5867.60051044894;26.5264447756409;2°C;consumption_based
South Sudan;0;18341.974;responsability;foster;33%;linear;4364.48094009634;inf;2°C;consumption_based
Spain;347.0203;44928.558;responsability;foster;33%;linear;-4447.5956724105;-10;2°C;consumption_based
Sri Lanka;52.34435;24813.69;responsability;foster;33%;linear;4893.50910500951;186.973727059731;2°C;consumption_based
Sudan;0;85206.383;responsability;foster;33%;linear;20274.8970518685;inf;2°C;consumption_based
Suriname;3.667079;733.905;responsability;foster;33%;linear;65.4595499232375;35.7011942874629;2°C;consumption_based
Sweden;98.71911;11309.63;responsability;foster;33%;linear;-805.64657887136;-6;2°C;consumption_based
Switzerland;98.65993;9342.586;responsability;foster;33%;linear;-1593.29390093574;-12;2°C;consumption_based
Tajikistan;16.7698;15574.642;responsability;foster;33%;linear;3286.68232048442;391.976328934682;2°C;consumption_based
Thailand;283.2797;66382.735;responsability;foster;33%;linear;6793.32356743031;47.9619511559092;2°C;consumption_based
Togo;13.54584;15584.778;responsability;foster;33%;linear;3403.51698023065;502.518408637729;2°C;consumption_based
Trinidad and Tobago;32.59566;1399.8;responsability;foster;33%;linear;-596.504222157571;-16;2°C;consumption_based
Tunisia;31.10463;13145.141;responsability;foster;33%;linear;2024.58591684746;130.179070887354;2°C;consumption_based
Turkmenistan;101.6677;9639.708;responsability;foster;33%;linear;10.0963522302959;0.19861474647889;2°C;consumption_based
Uganda;50.1081;85431.202;responsability;foster;33%;linear;19190.736673755;765.973432389373;2°C;consumption_based
Ukraine;252.1204;31990.132;responsability;foster;33%;linear;-4630.04204229154;-14;2°C;consumption_based
Uruguay;31.57455;3254.354;responsability;foster;33%;linear;-361.783316047535;-9;2°C;consumption_based
Uzbekistan;165.7009;52210.754;responsability;foster;33%;linear;6239.86793202155;75.3148345243936;2°C;consumption_based
Vanuatu;0.5712391;534.388;responsability;foster;33%;linear;104.825731485284;367.011752120202;2°C;consumption_based
Viet Nam;237.3877;110008.908;responsability;foster;33%;linear;20307.8866501202;171.094683086952;2°C;consumption_based
Yemen;45.34253;70976.403;responsability;foster;33%;linear;15864.1182883958;699.745615800258;2°C;consumption_based
Zambia;39.16851;38083.386;responsability;foster;33%;linear;8062.88145997274;411.702230183009;2°C;consumption_based
Zimbabwe;22.44673;25866.385;responsability;foster;33%;linear;5340.75859741738;475.860724249579;2°C;consumption_based
Afghanistan;36.29291;76885.134;responsability;foster;33%;exponential;17514.2780000473;1445.68423564653;2°C;consumption_based
Albania;10.69817;2240.166;responsability;foster;33%;exponential;224.749381465869;62.9349669633779;2°C;consumption_based
Algeria;229.2533;59565.554;responsability;foster;33%;exponential;9878.52239081816;129.086073531765;2°C;consumption_based
Andorra;0.7052279;82.195;responsability;foster;33%;exponential;-12.3375663836559;-13;2°C;consumption_based
Angola;63.06419;74295.394;responsability;foster;33%;exponential;15777.2853354895;749.46689822855;2°C;consumption_based
Argentina;329.7293;48308.943;responsability;foster;33%;exponential;1701.10285451976;15.4552498729098;2°C;consumption_based
Armenia;13.76886;2495.207;responsability;foster;33%;exponential;190.714619807611;41.494353315833;2°C;consumption_based
Aruba;0.8570806;100.002;responsability;foster;33%;exponential;-33.8490218468077;-17;2°C;consumption_based
Australia;516.071;32506.969;responsability;foster;33%;exponential;-8858.33174632828;-15;2°C;consumption_based
Austria;104.6011;8724.332;responsability;foster;33%;exponential;-1685.34635753685;-14;2°C;consumption_based
Azerbaijan;61.16201;11224.923;responsability;foster;33%;exponential;822.171032485607;40.2701660131565;2°C;consumption_based
Bahamas;3.216727;424.265;responsability;foster;33%;exponential;-26.7609719574095;-7;2°C;consumption_based
Bahrain;29.84191;2139.464;responsability;foster;33%;exponential;-562.83679160129;-14;2°C;consumption_based
Bangladesh;198.2366;214709.096;responsability;foster;33%;exponential;47408.6947051577;716.435596531161;2°C;consumption_based
Barbados;4.262979;264.216;responsability;foster;33%;exponential;-116.45248329306;-19;2°C;consumption_based
Belarus;37.69015;7453.546;responsability;foster;33%;exponential;1555.03493831646;123.599092898772;2°C;consumption_based
Belgium;135.3539;11870.906;responsability;foster;33%;exponential;-1721.56279292619;-11;2°C;consumption_based
Belize;1.471538;516.627;responsability;foster;33%;exponential;75.4596713690675;153.619527917113;2°C;consumption_based
Benin;17.1341;24433.809;responsability;foster;33%;exponential;5448.77978367416;952.666638425199;2°C;consumption_based
Bermuda;0;56.937;responsability;foster;33%;exponential;13.5481846875514;inf;2°C;consumption_based
Bhutan;3.675114;882.34;responsability;foster;33%;exponential;140.038639749742;114.151090998239;2°C;consumption_based
Bosnia and Herzegovina;26.34888;2455.167;responsability;foster;33%;exponential;-129.243268151248;-4;2°C;consumption_based
Botswana;18.26959;3437.43;responsability;foster;33%;exponential;172.194820266253;28.2354218354349;2°C;consumption_based
Brazil;1077.661;217489.3;responsability;foster;33%;exponential;21969.328683943;61.0713637839761;2°C;consumption_based
British Virgin Islands;0.2776416;40.34;responsability;foster;33%;exponential;-5.23865180658409;-12;2°C;consumption_based
Bulgaria;57.15165;5402.217;responsability;foster;33%;exponential;-381.23148183168;-5;2°C;consumption_based
Burkina Faso;29.78411;37304.383;responsability;foster;33%;exponential;8270.23606072201;831.833251925773;2°C;consumption_based
Burundi;4.499215;24131.72;responsability;foster;33%;exponential;5631.97908363031;3749.96560618071;2°C;consumption_based
Cambodia;40.78146;21931.455;responsability;foster;33%;exponential;4326.50786401095;317.817440572328;2°C;consumption_based
Cameroon;38.30513;51096.317;responsability;foster;33%;exponential;11114.065708021;869.198599036686;2°C;consumption_based
Canada;672.7777;45621.882;responsability;foster;33%;exponential;-12060.1744156388;-15;2°C;consumption_based
Cayman Islands;0;103.958;responsability;foster;33%;exponential;24.7368527275491;inf;2°C;consumption_based
Central African Republic;9.32562;10616.752;responsability;foster;33%;exponential;1946.79057225696;625.380762583163;2°C;consumption_based
Chad;49.86327;38857.686;responsability;foster;33%;exponential;8387.45529526406;503.909401068439;2°C;consumption_based
Chile;120.2864;20320.306;responsability;foster;33%;exponential;1875.89533682365;46.7191652783027;2°C;consumption_based
China;12046.22;1260289.093;responsability;foster;33%;exponential;64218.5469479353;15.9702855877339;2°C;consumption_based
Colombia;192.7321;59385.356;responsability;foster;33%;exponential;9273.90769589522;144.149026480561;2°C;consumption_based
Congo;20.37865;11006.472;responsability;foster;33%;exponential;2169.47909205532;318.92095565068;2°C;consumption_based
Costa Rica;20.15067;5354.15;responsability;foster;33%;exponential;732.915119959167;108.960023594122;2°C;consumption_based
Croatia;23.31505;3234.159;responsability;foster;33%;exponential;-213.143885355456;-7;2°C;consumption_based
Cuba;41.99676;9382;responsability;foster;33%;exponential;796.677418042342;56.8289613970485;2°C;consumption_based
Cyprus;10.44542;1508.481;responsability;foster;33%;exponential;-54.8446904616477;-4;2°C;consumption_based
Denmark;60.05671;6124.838;responsability;foster;33%;exponential;-1227.40080076957;-15;2°C;consumption_based
Djibouti;1.718966;1530.539;responsability;foster;33%;exponential;307.509933531872;535.913701795073;2°C;consumption_based
Dominican Republic;36.86521;12996.293;responsability;foster;33%;exponential;2152.27017848571;174.897287580823;2°C;consumption_based
Ecuador;64.94059;21337.238;responsability;foster;33%;exponential;3342.01197234099;154.168188557353;2°C;consumption_based
Egypt;359.3699;161630.192;responsability;foster;33%;exponential;30096.072781251;250.882938548897;2°C;consumption_based
El Salvador;15.27658;6663.345;responsability;foster;33%;exponential;1109.65206241317;217.602401570698;2°C;consumption_based
Eritrea;6.147011;5696.062;responsability;foster;33%;exponential;1176.97559571455;573.596464569122;2°C;consumption_based
Estonia;12.3808;1174.267;responsability;foster;33%;exponential;-295.299160664298;-17;2°C;consumption_based
Ethiopia;15.46353;225021.874;responsability;foster;33%;exponential;53159.0800795754;10298.4487905947;2°C;consumption_based
Fiji;3.433959;1000.261;responsability;foster;33%;exponential;143.228782590017;124.950556051124;2°C;consumption_based
Finland;64.9849;5351.645;responsability;foster;33%;exponential;-1296.50874191438;-16;2°C;consumption_based
France;561.8057;68219.675;responsability;foster;33%;exponential;-6717.03173565993;-9;2°C;consumption_based
French Polynesia;0;284.75;responsability;foster;33%;exponential;67.7563902169108;inf;2°C;consumption_based
Gabon;14.30998;4084.533;responsability;foster;33%;exponential;448.101519356801;93.8081103793121;2°C;consumption_based
Gambia;2.508158;4301.896;responsability;foster;33%;exponential;957.536917699096;1143.67765008049;2°C;consumption_based
Georgia;17.8212;3664.014;responsability;foster;33%;exponential;147.463024694378;24.7884397365406;2°C;consumption_based
Germany;872.121;78294.613;responsability;foster;33%;exponential;-17340.491919719;-16;2°C;consumption_based
Ghana;54.33566;50553.047;responsability;foster;33%;exponential;11154.1481778519;614.970751811874;2°C;consumption_based
Greece;83.41989;8812.07;responsability;foster;33%;exponential;-2882.03287108435;-18;2°C;consumption_based
Greenland;0;49.898;responsability;foster;33%;exponential;11.8732514803983;inf;2°C;consumption_based
Guatemala;40.88083;24670.857;responsability;foster;33%;exponential;4948.36204859563;362.614161459238;2°C;consumption_based
Guinea;25.79336;23404.584;responsability;foster;33%;exponential;5047.25304129312;586.205861841782;2°C;consumption_based
Guyana;3.330323;940.608;responsability;foster;33%;exponential;-1082.78242051572;-25;2°C;consumption_based
Haiti;14.31872;14710.861;responsability;foster;33%;exponential;3156.61890710881;660.42112251211;2°C;consumption_based
Honduras;16.61826;14846.778;responsability;foster;33%;exponential;3080.91316422071;555.388530331895;2°C;consumption_based
Hungary;60.08714;8725.347;responsability;foster;33%;exponential;-140.2813978316;-1;2°C;consumption_based
Iceland;6.905605;432.993;responsability;foster;33%;exponential;-93.5517444427011;-13;2°C;consumption_based
India;2949.414;1679589.259;responsability;foster;33%;exponential;336541.605513384;341.826732032234;2°C;consumption_based
Indonesia;847.1642;320712.949;responsability;foster;33%;exponential;57442.6018616689;203.127866208126;2°C;consumption_based
Iraq;404.6027;71928.75;responsability;foster;33%;exponential;10932.6535541953;80.9468228657092;2°C;consumption_based
Ireland;58.80573;5970.042;responsability;foster;33%;exponential;-699.686238399135;-9;2°C;consumption_based
Israel;96.33576;13092.722;responsability;foster;33%;exponential;222.25186228633;6.91131804751047;2°C;consumption_based
Italy;480.3724;51891.098;responsability;foster;33%;exponential;-8335.8413565515;-13;2°C;consumption_based
Jamaica;12.76953;2454.94;responsability;foster;33%;exponential;67.8601040969376;15.9199832671938;2°C;consumption_based
Japan;1258.371;105123.167;responsability;foster;33%;exponential;-31003.3492621967;-18;2°C;consumption_based
Jordan;33.45501;16367.355;responsability;foster;33%;exponential;2898.08683338439;259.509480294028;2°C;consumption_based
Kazakhstan;260.4604;26544.264;responsability;foster;33%;exponential;-4335.63377548833;-6;2°C;consumption_based
Kenya;79.74114;83593.239;responsability;foster;33%;exponential;17996.4212435364;676.09341837519;2°C;consumption_based
Kuwait;120.129;6367.756;responsability;foster;33%;exponential;-1451.78352371528;-11;2°C;consumption_based
Kyrgyzstan;24.1211;9642.952;responsability;foster;33%;exponential;1730.1593494853;214.878019727305;2°C;consumption_based
Latvia;16.48173;1513.81;responsability;foster;33%;exponential;-174.769921521469;-9;2°C;consumption_based
Lebanon;35.63768;6999.26;responsability;foster;33%;exponential;685.365876328762;57.612411215059;2°C;consumption_based
Lesotho;4.251056;2993.076;responsability;foster;33%;exponential;555.975006663285;391.797301835261;2°C;consumption_based
Liberia;4.860882;8910.53;responsability;foster;33%;exponential;2047.21707467723;1261.68754180442;2°C;consumption_based
Libya;56.0342;9260.606;responsability;foster;33%;exponential;471.815781294347;25.2244836759616;2°C;consumption_based
Liechtenstein;1.370673;43.013;responsability;foster;33%;exponential;-10.0755308576822;-12;2°C;consumption_based
Lithuania;26.37468;2258.774;responsability;foster;33%;exponential;-413.995283588016;-13;2°C;consumption_based
Luxembourg;8.842451;791.464;responsability;foster;33%;exponential;-358.24191921023;-19;2°C;consumption_based
Madagascar;31.88092;53185.475;responsability;foster;33%;exponential;11785.4777511563;1107.43780475568;2°C;consumption_based
Malawi;16.42;37361.682;responsability;foster;33%;exponential;8571.26157647193;1563.77618329538;2°C;consumption_based
Malaysia;233.1968;44289.772;responsability;foster;33%;exponential;4899.42737237931;62.939854669406;2°C;consumption_based
Maldives;2.901473;589.962;responsability;foster;33%;exponential;91.3047546114982;94.2709444887451;2°C;consumption_based
Mali;73.55506;46154.079;responsability;foster;33%;exponential;9720.37576921379;395.889057841921;2°C;consumption_based
Malta;2.956266;535.722;responsability;foster;33%;exponential;-6.21304981638676;-1;2°C;consumption_based
Mauritania;8.741203;9415.598;responsability;foster;33%;exponential;2020.76683321182;692.544998620914;2°C;consumption_based
Mauritius;9.153498;1107.197;responsability;foster;33%;exponential;13.6627447532675;4.47150645607767;2°C;consumption_based
Mexico;597.8052;148946.274;responsability;foster;33%;exponential;16362.0539041226;81.9938216365635;2°C;consumption_based
Monaco;1.08342;36.757;responsability;foster;33%;exponential;-7.67596496364183;-10;2°C;consumption_based
Mongolia;44.70931;4501.493;responsability;foster;33%;exponential;354.870914372932;23.7780062168843;2°C;consumption_based
Montenegro;4.889849;533.295;responsability;foster;33%;exponential;-27.6925385549519;-4;2°C;consumption_based
Morocco;84.54553;43440.431;responsability;foster;33%;exponential;8330.57150048038;295.180146143009;2°C;consumption_based
Mozambique;46.50852;63530.951;responsability;foster;33%;exponential;14086.4271555397;907.342664288558;2°C;consumption_based
Myanmar;76.01056;58623.231;responsability;foster;33%;exponential;12450.2929903147;490.691616089773;2°C;consumption_based
Namibia;15.53063;4512.3;responsability;foster;33%;exponential;569.524068870119;109.856563042195;2°C;consumption_based
Nepal;51.71283;34642.027;responsability;foster;33%;exponential;7168.62892239424;415.279786852682;2°C;consumption_based
Netherlands;199.7464;18958.475;responsability;foster;33%;exponential;-3212.05437043882;-13;2°C;consumption_based
New Caledonia;0;340.581;responsability;foster;33%;exponential;81.0414017083958;inf;2°C;consumption_based
New Zealand;79.7114;5755.288;responsability;foster;33%;exponential;-1081.99909902123;-12;2°C;consumption_based
Nicaragua;16.31699;8756.43;responsability;foster;33%;exponential;1621.63435595984;297.725400092347;2°C;consumption_based
Niger;34.38707;52513.876;responsability;foster;33%;exponential;11896.4728688787;1036.39675362744;2°C;consumption_based
Nigeria;449.8309;359185.556;responsability;foster;33%;exponential;74436.9866531661;495.72691263094;2°C;consumption_based
Norway;76.82043;5899.829;responsability;foster;33%;exponential;-1214.05368324128;-13;2°C;consumption_based
Oman;65.19586;7827.002;responsability;foster;33%;exponential;506.885386490048;23.2912475010089;2°C;consumption_based
Pakistan;578.9303;371863.793;responsability;foster;33%;exponential;77789.6831337965;402.530432961364;2°C;consumption_based
Panama;21.22502;5630.68;responsability;foster;33%;exponential;798.367681489219;112.682853990231;2°C;consumption_based
Papua New Guinea;17.17362;14906.59;responsability;foster;33%;exponential;3195.86609944776;557.48055541422;2°C;consumption_based
Paraguay;29.96962;8640.464;responsability;foster;33%;exponential;1007.01869424643;100.660548996825;2°C;consumption_based
Peru;99.16215;40583.876;responsability;foster;33%;exponential;6987.79579699989;211.104392049562;2°C;consumption_based
Philippines;260.8678;134373.439;responsability;foster;33%;exponential;26606.5832496216;305.542501335514;2°C;consumption_based
Poland;340.3965;32814.096;responsability;foster;33%;exponential;-4432.16953892477;-11;2°C;consumption_based
Portugal;63.02308;9770.27;responsability;foster;33%;exponential;-648.562071309651;-8;2°C;consumption_based
Qatar;162.3337;4164.46;responsability;foster;33%;exponential;-1939.5168651441;-11;2°C;consumption_based
Romania;116.8046;16027.266;responsability;foster;33%;exponential;-713.98222670333;-6;2°C;consumption_based
Rwanda;8.712675;22707.91;responsability;foster;33%;exponential;5202.62823751884;1788.85145129808;2°C;consumption_based
Samoa;0.6925006;272.726;responsability;foster;33%;exponential;46.9117743238708;202.938620344446;2°C;consumption_based
San Marino;0.566147;33.696;responsability;foster;33%;exponential;-15.2690553865706;-19;2°C;consumption_based
Sao Tome and Principe;0.2998609;365.115;responsability;foster;33%;exponential;77.4498735124579;773.755716947239;2°C;consumption_based
Saudi Arabia;703.8256;47693.909;responsability;foster;33%;exponential;-3190.83336163711;-3;2°C;consumption_based
Senegal;28.29428;30364.954;responsability;foster;33%;exponential;6566.36840367883;695.231748146475;2°C;consumption_based
Serbia;73.73461;5532.87;responsability;foster;33%;exponential;-1108.59732188081;-13;2°C;consumption_based
Seychelles;0.9971907;141.747;responsability;foster;33%;exponential;2.74077772678297;8.2337674135566;2°C;consumption_based
Sierra Leone;7.612386;12948.325;responsability;foster;33%;exponential;2908.39791137096;1144.55329609284;2°C;consumption_based
Singapore;98.39144;6081.692;responsability;foster;33%;exponential;-2365.66385082155;-15;2°C;consumption_based
Slovakia;47.49821;4936.488;responsability;foster;33%;exponential;-839.007666271826;-14;2°C;consumption_based
Slovenia;16.40035;1981.553;responsability;foster;33%;exponential;-164.606074877997;-8;2°C;consumption_based
Somalia;27.54213;37206.512;responsability;foster;33%;exponential;7977.27171837462;867.680544011823;2°C;consumption_based
South Africa;442.3963;79177.328;responsability;foster;33%;exponential;5867.60051044894;39.7330633585176;2°C;consumption_based
South Sudan;0;18341.974;responsability;foster;33%;exponential;4364.48094009634;inf;2°C;consumption_based
Spain;347.0203;44928.558;responsability;foster;33%;exponential;-4447.5956724105;-10;2°C;consumption_based
Sri Lanka;52.34435;24813.69;responsability;foster;33%;exponential;4893.50910500951;280.061614229755;2°C;consumption_based
Sudan;0;85206.383;responsability;foster;33%;exponential;20274.8970518685;inf;2°C;consumption_based
Suriname;3.667079;733.905;responsability;foster;33%;exponential;65.4595499232375;53.4756099656869;2°C;consumption_based
Sweden;98.71911;11309.63;responsability;foster;33%;exponential;-805.64657887136;-6;2°C;consumption_based
Switzerland;98.65993;9342.586;responsability;foster;33%;exponential;-1593.29390093574;-12;2°C;consumption_based
Tajikistan;16.7698;15574.642;responsability;foster;33%;exponential;3286.68232048442;587.128069529421;2°C;consumption_based
Thailand;283.2797;66382.735;responsability;foster;33%;exponential;6793.32356743031;71.8405824901887;2°C;consumption_based
Togo;13.54584;15584.778;responsability;foster;33%;exponential;3403.51698023065;752.705307405518;2°C;consumption_based
Trinidad and Tobago;32.59566;1399.8;responsability;foster;33%;exponential;-596.504222157571;-16;2°C;consumption_based
Tunisia;31.10463;13145.141;responsability;foster;33%;exponential;2024.58591684746;194.990821999259;2°C;consumption_based
Turkmenistan;101.6677;9639.708;responsability;foster;33%;exponential;10.0963522302959;0.297498303015277;2°C;consumption_based
Uganda;50.1081;85431.202;responsability;foster;33%;exponential;19190.736673755;1147.32566604689;2°C;consumption_based
Ukraine;252.1204;31990.132;responsability;foster;33%;exponential;-4630.04204229154;-14;2°C;consumption_based
Uruguay;31.57455;3254.354;responsability;foster;33%;exponential;-361.783316047535;-9;2°C;consumption_based
Uzbekistan;165.7009;52210.754;responsability;foster;33%;exponential;6239.86793202155;112.811540231052;2°C;consumption_based
Vanuatu;0.5712391;534.388;responsability;foster;33%;exponential;104.825731485284;549.734475300043;2°C;consumption_based
Viet Nam;237.3877;110008.908;responsability;foster;33%;exponential;20307.8866501202;256.276931978537;2°C;consumption_based
Yemen;45.34253;70976.403;responsability;foster;33%;exponential;15864.1182883958;1048.12526226537;2°C;consumption_based
Zambia;39.16851;38083.386;responsability;foster;33%;exponential;8062.88145997274;616.674829026696;2°C;consumption_based
Zimbabwe;22.44673;25866.385;responsability;foster;33%;exponential;5340.75859741738;712.77566467562;2°C;consumption_based
Afghanistan;36.29291;76885.134;equality;foster;50%;linear;9148.84524690858;504.167080948239;2°C;consumption_based
Albania;10.69817;2240.166;equality;foster;50%;linear;266.565602413936;49.8338692344459;2°C;consumption_based
Algeria;229.2533;59565.554;equality;foster;50%;linear;7087.9246382321;61.834875556706;2°C;consumption_based
Andorra;0.7052279;82.195;equality;foster;50%;linear;9.78068575740078;27.7376597193639;2°C;consumption_based
Angola;63.06419;74295.394;equality;foster;50%;linear;8840.68254682498;280.370921970931;2°C;consumption_based
Argentina;329.7293;48308.943;equality;foster;50%;linear;5748.45903954238;34.8677478133874;2°C;consumption_based
Armenia;13.76886;2495.207;equality;foster;50%;linear;296.91387026786;43.1283156728821;2°C;consumption_based
Aruba;0.8570806;100.002;equality;foster;50%;linear;11.8996062669456;27.7677648215246;2°C;consumption_based
Australia;516.071;32506.969;equality;foster;50%;linear;3868.1239578389;14.9906658496172;2°C;consumption_based
Austria;104.6011;8724.332;equality;foster;50%;linear;1038.14039461325;19.849511995825;2°C;consumption_based
Azerbaijan;61.16201;11224.923;equality;foster;50%;linear;1335.69492686928;43.6772737478471;2°C;consumption_based
Bahamas;3.216727;424.265;equality;foster;50%;linear;50.4848548313601;31.3889582991408;2°C;consumption_based
Bahrain;29.84191;2139.464;equality;foster;50%;linear;254.582700569033;17.0620915731623;2°C;consumption_based
Bangladesh;198.2366;214709.096;equality;foster;50%;linear;25549.026062797;257.762956616457;2°C;consumption_based
Barbados;4.262979;264.216;equality;foster;50%;linear;31.4400348935751;14.7502649642774;2°C;consumption_based
Belarus;37.69015;7453.546;equality;foster;50%;linear;886.924888427904;47.0640147851841;2°C;consumption_based
Belgium;135.3539;11870.906;equality;foster;50%;linear;1412.56282306276;20.8721407076229;2°C;consumption_based
Belize;1.471538;516.627;equality;foster;50%;linear;61.4753493617458;83.5525135766059;2°C;consumption_based
Benin;17.1341;24433.809;equality;foster;50%;linear;2907.46891763916;339.378072690035;2°C;consumption_based
Bermuda;0;56.937;equality;foster;50%;linear;6.77514331734446;inf;2°C;consumption_based
Bhutan;3.675114;882.34;equality;foster;50%;linear;104.992886078046;57.1372132010306;2°C;consumption_based
Bosnia and Herzegovina;26.34888;2455.167;equality;foster;50%;linear;292.149363208716;22.1754672842805;2°C;consumption_based
Botswana;18.26959;3437.43;equality;foster;50%;linear;409.032455052767;44.7774093510327;2°C;consumption_based
Brazil;1077.661;217489.3;equality;foster;50%;linear;25879.8527756806;48.0296731081121;2°C;consumption_based
British Virgin Islands;0.2776416;40.34;equality;foster;50%;linear;4.80020516398257;34.5784289096632;2°C;consumption_based
Bulgaria;57.15165;5402.217;equality;foster;50%;linear;642.829696092078;22.4955778561801;2°C;consumption_based
Burkina Faso;29.78411;37304.383;equality;foster;50%;linear;4438.98591759503;298.07745926234;2°C;consumption_based
Burundi;4.499215;24131.72;equality;foster;50%;linear;2871.52223499706;1276.4547748872;2°C;consumption_based
Cambodia;40.78146;21931.455;equality;foster;50%;linear;2609.70459952036;127.984853878226;2°C;consumption_based
Cameroon;38.30513;51096.317;equality;foster;50%;linear;6080.13893713164;317.458206623063;2°C;consumption_based
Canada;672.7777;45621.882;equality;foster;50%;linear;5428.71575525542;16.1382155064159;2°C;consumption_based
Cayman Islands;0;103.958;equality;foster;50%;linear;12.3703452760858;inf;2°C;consumption_based
Central African Republic;9.32562;10616.752;equality;foster;50%;linear;1263.32641980967;270.936714086501;2°C;consumption_based
Chad;49.86327;38857.686;equality;foster;50%;linear;4623.8191620628;185.459925193947;2°C;consumption_based
Chile;120.2864;20320.306;equality;foster;50%;linear;2417.98804647759;40.2038475917076;2°C;consumption_based
China;12046.22;1260289.093;equality;foster;50%;linear;149966.440563449;24.8985060149073;2°C;consumption_based
Colombia;192.7321;59385.356;equality;foster;50%;linear;7066.48221457966;73.3295825093968;2°C;consumption_based
Congo;20.37865;11006.472;equality;foster;50%;linear;1309.70063786885;128.53654563662;2°C;consumption_based
Costa Rica;20.15067;5354.15;equality;foster;50%;linear;637.110026741133;63.2346246294672;2°C;consumption_based
Croatia;23.31505;3234.159;equality;foster;50%;linear;384.844490157182;33.0125382666717;2°C;consumption_based
Cuba;41.99676;9382;equality;foster;50%;linear;1116.3987319902;53.1659457534436;2°C;consumption_based
Cyprus;10.44542;1508.481;equality;foster;50%;linear;179.499709617491;34.3690746025514;2°C;consumption_based
Denmark;60.05671;6124.838;equality;foster;50%;linear;728.817030147662;24.2709609017098;2°C;consumption_based
Djibouti;1.718966;1530.539;equality;foster;50%;linear;182.124472272601;211.900028589979;2°C;consumption_based
Dominican Republic;36.86521;12996.293;equality;foster;50%;linear;1546.47676676328;83.8989804622448;2°C;consumption_based
Ecuador;64.94059;21337.238;equality;foster;50%;linear;2538.99653031049;78.1944398814513;2°C;consumption_based
Egypt;359.3699;161630.192;equality;foster;50%;linear;19232.9717970722;107.037188128846;2°C;consumption_based
El Salvador;15.27658;6663.345;equality;foster;50%;linear;792.89596128898;103.805427823372;2°C;consumption_based
Eritrea;6.147011;5696.062;equality;foster;50%;linear;677.79539481321;220.528447017001;2°C;consumption_based
Estonia;12.3808;1174.267;equality;foster;50%;linear;139.730354915576;22.5721043738007;2°C;consumption_based
Ethiopia;15.46353;225021.874;equality;foster;50%;linear;26776.1814968725;3463.13959320705;2°C;consumption_based
Fiji;3.433959;1000.261;equality;foster;50%;linear;119.02474014701;69.3221672984504;2°C;consumption_based
Finland;64.9849;5351.645;equality;foster;50%;linear;636.811947565729;19.598766715521;2°C;consumption_based
France;561.8057;68219.675;equality;foster;50%;linear;8117.71036738257;28.898640107719;2°C;consumption_based
French Polynesia;0;284.75;equality;foster;50%;linear;33.8834511761041;inf;2°C;consumption_based
Gabon;14.30998;4084.533;equality;foster;50%;linear;486.033624170977;67.9293226365065;2°C;consumption_based
Gambia;2.508158;4301.896;equality;foster;50%;linear;511.898448044521;408.186763389325;2°C;consumption_based
Georgia;17.8212;3664.014;equality;foster;50%;linear;435.99451967537;48.9298722505073;2°C;consumption_based
Germany;872.121;78294.613;equality;foster;50%;linear;9316.56434394192;21.3653021632134;2°C;consumption_based
Ghana;54.33566;50553.047;equality;foster;50%;linear;6015.49323907917;221.419717330356;2°C;consumption_based
Greece;83.41989;8812.07;equality;foster;50%;linear;1048.58066235438;25.1398236644614;2°C;consumption_based
Greenland;0;49.898;equality;foster;50%;linear;5.93754678414483;inf;2°C;consumption_based
Guatemala;40.88083;24670.857;equality;foster;50%;linear;2935.67613215854;143.621160928413;2°C;consumption_based
Guinea;25.79336;23404.584;equality;foster;50%;linear;2784.99764446366;215.94686729171;2°C;consumption_based
Guyana;3.330323;940.608;equality;foster;50%;linear;111.926409987192;67.2165492579499;2°C;consumption_based
Haiti;14.31872;14710.861;equality;foster;50%;linear;1750.49952748711;244.505029428204;2°C;consumption_based
Honduras;16.61826;14846.778;equality;foster;50%;linear;1766.67279187166;212.618263509135;2°C;consumption_based
Hungary;60.08714;8725.347;equality;foster;50%;linear;1038.26117320128;34.5585152896705;2°C;consumption_based
Iceland;6.905605;432.993;equality;foster;50%;linear;51.5234316948018;14.9222064380461;2°C;consumption_based
India;2949.414;1679589.259;equality;foster;50%;linear;199860.511512679;135.525573224158;2°C;consumption_based
Indonesia;847.1642;320712.949;equality;foster;50%;linear;38162.8149218116;90.0954382203865;2°C;consumption_based
Iraq;404.6027;71928.75;equality;foster;50%;linear;8559.0668613984;42.3085009635299;2°C;consumption_based
Ireland;58.80573;5970.042;equality;foster;50%;linear;710.397284025603;24.1608184789341;2°C;consumption_based
Israel;96.33576;13092.722;equality;foster;50%;linear;1557.95120860159;32.3441930307415;2°C;consumption_based
Italy;480.3724;51891.098;equality;foster;50%;linear;6174.71285533777;25.7080250877768;2°C;consumption_based
Jamaica;12.76953;2454.94;equality;foster;50%;linear;292.122351642721;45.7530311049383;2°C;consumption_based
Japan;1258.371;105123.167;equality;foster;50%;linear;12508.9927884879;19.8812477218371;2°C;consumption_based
Jordan;33.45501;16367.355;equality;foster;50%;linear;1947.61184907625;116.431700308937;2°C;consumption_based
Kazakhstan;260.4604;26544.264;equality;foster;50%;linear;3158.59973046397;24.2539728147847;2°C;consumption_based
Kenya;79.74114;83593.239;equality;foster;50%;linear;9947.0673654395;249.483951833131;2°C;consumption_based
Kuwait;120.129;6367.756;equality;foster;50%;linear;757.722737585052;12.615151005753;2°C;consumption_based
Kyrgyzstan;24.1211;9642.952;equality;foster;50%;linear;1147.45037150313;95.1407996735742;2°C;consumption_based
Latvia;16.48173;1513.81;equality;foster;50%;linear;180.13382695311;21.8586067061055;2°C;consumption_based
Lebanon;35.63768;6999.26;equality;foster;50%;linear;832.867724245331;46.740849810949;2°C;consumption_based
Lesotho;4.251056;2993.076;equality;foster;50%;linear;356.157136127722;167.561724017619;2°C;consumption_based
Liberia;4.860882;8910.53;equality;foster;50%;linear;1060.29678036246;436.256951048168;2°C;consumption_based
Libya;56.0342;9260.606;equality;foster;50%;linear;1101.95361286088;39.3314658855086;2°C;consumption_based
Liechtenstein;1.370673;43.013;equality;foster;50%;linear;5.11827527809575;7.46826599501959;2°C;consumption_based
Lithuania;26.37468;2258.774;equality;foster;50%;linear;268.7798368634;20.3816567149554;2°C;consumption_based
Luxembourg;8.842451;791.464;equality;foster;50%;linear;94.1792161602951;21.3016088322785;2°C;consumption_based
Madagascar;31.88092;53185.475;equality;foster;50%;linear;6328.73554149395;397.023394650716;2°C;consumption_based
Malawi;16.42;37361.682;equality;foster;50%;linear;4445.80413662555;541.510857079848;2°C;consumption_based
Malaysia;233.1968;44289.772;equality;foster;50%;linear;5270.20308046631;45.1996174944622;2°C;consumption_based
Maldives;2.901473;589.962;equality;foster;50%;linear;70.2017510895758;48.3904217544508;2°C;consumption_based
Mali;73.55506;46154.079;equality;foster;50%;linear;5492.04383625829;149.33150312863;2°C;consumption_based
Malta;2.956266;535.722;equality;foster;50%;linear;63.7475337347316;43.1270621349578;2°C;consumption_based
Mauritania;8.741203;9415.598;equality;foster;50%;linear;1120.39668174477;256.348395465651;2°C;consumption_based
Mauritius;9.153498;1107.197;equality;foster;50%;linear;131.749448610461;28.7866886758399;2°C;consumption_based
Mexico;597.8052;148946.274;equality;foster;50%;linear;17723.6656819723;59.2957896049493;2°C;consumption_based
Monaco;1.08342;36.757;equality;foster;50%;linear;4.37385079852522;8.07415554175707;2°C;consumption_based
Mongolia;44.70931;4501.493;equality;foster;50%;linear;535.649230149514;23.9614178858727;2°C;consumption_based
Montenegro;4.889849;533.295;equality;foster;50%;linear;63.4587360665862;25.9552947612845;2°C;consumption_based
Morocco;84.54553;43440.431;equality;foster;50%;linear;5169.13686692684;122.280547934984;2°C;consumption_based
Mozambique;46.50852;63530.951;equality;foster;50%;linear;7559.78183100951;325.092341403662;2°C;consumption_based
Myanmar;76.01056;58623.231;equality;foster;50%;linear;6975.79415407891;183.548026855187;2°C;consumption_based
Namibia;15.53063;4512.3;equality;foster;50%;linear;536.935194879488;69.1453205542194;2°C;consumption_based
Nepal;51.71283;34642.027;equality;foster;50%;linear;4122.18237224154;159.425905418115;2°C;consumption_based
Netherlands;199.7464;18958.475;equality;foster;50%;linear;2255.9387604421;22.588029225479;2°C;consumption_based
New Caledonia;0;340.581;equality;foster;50%;linear;40.5269874802764;inf;2°C;consumption_based
New Zealand;79.7114;5755.288;equality;foster;50%;linear;684.842914670474;17.183060758448;2°C;consumption_based
Nicaragua;16.31699;8756.43;equality;foster;50%;linear;1041.95985384363;127.714713785279;2°C;consumption_based
Niger;34.38707;52513.876;equality;foster;50%;linear;6248.81950312197;363.440066462305;2°C;consumption_based
Nigeria;449.8309;359185.556;equality;foster;50%;linear;42740.8121154971;190.030574224657;2°C;consumption_based
Norway;76.82043;5899.829;equality;foster;50%;linear;702.042380575462;18.2774915624779;2°C;consumption_based
Oman;65.19586;7827.002;equality;foster;50%;linear;931.363793230092;28.5712556972204;2°C;consumption_based
Pakistan;578.9303;371863.793;equality;foster;50%;linear;44249.442227485;152.866216287125;2°C;consumption_based
Panama;21.22502;5630.68;equality;foster;50%;linear;670.015349844655;63.1344846642929;2°C;consumption_based
Papua New Guinea;17.17362;14906.59;equality;foster;50%;linear;1773.79004202704;206.571479050665;2°C;consumption_based
Paraguay;29.96962;8640.464;equality;foster;50%;linear;1028.16063242453;68.6135247910737;2°C;consumption_based
Peru;99.16215;40583.876;equality;foster;50%;linear;4829.22486736808;97.4005680064032;2°C;consumption_based
Philippines;260.8678;134373.439;equality;foster;50%;linear;15989.5903765468;122.587689063555;2°C;consumption_based
Poland;340.3965;32814.096;equality;foster;50%;linear;3904.67013065493;22.9418935309554;2°C;consumption_based
Portugal;63.02308;9770.27;equality;foster;50%;linear;1162.60040920932;36.8944332523679;2°C;consumption_based
Qatar;162.3337;4164.46;equality;foster;50%;linear;495.544432255797;6.10525642249018;2°C;consumption_based
Romania;116.8046;16027.266;equality;foster;50%;linear;1907.14340648791;32.6552790983901;2°C;consumption_based
Rwanda;8.712675;22707.91;equality;foster;50%;linear;2702.09783949558;620.268250450195;2°C;consumption_based
Samoa;0.6925006;272.726;equality;foster;50%;linear;32.4526711341674;93.7260448125745;2°C;consumption_based
San Marino;0.566147;33.696;equality;foster;50%;linear;4.00961113548728;14.1645584467895;2°C;consumption_based
Sao Tome and Principe;0.2998609;365.115;equality;foster;50%;linear;43.4463784939885;289.776883174755;2°C;consumption_based
Saudi Arabia;703.8256;47693.909;equality;foster;50%;linear;5675.27387883775;16.1269322367295;2°C;consumption_based
Senegal;28.29428;30364.954;equality;foster;50%;linear;3613.23770438506;255.404110257272;2°C;consumption_based
Serbia;73.73461;5532.87;equality;foster;50%;linear;658.376577730398;17.8580066465503;2°C;consumption_based
Seychelles;0.9971907;141.747;equality;foster;50%;linear;16.8669975552563;33.8290310073214;2°C;consumption_based
Sierra Leone;7.612386;12948.325;equality;foster;50%;linear;1540.76887778693;404.805767281619;2°C;consumption_based
Singapore;98.39144;6081.692;equality;foster;50%;linear;723.682928709754;14.7102822910154;2°C;consumption_based
Slovakia;47.49821;4936.488;equality;foster;50%;linear;587.410887197273;24.7340220693484;2°C;consumption_based
Slovenia;16.40035;1981.553;equality;foster;50%;linear;235.792289125066;28.7545435463348;2°C;consumption_based
Somalia;27.54213;37206.512;equality;foster;50%;linear;4427.33988686613;321.495823806374;2°C;consumption_based
South Africa;442.3963;79177.328;equality;foster;50%;linear;9421.60185265101;42.5934929955382;2°C;consumption_based
South Sudan;0;18341.974;equality;foster;50%;linear;2182.57903600481;inf;2°C;consumption_based
Spain;347.0203;44928.558;equality;foster;50%;linear;5346.2145791247;30.812114329477;2°C;consumption_based
Sri Lanka;52.34435;24813.69;equality;foster;50%;linear;2952.67235685331;112.817232685221;2°C;consumption_based
Sudan;0;85206.383;equality;foster;50%;linear;10139.0213108795;inf;2°C;consumption_based
Suriname;3.667079;733.905;equality;foster;50%;linear;87.3300587722516;47.6292213896955;2°C;consumption_based
Sweden;98.71911;11309.63;equality;foster;50%;linear;1345.77452475786;27.2647215874994;2°C;consumption_based
Switzerland;98.65993;9342.586;equality;foster;50%;linear;1111.70871497648;22.5361748174052;2°C;consumption_based
Tajikistan;16.7698;15574.642;equality;foster;50%;linear;1853.28400980614;221.026369999182;2°C;consumption_based
Thailand;283.2797;66382.735;equality;foster;50%;linear;7899.12611170765;55.7690940205574;2°C;consumption_based
Togo;13.54584;15584.778;equality;foster;50%;linear;1854.49012977496;273.809542970382;2°C;consumption_based
Trinidad and Tobago;32.59566;1399.8;equality;foster;50%;linear;166.567357177561;10.2202168741213;2°C;consumption_based
Tunisia;31.10463;13145.141;equality;foster;50%;linear;1564.18873846006;100.575942453588;2°C;consumption_based
Turkmenistan;101.6677;9639.708;equality;foster;50%;linear;1147.06435599614;22.5649710969391;2°C;consumption_based
Uganda;50.1081;85431.202;equality;foster;50%;linear;10165.7733516519;405.753694578398;2°C;consumption_based
Ukraine;252.1204;31990.132;equality;foster;50%;linear;3806.62361980377;30.196871175865;2°C;consumption_based
Uruguay;31.57455;3254.354;equality;foster;50%;linear;387.247567581243;24.5290949566181;2°C;consumption_based
Uzbekistan;165.7009;52210.754;equality;foster;50%;linear;6212.74990000555;74.9875214921047;2°C;consumption_based
Vanuatu;0.5712391;534.388;equality;foster;50%;linear;63.588796161882;222.634606636282;2°C;consumption_based
Viet Nam;237.3877;110008.908;equality;foster;50%;linear;13090.3651032643;110.286801744693;2°C;consumption_based
Yemen;45.34253;70976.403;equality;foster;50%;linear;8445.74358456887;372.530760174559;2°C;consumption_based
Zambia;39.16851;38083.386;equality;foster;50%;linear;4531.68235347401;231.394166051964;2°C;consumption_based
Zimbabwe;22.44673;25866.385;equality;foster;50%;linear;3077.93641176404;274.243634753395;2°C;consumption_based
Afghanistan;36.29291;76885.134;equality;foster;50%;exponential;9148.84524690858;755.174797830073;2°C;consumption_based
Albania;10.69817;2240.166;equality;foster;50%;exponential;266.565602413936;74.6444651908494;2°C;consumption_based
Algeria;229.2533;59565.554;equality;foster;50%;exponential;7087.9246382321;92.6203661682095;2°C;consumption_based
Andorra;0.7052279;82.195;equality;foster;50%;exponential;9.78068575740078;41.5473012070784;2°C;consumption_based
Angola;63.06419;74295.394;equality;foster;50%;exponential;8840.68254682498;419.958109757203;2°C;consumption_based
Argentina;329.7293;48308.943;equality;foster;50%;exponential;5748.45903954238;52.2272187153531;2°C;consumption_based
Armenia;13.76886;2495.207;equality;foster;50%;exponential;296.91387026786;64.6004435826386;2°C;consumption_based
Aruba;0.8570806;100.002;equality;foster;50%;exponential;11.8996062669456;41.5923946201492;2°C;consumption_based
Australia;516.071;32506.969;equality;foster;50%;exponential;3868.1239578389;22.454010743881;2°C;consumption_based
Austria;104.6011;8724.332;equality;foster;50%;exponential;1038.14039461325;29.7319118500951;2°C;consumption_based
Azerbaijan;61.16201;11224.923;equality;foster;50%;exponential;1335.69492686928;65.4227092936389;2°C;consumption_based
Bahamas;3.216727;424.265;equality;foster;50%;exponential;50.4848548313601;47.0164577049882;2°C;consumption_based
Bahrain;29.84191;2139.464;equality;foster;50%;exponential;254.582700569033;25.5567291900279;2°C;consumption_based
Bangladesh;198.2366;214709.096;equality;foster;50%;exponential;25549.026062797;386.094404031309;2°C;consumption_based
Barbados;4.262979;264.216;equality;foster;50%;exponential;31.4400348935751;22.0939223984792;2°C;consumption_based
Belarus;37.69015;7453.546;equality;foster;50%;exponential;886.924888427904;70.4955940074991;2°C;consumption_based
Belgium;135.3539;11870.906;equality;foster;50%;exponential;1412.56282306276;31.263672767993;2°C;consumption_based
Belize;1.471538;516.627;equality;foster;50%;exponential;61.4753493617458;125.150480728998;2°C;consumption_based
Benin;17.1341;24433.809;equality;foster;50%;exponential;2907.46891763916;508.342922647045;2°C;consumption_based
Bermuda;0;56.937;equality;foster;50%;exponential;6.77514331734446;inf;2°C;consumption_based
Bhutan;3.675114;882.34;equality;foster;50%;exponential;104.992886078046;85.5838968036312;2°C;consumption_based
Bosnia and Herzegovina;26.34888;2455.167;equality;foster;50%;exponential;292.149363208716;33.2158815123298;2°C;consumption_based
Botswana;18.26959;3437.43;equality;foster;50%;exponential;409.032455052767;67.0705651595134;2°C;consumption_based
Brazil;1077.661;217489.3;equality;foster;50%;exponential;25879.8527756806;71.9420209091098;2°C;consumption_based
British Virgin Islands;0.2776416;40.34;equality;foster;50%;exponential;4.80020516398257;51.7938577267352;2°C;consumption_based
Bulgaria;57.15165;5402.217;equality;foster;50%;exponential;642.829696092078;33.6953642980026;2°C;consumption_based
Burkina Faso;29.78411;37304.383;equality;foster;50%;exponential;4438.98591759503;446.480132365584;2°C;consumption_based
Burundi;4.499215;24131.72;equality;foster;50%;exponential;2871.52223499706;1911.95838243084;2°C;consumption_based
Cambodia;40.78146;21931.455;equality;foster;50%;exponential;2609.70459952036;191.704178644547;2°C;consumption_based
Cameroon;38.30513;51096.317;equality;foster;50%;exponential;6080.13893713164;475.50989754264;2°C;consumption_based
Canada;672.7777;45621.882;equality;foster;50%;exponential;5428.71575525542;24.1728865150698;2°C;consumption_based
Cayman Islands;0;103.958;equality;foster;50%;exponential;12.3703452760858;inf;2°C;consumption_based
Central African Republic;9.32562;10616.752;equality;foster;50%;exponential;1263.32641980967;405.8269292398;2°C;consumption_based
Chad;49.86327;38857.686;equality;foster;50%;exponential;4623.8191620628;277.794141677208;2°C;consumption_based
Chile;120.2864;20320.306;equality;foster;50%;exponential;2417.98804647759;60.2199818757622;2°C;consumption_based
China;12046.22;1260289.093;equality;foster;50%;exponential;149966.440563449;37.294629016068;2°C;consumption_based
Colombia;192.7321;59385.356;equality;foster;50%;exponential;7066.48221457966;109.83789846482;2°C;consumption_based
Congo;20.37865;11006.472;equality;foster;50%;exponential;1309.70063786885;192.530539047384;2°C;consumption_based
Costa Rica;20.15067;5354.15;equality;foster;50%;exponential;637.110026741133;94.7170029042834;2°C;consumption_based
Croatia;23.31505;3234.159;equality;foster;50%;exponential;384.844490157182;49.4483631587022;2°C;consumption_based
Cuba;41.99676;9382;equality;foster;50%;exponential;1116.3987319902;79.6354697738059;2°C;consumption_based
Cyprus;10.44542;1508.481;equality;foster;50%;exponential;179.499709617491;51.480272999524;2°C;consumption_based
Denmark;60.05671;6124.838;equality;foster;50%;exponential;728.817030147662;36.3546504417096;2°C;consumption_based
Djibouti;1.718966;1530.539;equality;foster;50%;exponential;182.124472272601;317.397877207007;2°C;consumption_based
Dominican Republic;36.86521;12996.293;equality;foster;50%;exponential;1546.47676676328;125.669441744511;2°C;consumption_based
Ecuador;64.94059;21337.238;equality;foster;50%;exponential;2538.99653031049;117.12480358267;2°C;consumption_based
Egypt;359.3699;161630.192;equality;foster;50%;exponential;19232.9717970722;160.327379474027;2°C;consumption_based
El Salvador;15.27658;6663.345;equality;foster;50%;exponential;792.89596128898;155.486635150277;2°C;consumption_based
Eritrea;6.147011;5696.062;equality;foster;50%;exponential;677.79539481321;330.322092982785;2°C;consumption_based
Estonia;12.3808;1174.267;equality;foster;50%;exponential;139.730354915576;33.8099907773119;2°C;consumption_based
Ethiopia;15.46353;225021.874;equality;foster;50%;exponential;26776.1814968725;5187.31952359649;2°C;consumption_based
Fiji;3.433959;1000.261;equality;foster;50%;exponential;119.02474014701;103.835326924338;2°C;consumption_based
Finland;64.9849;5351.645;equality;foster;50%;exponential;636.811947565729;29.3563289857709;2°C;consumption_based
France;561.8057;68219.675;equality;foster;50%;exponential;8117.71036738257;43.2862944162578;2°C;consumption_based
French Polynesia;0;284.75;equality;foster;50%;exponential;33.8834511761041;inf;2°C;consumption_based
Gabon;14.30998;4084.533;equality;foster;50%;exponential;486.033624170977;101.749032071422;2°C;consumption_based
Gambia;2.508158;4301.896;equality;foster;50%;exponential;511.898448044521;611.409130361473;2°C;consumption_based
Georgia;17.8212;3664.014;equality;foster;50%;exponential;435.99451967537;73.2903987208593;2°C;consumption_based
Germany;872.121;78294.613;equality;foster;50%;exponential;9316.56434394192;32.0023626122856;2°C;consumption_based
Ghana;54.33566;50553.047;equality;foster;50%;exponential;6015.49323907917;331.657096603875;2°C;consumption_based
Greece;83.41989;8812.07;equality;foster;50%;exponential;1048.58066235438;37.6560905515417;2°C;consumption_based
Greenland;0;49.898;equality;foster;50%;exponential;5.93754678414483;inf;2°C;consumption_based
Guatemala;40.88083;24670.857;equality;foster;50%;exponential;2935.67613215854;215.125273479269;2°C;consumption_based
Guinea;25.79336;23404.584;equality;foster;50%;exponential;2784.99764446366;323.459499859329;2°C;consumption_based
Guyana;3.330323;940.608;equality;foster;50%;exponential;111.926409987192;100.681392964486;2°C;consumption_based
Haiti;14.31872;14710.861;equality;foster;50%;exponential;1750.49952748711;366.235803852169;2°C;consumption_based
Honduras;16.61826;14846.778;equality;foster;50%;exponential;1766.67279187166;318.473696970662;2°C;consumption_based
Hungary;60.08714;8725.347;equality;foster;50%;exponential;1038.26117320128;51.7640297896874;2°C;consumption_based
Iceland;6.905605;432.993;equality;foster;50%;exponential;51.5234316948018;22.351467709545;2°C;consumption_based
India;2949.414;1679589.259;equality;foster;50%;exponential;199860.511512679;202.999166799758;2°C;consumption_based
Indonesia;847.1642;320712.949;equality;foster;50%;exponential;38162.8149218116;134.950905988401;2°C;consumption_based
Iraq;404.6027;71928.75;equality;foster;50%;exponential;8559.0668613984;63.3724708910683;2°C;consumption_based
Ireland;58.80573;5970.042;equality;foster;50%;exponential;710.397284025603;36.1896718364112;2°C;consumption_based
Israel;96.33576;13092.722;equality;foster;50%;exponential;1557.95120860159;48.4472714621262;2°C;consumption_based
Italy;480.3724;51891.098;equality;foster;50%;exponential;6174.71285533777;38.5071802223943;2°C;consumption_based
Jamaica;12.76953;2454.94;equality;foster;50%;exponential;292.122351642721;68.5319159469916;2°C;consumption_based
Japan;1258.371;105123.167;equality;foster;50%;exponential;12508.9927884879;29.7794477194145;2°C;consumption_based
Jordan;33.45501;16367.355;equality;foster;50%;exponential;1947.61184907625;174.399101140125;2°C;consumption_based
Kazakhstan;260.4604;26544.264;equality;foster;50%;exponential;3158.59973046397;36.3292045615758;2°C;consumption_based
Kenya;79.74114;83593.239;equality;foster;50%;exponential;9947.0673654395;373.69356312015;2°C;consumption_based
Kuwait;120.129;6367.756;equality;foster;50%;exponential;757.722737585052;18.8958075018457;2°C;consumption_based
Kyrgyzstan;24.1211;9642.952;equality;foster;50%;exponential;1147.45037150313;142.508182056931;2°C;consumption_based
Latvia;16.48173;1513.81;equality;foster;50%;exponential;180.13382695311;32.7412667822019;2°C;consumption_based
Lebanon;35.63768;6999.26;equality;foster;50%;exponential;832.867724245331;70.011536136;2°C;consumption_based
Lesotho;4.251056;2993.076;equality;foster;50%;exponential;356.157136127722;250.985032225964;2°C;consumption_based
Liberia;4.860882;8910.53;equality;foster;50%;exponential;1060.29678036246;653.45451390863;2°C;consumption_based
Libya;56.0342;9260.606;equality;foster;50%;exponential;1101.95361286088;58.9132708597029;2°C;consumption_based
Liechtenstein;1.370673;43.013;equality;foster;50%;exponential;5.11827527809575;11.186462734383;2°C;consumption_based
Lithuania;26.37468;2258.774;equality;foster;50%;exponential;268.7798368634;30.5289934047452;2°C;consumption_based
Luxembourg;8.842451;791.464;equality;foster;50%;exponential;94.1792161602951;31.9069585287398;2°C;consumption_based
Madagascar;31.88092;53185.475;equality;foster;50%;exponential;6328.73554149395;594.687898355556;2°C;consumption_based
Malawi;16.42;37361.682;equality;foster;50%;exponential;4445.80413662555;811.110775516991;2°C;consumption_based
Malaysia;233.1968;44289.772;equality;foster;50%;exponential;5270.20308046631;67.702976440228;2°C;consumption_based
Maldives;2.901473;589.962;equality;foster;50%;exponential;70.2017510895758;72.4823740903486;2°C;consumption_based
Mali;73.55506;46154.079;equality;foster;50%;exponential;5492.04383625829;223.678601690383;2°C;consumption_based
Malta;2.956266;535.722;equality;foster;50%;exponential;63.7475337347316;64.5985659506306;2°C;consumption_based
Mauritania;8.741203;9415.598;equality;foster;50%;exponential;1120.39668174477;383.975580785117;2°C;consumption_based
Mauritius;9.153498;1107.197;equality;foster;50%;exponential;131.749448610461;43.1186061574823;2°C;consumption_based
Mexico;597.8052;148946.274;equality;foster;50%;exponential;17723.6656819723;88.8171553027069;2°C;consumption_based
Monaco;1.08342;36.757;equality;foster;50%;exponential;4.37385079852522;12.0940041690682;2°C;consumption_based
Mongolia;44.70931;4501.493;equality;foster;50%;exponential;535.649230149514;35.8909964404114;2°C;consumption_based
Montenegro;4.889849;533.295;equality;foster;50%;exponential;63.4587360665862;38.8775570929934;2°C;consumption_based
Morocco;84.54553;43440.431;equality;foster;50%;exponential;5169.13686692684;183.159891938349;2°C;consumption_based
Mozambique;46.50852;63530.951;equality;foster;50%;exponential;7559.78183100951;486.944809514091;2°C;consumption_based
Myanmar;76.01056;58623.231;equality;foster;50%;exponential;6975.79415407891;274.930373898619;2°C;consumption_based
Namibia;15.53063;4512.3;equality;foster;50%;exponential;536.935194879488;103.570434174756;2°C;consumption_based
Nepal;51.71283;34642.027;equality;foster;50%;exponential;4122.18237224154;238.798665050807;2°C;consumption_based
Netherlands;199.7464;18958.475;equality;foster;50%;exponential;2255.9387604421;33.833844073374;2°C;consumption_based
New Caledonia;0;340.581;equality;foster;50%;exponential;40.5269874802764;inf;2°C;consumption_based
New Zealand;79.7114;5755.288;equality;foster;50%;exponential;684.842914670474;25.7379248362608;2°C;consumption_based
Nicaragua;16.31699;8756.43;equality;foster;50%;exponential;1041.95985384363;191.299544947135;2°C;consumption_based
Niger;34.38707;52513.876;equality;foster;50%;exponential;6248.81950312197;544.384568301868;2°C;consumption_based
Nigeria;449.8309;359185.556;equality;foster;50%;exponential;42740.8121154971;284.6403620834;2°C;consumption_based
Norway;76.82043;5899.829;equality;foster;50%;exponential;702.042380575462;27.3772356766629;2°C;consumption_based
Oman;65.19586;7827.002;equality;foster;50%;exponential;931.363793230092;42.7959163940632;2°C;consumption_based
Pakistan;578.9303;371863.793;equality;foster;50%;exponential;44249.442227485;228.973128833712;2°C;consumption_based
Panama;21.22502;5630.68;equality;foster;50%;exponential;670.015349844655;94.5670066415109;2°C;consumption_based
Papua New Guinea;17.17362;14906.59;equality;foster;50%;exponential;1773.79004202704;309.41642329393;2°C;consumption_based
Paraguay;29.96962;8640.464;equality;foster;50%;exponential;1028.16063242453;102.773875309458;2°C;consumption_based
Peru;99.16215;40583.876;equality;foster;50%;exponential;4829.22486736808;145.893012519636;2°C;consumption_based
Philippines;260.8678;134373.439;equality;foster;50%;exponential;15989.5903765468;183.619948234046;2°C;consumption_based
Poland;340.3965;32814.096;equality;foster;50%;exponential;3904.67013065493;34.3638854335613;2°C;consumption_based
Portugal;63.02308;9770.27;equality;foster;50%;exponential;1162.60040920932;55.262922204301;2°C;consumption_based
Qatar;162.3337;4164.46;equality;foster;50%;exponential;495.544432255797;9.14485685158831;2°C;consumption_based
Romania;116.8046;16027.266;equality;foster;50%;exponential;1907.14340648791;48.9132367484802;2°C;consumption_based
Rwanda;8.712675;22707.91;equality;foster;50%;exponential;2702.09783949558;929.078808067259;2°C;consumption_based
Samoa;0.6925006;272.726;equality;foster;50%;exponential;32.4526711341674;140.389068658798;2°C;consumption_based
San Marino;0.566147;33.696;equality;foster;50%;exponential;4.00961113548728;21.2166124398446;2°C;consumption_based
Sao Tome and Principe;0.2998609;365.115;equality;foster;50%;exponential;43.4463784939885;434.046980528249;2°C;consumption_based
Saudi Arabia;703.8256;47693.909;equality;foster;50%;exponential;5675.27387883775;24.1559856874944;2°C;consumption_based
Senegal;28.29428;30364.954;equality;foster;50%;exponential;3613.23770438506;382.561167948025;2°C;consumption_based
Serbia;73.73461;5532.87;equality;foster;50%;exponential;658.376577730398;26.7489034262062;2°C;consumption_based
Seychelles;0.9971907;141.747;equality;foster;50%;exponential;16.8669975552563;50.6713599858457;2°C;consumption_based
Sierra Leone;7.612386;12948.325;equality;foster;50%;exponential;1540.76887778693;606.344850783166;2°C;consumption_based
Singapore;98.39144;6081.692;equality;foster;50%;exponential;723.682928709754;22.0340337061423;2°C;consumption_based
Slovakia;47.49821;4936.488;equality;foster;50%;exponential;587.410887197273;37.0482540839719;2°C;consumption_based
Slovenia;16.40035;1981.553;equality;foster;50%;exponential;235.792289125066;43.0704570565344;2°C;consumption_based
Somalia;27.54213;37206.512;equality;foster;50%;exponential;4427.33988686613;481.557707594791;2°C;consumption_based
South Africa;442.3963;79177.328;equality;foster;50%;exponential;9421.60185265101;63.7993508050648;2°C;consumption_based
South Sudan;0;18341.974;equality;foster;50%;exponential;2182.57903600481;inf;2°C;consumption_based
Spain;347.0203;44928.558;equality;foster;50%;exponential;5346.2145791247;46.1524226566248;2°C;consumption_based
Sri Lanka;52.34435;24813.69;equality;foster;50%;exponential;2952.67235685331;168.985112484083;2°C;consumption_based
Sudan;0;85206.383;equality;foster;50%;exponential;10139.0213108795;inf;2°C;consumption_based
Suriname;3.667079;733.905;equality;foster;50%;exponential;87.3300587722516;71.3421978406794;2°C;consumption_based
Sweden;98.71911;11309.63;equality;foster;50%;exponential;1345.77452475786;40.838903194568;2°C;consumption_based
Switzerland;98.65993;9342.586;equality;foster;50%;exponential;1111.70871497648;33.7561731114778;2°C;consumption_based
Tajikistan;16.7698;15574.642;equality;foster;50%;exponential;1853.28400980614;331.067914956518;2°C;consumption_based
Thailand;283.2797;66382.735;equality;foster;50%;exponential;7899.12611170765;83.5346374121254;2°C;consumption_based
Togo;13.54584;15584.778;equality;foster;50%;exponential;1854.49012977496;410.130042341721;2°C;consumption_based
Trinidad and Tobago;32.59566;1399.8;equality;foster;50%;exponential;166.567357177561;15.3085167662632;2°C;consumption_based
Tunisia;31.10463;13145.141;equality;foster;50%;exponential;1564.18873846006;150.64929837566;2°C;consumption_based
Turkmenistan;101.6677;9639.708;equality;foster;50%;exponential;1147.06435599614;33.7993060834567;2°C;consumption_based
Uganda;50.1081;85431.202;equality;foster;50%;exponential;10165.7733516519;607.764718981138;2°C;consumption_based
Ukraine;252.1204;31990.132;equality;foster;50%;exponential;3806.62361980377;45.2308707709454;2°C;consumption_based
Uruguay;31.57455;3254.354;equality;foster;50%;exponential;387.247567581243;36.7413007013056;2°C;consumption_based
Uzbekistan;165.7009;52210.754;equality;foster;50%;exponential;6212.74990000555;112.321269123861;2°C;consumption_based
Vanuatu;0.5712391;534.388;equality;foster;50%;exponential;63.588796161882;333.476838155154;2°C;consumption_based
Viet Nam;237.3877;110008.908;equality;foster;50%;exponential;13090.3651032643;165.194865666814;2°C;consumption_based
Yemen;45.34253;70976.403;equality;foster;50%;exponential;8445.74358456887;558.001210573264;2°C;consumption_based
Zambia;39.16851;38083.386;equality;foster;50%;exponential;4531.68235347401;346.59748557699;2°C;consumption_based
Zimbabwe;22.44673;25866.385;equality;foster;50%;exponential;3077.93641176404;410.780253723749;2°C;consumption_based
Afghanistan;36.29291;76885.134;responsability;foster;50%;linear;15127.6227182451;833.640659745668;2°C;consumption_based
Albania;10.69817;2240.166;responsability;foster;50%;linear;155.210528662233;29.0162763654407;2°C;consumption_based
Algeria;229.2533;59565.554;responsability;foster;50%;linear;8029.49857214892;70.0491427791785;2°C;consumption_based
Andorra;0.7052279;82.195;responsability;foster;50%;linear;-14.889049624717;-15;2°C;consumption_based
Angola;63.06419;74295.394;responsability;foster;50%;linear;13471.0203232743;427.216153042615;2°C;consumption_based
Argentina;329.7293;48308.943;responsability;foster;50%;linear;201.504844204352;1.22224409055763;2°C;consumption_based
Armenia;13.76886;2495.207;responsability;foster;50%;linear;113.258827563822;16.4514458806062;2°C;consumption_based
Aruba;0.8570806;100.002;responsability;foster;50%;linear;-36.9532669599239;-18;2°C;consumption_based
Australia;516.071;32506.969;responsability;foster;50%;linear;-9867.40756141669;-17;2°C;consumption_based
Austria;104.6011;8724.332;responsability;foster;50%;linear;-1956.16559091422;-16;2°C;consumption_based
Azerbaijan;61.16201;11224.923;responsability;foster;50%;linear;473.728877650143;15.4909519046265;2°C;consumption_based
Bahamas;3.216727;424.265;responsability;foster;50%;linear;-39.9309340873295;-10;2°C;consumption_based
Bahrain;29.84191;2139.464;responsability;foster;50%;linear;-629.249670010603;-17;2°C;consumption_based
Bangladesh;198.2366;214709.096;responsability;foster;50%;linear;40743.7313844281;411.061644362626;2°C;consumption_based
Barbados;4.262979;264.216;responsability;foster;50%;linear;-124.654231526166;-21;2°C;consumption_based
Belarus;37.69015;7453.546;responsability;foster;50%;linear;1323.66322829179;70.2392125418333;2°C;consumption_based
Belgium;135.3539;11870.906;responsability;foster;50%;linear;-2090.05744242082;-14;2°C;consumption_based
Belize;1.471538;516.627;responsability;foster;50%;linear;59.4226237094816;80.7626085218073;2°C;consumption_based
Benin;17.1341;24433.809;responsability;foster;50%;linear;4690.30963124655;547.482462603411;2°C;consumption_based
Bermuda;0;56.937;responsability;foster;50%;linear;11.7807559960702;inf;2°C;consumption_based
Bhutan;3.675114;882.34;responsability;foster;50%;linear;112.649191207643;61.3037806215769;2°C;consumption_based
Bosnia and Herzegovina;26.34888;2455.167;responsability;foster;50%;linear;-205.456145510043;-6;2°C;consumption_based
Botswana;18.26959;3437.43;responsability;foster;50%;linear;65.4907015568358;7.16936740855551;2°C;consumption_based
Brazil;1077.661;217489.3;responsability;foster;50%;linear;15218.0627424611;28.2427641762319;2°C;consumption_based
British Virgin Islands;0.2776416;40.34;responsability;foster;50%;linear;-6.4908792406665;-14;2°C;consumption_based
Bulgaria;57.15165;5402.217;responsability;foster;50%;linear;-548.926185160048;-9;2°C;consumption_based
Burkina Faso;29.78411;37304.383;responsability;foster;50%;linear;7112.23973439287;477.586185008911;2°C;consumption_based
Burundi;4.499215;24131.72;responsability;foster;50%;linear;4882.88632667455;2170.55034119265;2°C;consumption_based
Cambodia;40.78146;21931.455;responsability;foster;50%;linear;3645.71535978825;178.792782788466;2°C;consumption_based
Cameroon;38.30513;51096.317;responsability;foster;50%;linear;9527.94250703011;497.476056446231;2°C;consumption_based
Canada;672.7777;45621.882;responsability;foster;50%;linear;-13476.3611344011;-17;2°C;consumption_based
Cayman Islands;0;103.958;responsability;foster;50%;linear;21.5098061337876;inf;2°C;consumption_based
Central African Republic;9.32562;10616.752;responsability;foster;50%;linear;1617.22715839356;346.835311409549;2°C;consumption_based
Chad;49.86327;38857.686;responsability;foster;50%;linear;7181.24160081289;288.037330917643;2°C;consumption_based
Chile;120.2864;20320.306;responsability;foster;50%;linear;1245.11584643819;20.7025207577613;2°C;consumption_based
China;12046.22;1260289.093;responsability;foster;50%;linear;25096.8668009487;4.16676215459268;2°C;consumption_based
Colombia;192.7321;59385.356;responsability;foster;50%;linear;7430.47755296139;77.1067980161208;2°C;consumption_based
Congo;20.37865;11006.472;responsability;foster;50%;linear;1827.81805608953;179.385587964809;2°C;consumption_based
Costa Rica;20.15067;5354.15;responsability;foster;50%;linear;566.712504287567;56.2475098135762;2°C;consumption_based
Croatia;23.31505;3234.159;responsability;foster;50%;linear;-313.538100179069;-10;2°C;consumption_based
Cuba;41.99676;9382;responsability;foster;50%;linear;505.442966218813;24.0705695495944;2°C;consumption_based
Cyprus;10.44542;1508.481;responsability;foster;50%;linear;-101.670701666211;-7;2°C;consumption_based
Denmark;60.05671;6124.838;responsability;foster;50%;linear;-1417.52698254723;-17;2°C;consumption_based
Djibouti;1.718966;1530.539;responsability;foster;50%;linear;259.999201634671;302.506508720558;2°C;consumption_based
Dominican Republic;36.86521;12996.293;responsability;foster;50%;linear;1748.84145672138;94.87760719233;2°C;consumption_based
Ecuador;64.94059;21337.238;responsability;foster;50%;linear;2679.66505139043;82.5266617192861;2°C;consumption_based
Egypt;359.3699;161630.192;responsability;foster;50%;linear;25078.7757907104;139.570819875067;2°C;consumption_based
El Salvador;15.27658;6663.345;responsability;foster;50%;linear;902.809637729092;118.195255447108;2°C;consumption_based
Eritrea;6.147011;5696.062;responsability;foster;50%;linear;1000.15940576328;325.413247434655;2°C;consumption_based
Estonia;12.3808;1174.267;responsability;foster;50%;linear;-331.750557598796;-19;2°C;consumption_based
Ethiopia;15.46353;225021.874;responsability;foster;50%;linear;46173.9892543043;5971.98560151586;2°C;consumption_based
Fiji;3.433959;1000.261;responsability;foster;50%;linear;112.178850377754;65.3349969395405;2°C;consumption_based
Finland;64.9849;5351.645;responsability;foster;50%;linear;-1462.63359780109;-18;2°C;consumption_based
France;561.8057;68219.675;responsability;foster;50%;linear;-8834.69530975973;-12;2°C;consumption_based
French Polynesia;0;284.75;responsability;foster;50%;linear;58.9172290405358;inf;2°C;consumption_based
Gabon;14.30998;4084.533;responsability;foster;50%;linear;321.310139138286;44.9071402109976;2°C;consumption_based
Gambia;2.508158;4301.896;responsability;foster;50%;linear;823.998192122264;657.054453604808;2°C;consumption_based
Georgia;17.8212;3664.014;responsability;foster;50%;linear;33.7253239094987;3.78485443286633;2°C;consumption_based
Germany;872.121;78294.613;responsability;foster;50%;linear;-19770.900009443;-18;2°C;consumption_based
Ghana;54.33566;50553.047;responsability;foster;50%;linear;9584.88907200517;352.80289489463;2°C;consumption_based
Greece;83.41989;8812.07;responsability;foster;50%;linear;-3155.5756525681;-20;2°C;consumption_based
Greenland;0;49.898;responsability;foster;50%;linear;10.3243262323605;inf;2°C;consumption_based
Guatemala;40.88083;24670.857;responsability;foster;50%;linear;4182.53349238035;204.620771759299;2°C;consumption_based
Guinea;25.79336;23404.584;responsability;foster;50%;linear;4320.73191665043;335.026682576479;2°C;consumption_based
Guyana;3.330323;940.608;responsability;foster;50%;linear;-1111.98061442543;-26;2°C;consumption_based
Haiti;14.31872;14710.861;responsability;foster;50%;linear;2699.96685646;377.124052493519;2°C;consumption_based
Honduras;16.61826;14846.778;responsability;foster;50%;linear;2620.04200112375;315.320858034927;2°C;consumption_based
Hungary;60.08714;8725.347;responsability;foster;50%;linear;-411.132138666718;-5;2°C;consumption_based
Iceland;6.905605;432.993;responsability;foster;50%;linear;-106.992639667432;-15;2°C;consumption_based
India;2949.414;1679589.259;responsability;foster;50%;linear;284404.080770946;192.854635375668;2°C;consumption_based
Indonesia;847.1642;320712.949;responsability;foster;50%;linear;47487.0849255441;112.108337263411;2°C;consumption_based
Iraq;404.6027;71928.75;responsability;foster;50%;linear;8699.85350339575;43.004426334257;2°C;consumption_based
Ireland;58.80573;5970.042;responsability;foster;50%;linear;-885.00726901451;-12;2°C;consumption_based
Israel;96.33576;13092.722;responsability;foster;50%;linear;-184.170192131477;0;2°C;consumption_based
Italy;480.3724;51891.098;responsability;foster;50%;linear;-9946.6360144657;-16;2°C;consumption_based
Jamaica;12.76953;2454.94;responsability;foster;50%;linear;-8.34572676638106;1;2°C;consumption_based
Japan;1258.371;105123.167;responsability;foster;50%;linear;-34266.5647722371;-19;2°C;consumption_based
Jordan;33.45501;16367.355;responsability;foster;50%;linear;2390.01417710363;142.879298323547;2°C;consumption_based
Kazakhstan;260.4604;26544.264;responsability;foster;50%;linear;-5159.61631387024;-9;2°C;consumption_based
Kenya;79.74114;83593.239;responsability;foster;50%;linear;15401.5341047261;386.288284936134;2°C;consumption_based
Kuwait;120.129;6367.756;responsability;foster;50%;linear;-1649.45032482442;-13;2°C;consumption_based
Kyrgyzstan;24.1211;9642.952;responsability;foster;50%;linear;1430.82446996275;118.636751223016;2°C;consumption_based
Latvia;16.48173;1513.81;responsability;foster;50%;linear;-221.761354639672;-12;2°C;consumption_based
Lebanon;35.63768;6999.26;responsability;foster;50%;linear;468.096035221284;26.2697254827634;2°C;consumption_based
Lesotho;4.251056;2993.076;responsability;foster;50%;linear;463.064449412575;217.858550634278;2°C;consumption_based
Liberia;4.860882;8910.53;responsability;foster;50%;linear;1770.61791458267;728.517135195905;2°C;consumption_based
Libya;56.0342;9260.606;responsability;foster;50%;linear;184.349621417595;6.57989661376784;2°C;consumption_based
Liechtenstein;1.370673;43.013;responsability;foster;50%;linear;-11.410733104142;-14;2°C;consumption_based
Lithuania;26.37468;2258.774;responsability;foster;50%;linear;-484.111762769772;-15;2°C;consumption_based
Luxembourg;8.842451;791.464;responsability;foster;50%;linear;-382.810410382481;-21;2°C;consumption_based
Madagascar;31.88092;53185.475;responsability;foster;50%;linear;10134.5032620709;635.772321631302;2°C;consumption_based
Malawi;16.42;37361.682;responsability;foster;50%;linear;7411.48658430874;902.738926225182;2°C;consumption_based
Malaysia;233.1968;44289.772;responsability;foster;50%;linear;3524.59178617071;30.2284747146677;2°C;consumption_based
Maldives;2.901473;589.962;responsability;foster;50%;linear;72.9912543272611;50.3132404315057;2°C;consumption_based
Mali;73.55506;46154.079;responsability;foster;50%;linear;8287.66868149424;225.34598385194;2°C;consumption_based
Malta;2.956266;535.722;responsability;foster;50%;linear;-22.8428412254472;-6;2°C;consumption_based
Mauritania;8.741203;9415.598;responsability;foster;50%;linear;1728.48943797405;395.4809053111;2°C;consumption_based
Mauritius;9.153498;1107.197;responsability;foster;50%;linear;-20.7066766233745;-1;2°C;consumption_based
Mexico;597.8052;148946.274;responsability;foster;50%;linear;11738.4889436081;39.2719532838058;2°C;consumption_based
Monaco;1.08342;36.757;responsability;foster;50%;linear;-8.81696951977884;-13;2°C;consumption_based
Mongolia;44.70931;4501.493;responsability;foster;50%;linear;215.136332594798;9.62378227688139;2°C;consumption_based
Montenegro;4.889849;533.295;responsability;foster;50%;linear;-44.2469914418874;-8;2°C;consumption_based
Morocco;84.54553;43440.431;responsability;foster;50%;linear;6982.10101345599;165.167833555624;2°C;consumption_based
Mozambique;46.50852;63530.951;responsability;foster;50%;linear;12114.3101561459;520.950146603072;2°C;consumption_based
Myanmar;76.01056;58623.231;responsability;foster;50%;linear;10630.5206022941;279.711676964203;2°C;consumption_based
Namibia;15.53063;4512.3;responsability;foster;50%;linear;429.454018031992;55.3041335775808;2°C;consumption_based
Nepal;51.71283;34642.027;responsability;foster;50%;linear;6093.27699920079;235.658230238059;2°C;consumption_based
Netherlands;199.7464;18958.475;responsability;foster;50%;linear;-3800.56013403241;-15;2°C;consumption_based
New Caledonia;0;340.581;responsability;foster;50%;linear;70.4691441048454;inf;2°C;consumption_based
New Zealand;79.7114;5755.288;responsability;foster;50%;linear;-1260.65377241353;-15;2°C;consumption_based
Nicaragua;16.31699;8756.43;responsability;foster;50%;linear;1349.81874191368;165.44947835522;2°C;consumption_based
Niger;34.38707;52513.876;responsability;foster;50%;linear;10266.3460419773;597.105018949119;2°C;consumption_based
Nigeria;449.8309;359185.556;responsability;foster;50%;linear;63287.2095795582;281.382224207177;2°C;consumption_based
Norway;76.82043;5899.829;responsability;foster;50%;linear;-1397.19517382618;-15;2°C;consumption_based
Oman;65.19586;7827.002;responsability;foster;50%;linear;263.920918690893;8.09624778907413;2°C;consumption_based
Pakistan;578.9303;371863.793;responsability;foster;50%;linear;66246.3503788003;228.857775724644;2°C;consumption_based
Panama;21.22502;5630.68;responsability;foster;50%;linear;623.581068486266;58.7590559147898;2°C;consumption_based
Papua New Guinea;17.17362;14906.59;responsability;foster;50%;linear;2733.13826239723;318.294950324652;2°C;consumption_based
Paraguay;29.96962;8640.464;responsability;foster;50%;linear;738.802877092201;49.303453102989;2°C;consumption_based
Peru;99.16215;40583.876;responsability;foster;50%;linear;5727.99800551257;115.527910710136;2°C;consumption_based
Philippines;260.8678;134373.439;responsability;foster;50%;linear;22435.3857600877;172.005788066505;2°C;consumption_based
Poland;340.3965;32814.096;responsability;foster;50%;linear;-5450.77913822606;-13;2°C;consumption_based
Portugal;63.02308;9770.27;responsability;foster;50%;linear;-951.849134581648;-11;2°C;consumption_based
Qatar;162.3337;4164.46;responsability;foster;50%;linear;-2068.78932573257;-12;2°C;consumption_based
Romania;116.8046;16027.266;responsability;foster;50%;linear;-1211.49789796105;-9;2°C;consumption_based
Rwanda;8.712675;22707.91;responsability;foster;50%;linear;4497.73314895478;1032.45745972501;2°C;consumption_based
Samoa;0.6925006;272.726;responsability;foster;50%;linear;38.4458601149576;111.034878857744;2°C;consumption_based
San Marino;0.566147;33.696;responsability;foster;50%;linear;-16.315040900176;-20;2°C;consumption_based
Sao Tome and Principe;0.2998609;365.115;responsability;foster;50%;linear;66.1160356444609;440.978037779923;2°C;consumption_based
Saudi Arabia;703.8256;47693.909;responsability;foster;50%;linear;-4671.33959089913;-5;2°C;consumption_based
Senegal;28.29428;30364.954;responsability;foster;50%;linear;5623.78465470881;397.520958632544;2°C;consumption_based
Serbia;73.73461;5532.87;responsability;foster;50%;linear;-1280.34773346265;-15;2°C;consumption_based
Seychelles;0.9971907;141.747;responsability;foster;50%;linear;-1.65930859197953;0;2°C;consumption_based
Sierra Leone;7.612386;12948.325;responsability;foster;50%;linear;2506.4582041222;658.521048229083;2°C;consumption_based
Singapore;98.39144;6081.692;responsability;foster;50%;linear;-2554.45070178931;-17;2°C;consumption_based
Slovakia;47.49821;4936.488;responsability;foster;50%;linear;-992.245289018941;-16;2°C;consumption_based
Slovenia;16.40035;1981.553;responsability;foster;50%;linear;-226.117106823667;-11;2°C;consumption_based
Somalia;27.54213;37206.512;responsability;foster;50%;linear;6822.31348701824;495.409286574295;2°C;consumption_based
South Africa;442.3963;79177.328;responsability;foster;50%;linear;3409.7913314965;15.4150987768049;2°C;consumption_based
South Sudan;0;18341.974;responsability;foster;50%;linear;3795.11249592117;inf;2°C;consumption_based
Spain;347.0203;44928.558;responsability;foster;50%;linear;-5842.26034522564;-12;2°C;consumption_based
Sri Lanka;52.34435;24813.69;responsability;foster;50%;linear;4123.24675104777;157.543144620108;2°C;consumption_based
Sudan;0;85206.383;responsability;foster;50%;linear;17629.9349707695;inf;2°C;consumption_based
Suriname;3.667079;733.905;responsability;foster;50%;linear;42.6777954609111;23.2761800118902;2°C;consumption_based
Sweden;98.71911;11309.63;responsability;foster;50%;linear;-1156.71819402559;-10;2°C;consumption_based
Switzerland;98.65993;9342.586;responsability;foster;50%;linear;-1883.30487006004;-14;2°C;consumption_based
Tajikistan;16.7698;15574.642;responsability;foster;50%;linear;2803.21692662194;334.317275891417;2°C;consumption_based
Thailand;283.2797;66382.735;responsability;foster;50%;linear;4732.68197307179;33.4134918461986;2°C;consumption_based
Togo;13.54584;15584.778;responsability;foster;50%;linear;2919.73694637631;431.089832210673;2°C;consumption_based
Trinidad and Tobago;32.59566;1399.8;responsability;foster;50%;linear;-639.956576203891;-17;2°C;consumption_based
Tunisia;31.10463;13145.141;responsability;foster;50%;linear;1616.53668072744;103.941868508157;2°C;consumption_based
Turkmenistan;101.6677;9639.708;responsability;foster;50%;linear;-289.137827594783;-1;2°C;consumption_based
Uganda;50.1081;85431.202;responsability;foster;50%;linear;16538.795799411;660.124642499356;2°C;consumption_based
Ukraine;252.1204;31990.132;responsability;foster;50%;linear;-5623.074290936;-17;2°C;consumption_based
Uruguay;31.57455;3254.354;responsability;foster;50%;linear;-462.804420633946;-12;2°C;consumption_based
Uzbekistan;165.7009;52210.754;responsability;foster;50%;linear;4619.15056680271;55.7528723960185;2°C;consumption_based
Vanuatu;0.5712391;534.388;responsability;foster;50%;linear;88.2373498778362;308.93315908465;2°C;consumption_based
Viet Nam;237.3877;110008.908;responsability;foster;50%;linear;16893.0087970947;142.324213066597;2°C;consumption_based
Yemen;45.34253;70976.403;responsability;foster;50%;linear;13660.8808315518;602.563678363417;2°C;consumption_based
Zambia;39.16851;38083.386;responsability;foster;50%;linear;6880.70345471865;351.338534691192;2°C;consumption_based
Zimbabwe;22.44673;25866.385;responsability;foster;50%;linear;4537.81866391371;404.318906487824;2°C;consumption_based
Afghanistan;36.29291;76885.134;responsability;foster;50%;exponential;15127.6227182451;1248.68211447347;2°C;consumption_based
Albania;10.69817;2240.166;responsability;foster;50%;exponential;155.210528662233;43.4624977831563;2°C;consumption_based
Algeria;229.2533;59565.554;responsability;foster;50%;exponential;8029.49857214892;104.924238879188;2°C;consumption_based
Andorra;0.7052279;82.195;responsability;foster;50%;exponential;-14.889049624717;-15;2°C;consumption_based
Angola;63.06419;74295.394;responsability;foster;50%;exponential;13471.0203232743;639.912608726671;2°C;consumption_based
Argentina;329.7293;48308.943;responsability;foster;50%;exponential;201.504844204352;1.83075803412207;2°C;consumption_based
Armenia;13.76886;2495.207;responsability;foster;50%;exponential;113.258827563822;24.6420636855794;2°C;consumption_based
Aruba;0.8570806;100.002;responsability;foster;50%;exponential;-36.9532669599239;-18;2°C;consumption_based
Australia;516.071;32506.969;responsability;foster;50%;exponential;-9867.40756141669;-17;2°C;consumption_based
Austria;104.6011;8724.332;responsability;foster;50%;exponential;-1956.16559091422;-16;2°C;consumption_based
Azerbaijan;61.16201;11224.923;responsability;foster;50%;exponential;473.728877650143;23.2033722843811;2°C;consumption_based
Bahamas;3.216727;424.265;responsability;foster;50%;exponential;-39.9309340873295;-10;2°C;consumption_based
Bahrain;29.84191;2139.464;responsability;foster;50%;exponential;-629.249670010603;-17;2°C;consumption_based
Bangladesh;198.2366;214709.096;responsability;foster;50%;exponential;40743.7313844281;615.715317218645;2°C;consumption_based
Barbados;4.262979;264.216;responsability;foster;50%;exponential;-124.654231526166;-21;2°C;consumption_based
Belarus;37.69015;7453.546;responsability;foster;50%;exponential;1323.66322829179;105.208937940294;2°C;consumption_based
Belgium;135.3539;11870.906;responsability;foster;50%;exponential;-2090.05744242082;-14;2°C;consumption_based
Belize;1.471538;516.627;responsability;foster;50%;exponential;59.4226237094816;120.971576422592;2°C;consumption_based
Benin;17.1341;24433.809;responsability;foster;50%;exponential;4690.30963124655;820.055441212926;2°C;consumption_based
Bermuda;0;56.937;responsability;foster;50%;exponential;11.7807559960702;inf;2°C;consumption_based
Bhutan;3.675114;882.34;responsability;foster;50%;exponential;112.649191207643;91.8248570494658;2°C;consumption_based
Bosnia and Herzegovina;26.34888;2455.167;responsability;foster;50%;exponential;-205.456145510043;-6;2°C;consumption_based
Botswana;18.26959;3437.43;responsability;foster;50%;exponential;65.4907015568358;10.7387526633879;2°C;consumption_based
Brazil;1077.661;217489.3;responsability;foster;50%;exponential;15218.0627424611;42.3038800685562;2°C;consumption_based
British Virgin Islands;0.2776416;40.34;responsability;foster;50%;exponential;-6.4908792406665;-14;2°C;consumption_based
Bulgaria;57.15165;5402.217;responsability;foster;50%;exponential;-548.926185160048;-9;2°C;consumption_based
Burkina Faso;29.78411;37304.383;responsability;foster;50%;exponential;7112.23973439287;715.36017391736;2°C;consumption_based
Burundi;4.499215;24131.72;responsability;foster;50%;exponential;4882.88632667455;3251.19385424223;2°C;consumption_based
Cambodia;40.78146;21931.455;responsability;foster;50%;exponential;3645.71535978825;267.807654838967;2°C;consumption_based
Cameroon;38.30513;51096.317;responsability;foster;50%;exponential;9527.94250703011;745.152538808171;2°C;consumption_based
Canada;672.7777;45621.882;responsability;foster;50%;exponential;-13476.3611344011;-17;2°C;consumption_based
Cayman Islands;0;103.958;responsability;foster;50%;exponential;21.5098061337876;inf;2°C;consumption_based
Central African Republic;9.32562;10616.752;responsability;foster;50%;exponential;1617.22715839356;519.512867998868;2°C;consumption_based
Chad;49.86327;38857.686;responsability;foster;50%;exponential;7181.24160081289;431.441364109167;2°C;consumption_based
Chile;120.2864;20320.306;responsability;foster;50%;exponential;1245.11584643819;31.0096047889734;2°C;consumption_based
China;12046.22;1260289.093;responsability;foster;50%;exponential;25096.8668009487;6.24125193136833;2°C;consumption_based
Colombia;192.7321;59385.356;responsability;foster;50%;exponential;7430.47755296139;115.495661663651;2°C;consumption_based
Congo;20.37865;11006.472;responsability;foster;50%;exponential;1827.81805608953;268.695597638319;2°C;consumption_based
Costa Rica;20.15067;5354.15;responsability;foster;50%;exponential;566.712504287567;84.2512402277874;2°C;consumption_based
Croatia;23.31505;3234.159;responsability;foster;50%;exponential;-313.538100179069;-10;2°C;consumption_based
Cuba;41.99676;9382;responsability;foster;50%;exponential;505.442966218813;36.054491021273;2°C;consumption_based
Cyprus;10.44542;1508.481;responsability;foster;50%;exponential;-101.670701666211;-7;2°C;consumption_based
Denmark;60.05671;6124.838;responsability;foster;50%;exponential;-1417.52698254723;-17;2°C;consumption_based
Djibouti;1.718966;1530.539;responsability;foster;50%;exponential;259.999201634671;453.114255567158;2°C;consumption_based
Dominican Republic;36.86521;12996.293;responsability;foster;50%;exponential;1748.84145672138;142.11395495182;2°C;consumption_based
Ecuador;64.94059;21337.238;responsability;foster;50%;exponential;2679.66505139043;123.613891970569;2°C;consumption_based
Egypt;359.3699;161630.192;responsability;foster;50%;exponential;25078.7757907104;209.058404773064;2°C;consumption_based
El Salvador;15.27658;6663.345;responsability;foster;50%;exponential;902.809637729092;177.04067066193;2°C;consumption_based
Eritrea;6.147011;5696.062;responsability;foster;50%;exponential;1000.15940576328;487.425483791004;2°C;consumption_based
Estonia;12.3808;1174.267;responsability;foster;50%;exponential;-331.750557598796;-19;2°C;consumption_based
Ethiopia;15.46353;225021.874;responsability;foster;50%;exponential;46173.9892543043;8945.2350018304;2°C;consumption_based
Fiji;3.433959;1000.261;responsability;foster;50%;exponential;112.178850377754;97.8630794621663;2°C;consumption_based
Finland;64.9849;5351.645;responsability;foster;50%;exponential;-1462.63359780109;-18;2°C;consumption_based
France;561.8057;68219.675;responsability;foster;50%;exponential;-8834.69530975973;-12;2°C;consumption_based
French Polynesia;0;284.75;responsability;foster;50%;exponential;58.9172290405358;inf;2°C;consumption_based
Gabon;14.30998;4084.533;responsability;foster;50%;exponential;321.310139138286;67.2648846215498;2°C;consumption_based
Gambia;2.508158;4301.896;responsability;foster;50%;exponential;823.998192122264;984.179616073154;2°C;consumption_based
Georgia;17.8212;3664.014;responsability;foster;50%;exponential;33.7253239094987;5.66920528762077;2°C;consumption_based
Germany;872.121;78294.613;responsability;foster;50%;exponential;-19770.900009443;-18;2°C;consumption_based
Ghana;54.33566;50553.047;responsability;foster;50%;exponential;9584.88907200517;528.451509219559;2°C;consumption_based
Greece;83.41989;8812.07;responsability;foster;50%;exponential;-3155.5756525681;-20;2°C;consumption_based
Greenland;0;49.898;responsability;foster;50%;exponential;10.3243262323605;inf;2°C;consumption_based
Guatemala;40.88083;24670.857;responsability;foster;50%;exponential;4182.53349238035;306.494524899429;2°C;consumption_based
Guinea;25.79336;23404.584;responsability;foster;50%;exponential;4320.73191665043;501.825122748044;2°C;consumption_based
Guyana;3.330323;940.608;responsability;foster;50%;exponential;-1111.98061442543;-26;2°C;consumption_based
Haiti;14.31872;14710.861;responsability;foster;50%;exponential;2699.96685646;564.881347594152;2°C;consumption_based
Honduras;16.61826;14846.778;responsability;foster;50%;exponential;2620.04200112375;472.308435469983;2°C;consumption_based
Hungary;60.08714;8725.347;responsability;foster;50%;exponential;-411.132138666718;-5;2°C;consumption_based
Iceland;6.905605;432.993;responsability;foster;50%;exponential;-106.992639667432;-15;2°C;consumption_based
India;2949.414;1679589.259;responsability;foster;50%;exponential;284404.080770946;288.870427649688;2°C;consumption_based
Indonesia;847.1642;320712.949;responsability;foster;50%;exponential;47487.0849255441;167.923282037239;2°C;consumption_based
Iraq;404.6027;71928.75;responsability;foster;50%;exponential;8699.85350339575;64.4148739376045;2°C;consumption_based
Ireland;58.80573;5970.042;responsability;foster;50%;exponential;-885.00726901451;-12;2°C;consumption_based
Israel;96.33576;13092.722;responsability;foster;50%;exponential;-184.170192131477;0;2°C;consumption_based
Italy;480.3724;51891.098;responsability;foster;50%;exponential;-9946.6360144657;-16;2°C;consumption_based
Jamaica;12.76953;2454.94;responsability;foster;50%;exponential;-8.34572676638106;1;2°C;consumption_based
Japan;1258.371;105123.167;responsability;foster;50%;exponential;-34266.5647722371;-19;2°C;consumption_based
Jordan;33.45501;16367.355;responsability;foster;50%;exponential;2390.01417710363;214.0140626053;2°C;consumption_based
Kazakhstan;260.4604;26544.264;responsability;foster;50%;exponential;-5159.61631387024;-9;2°C;consumption_based
Kenya;79.74114;83593.239;responsability;foster;50%;exponential;15401.5341047261;578.608141039498;2°C;consumption_based
Kuwait;120.129;6367.756;responsability;foster;50%;exponential;-1649.45032482442;-13;2°C;consumption_based
Kyrgyzstan;24.1211;9642.952;responsability;foster;50%;exponential;1430.82446996275;177.701972234193;2°C;consumption_based
Latvia;16.48173;1513.81;responsability;foster;50%;exponential;-221.761354639672;-12;2°C;consumption_based
Lebanon;35.63768;6999.26;responsability;foster;50%;exponential;468.096035221284;39.348532223059;2°C;consumption_based
Lesotho;4.251056;2993.076;responsability;foster;50%;exponential;463.064449412575;326.322945602401;2°C;consumption_based
Liberia;4.860882;8910.53;responsability;foster;50%;exponential;1770.61791458267;1091.22114687173;2°C;consumption_based
Libya;56.0342;9260.606;responsability;foster;50%;exponential;184.349621417595;9.85580432125646;2°C;consumption_based
Liechtenstein;1.370673;43.013;responsability;foster;50%;exponential;-11.410733104142;-14;2°C;consumption_based
Lithuania;26.37468;2258.774;responsability;foster;50%;exponential;-484.111762769772;-15;2°C;consumption_based
Luxembourg;8.842451;791.464;responsability;foster;50%;exponential;-382.810410382481;-21;2°C;consumption_based
Madagascar;31.88092;53185.475;responsability;foster;50%;exponential;10134.5032620709;952.30183127162;2°C;consumption_based
Malawi;16.42;37361.682;responsability;foster;50%;exponential;7411.48658430874;1352.18206794313;2°C;consumption_based
Malaysia;233.1968;44289.772;responsability;foster;50%;exponential;3524.59178617071;45.2782086415204;2°C;consumption_based
Maldives;2.901473;589.962;responsability;foster;50%;exponential;72.9912543272611;75.3624990738715;2°C;consumption_based
Mali;73.55506;46154.079;responsability;foster;50%;exponential;8287.66868149424;337.538118270516;2°C;consumption_based
Malta;2.956266;535.722;responsability;foster;50%;exponential;-22.8428412254472;-6;2°C;consumption_based
Mauritania;8.741203;9415.598;responsability;foster;50%;exponential;1728.48943797405;592.377455807406;2°C;consumption_based
Mauritius;9.153498;1107.197;responsability;foster;50%;exponential;-20.7066766233745;-1;2°C;consumption_based
Mexico;597.8052;148946.274;responsability;foster;50%;exponential;11738.4889436081;58.8241289489008;2°C;consumption_based
Monaco;1.08342;36.757;responsability;foster;50%;exponential;-8.81696951977884;-13;2°C;consumption_based
Mongolia;44.70931;4501.493;responsability;foster;50%;exponential;215.136332594798;14.4151375802552;2°C;consumption_based
Montenegro;4.889849;533.295;responsability;foster;50%;exponential;-44.2469914418874;-8;2°C;consumption_based
Morocco;84.54553;43440.431;responsability;foster;50%;exponential;6982.10101345599;247.399304767787;2°C;consumption_based
Mozambique;46.50852;63530.951;responsability;foster;50%;exponential;12114.3101561459;780.313583545752;2°C;consumption_based
Myanmar;76.01056;58623.231;responsability;foster;50%;exponential;10630.5206022941;418.970648985785;2°C;consumption_based
Namibia;15.53063;4512.3;responsability;foster;50%;exponential;429.454018031992;82.8381889096499;2°C;consumption_based
Nepal;51.71283;34642.027;responsability;foster;50%;exponential;6093.27699920079;352.984482926384;2°C;consumption_based
Netherlands;199.7464;18958.475;responsability;foster;50%;exponential;-3800.56013403241;-15;2°C;consumption_based
New Caledonia;0;340.581;responsability;foster;50%;exponential;70.4691441048454;inf;2°C;consumption_based
New Zealand;79.7114;5755.288;responsability;foster;50%;exponential;-1260.65377241353;-15;2°C;consumption_based
Nicaragua;16.31699;8756.43;responsability;foster;50%;exponential;1349.81874191368;247.821170975703;2°C;consumption_based
Niger;34.38707;52513.876;responsability;foster;50%;exponential;10266.3460419773;894.383387983471;2°C;consumption_based
Nigeria;449.8309;359185.556;responsability;foster;50%;exponential;63287.2095795582;421.472905130923;2°C;consumption_based
Norway;76.82043;5899.829;responsability;foster;50%;exponential;-1397.19517382618;-15;2°C;consumption_based
Oman;65.19586;7827.002;responsability;foster;50%;exponential;263.920918690893;12.1270953982098;2°C;consumption_based
Pakistan;578.9303;371863.793;responsability;foster;50%;exponential;66246.3503788003;342.798312396048;2°C;consumption_based
Panama;21.22502;5630.68;responsability;foster;50%;exponential;623.581068486266;88.0132000837496;2°C;consumption_based
Papua New Guinea;17.17362;14906.59;responsability;foster;50%;exponential;2733.13826239723;476.763227598413;2°C;consumption_based
Paraguay;29.96962;8640.464;responsability;foster;50%;exponential;738.802877092201;73.8499728291399;2°C;consumption_based
Peru;99.16215;40583.876;responsability;foster;50%;exponential;5727.99800551257;173.045345305309;2°C;consumption_based
Philippines;260.8678;134373.439;responsability;foster;50%;exponential;22435.3857600877;257.641645274458;2°C;consumption_based
Poland;340.3965;32814.096;responsability;foster;50%;exponential;-5450.77913822606;-13;2°C;consumption_based
Portugal;63.02308;9770.27;responsability;foster;50%;exponential;-951.849134581648;-11;2°C;consumption_based
Qatar;162.3337;4164.46;responsability;foster;50%;exponential;-2068.78932573257;-12;2°C;consumption_based
Romania;116.8046;16027.266;responsability;foster;50%;exponential;-1211.49789796105;-9;2°C;consumption_based
Rwanda;8.712675;22707.91;responsability;foster;50%;exponential;4497.73314895478;1546.48306658488;2°C;consumption_based
Samoa;0.6925006;272.726;responsability;foster;50%;exponential;38.4458601149576;166.315385042151;2°C;consumption_based
San Marino;0.566147;33.696;responsability;foster;50%;exponential;-16.315040900176;-20;2°C;consumption_based
Sao Tome and Principe;0.2998609;365.115;responsability;foster;50%;exponential;66.1160356444609;660.526069852913;2°C;consumption_based
Saudi Arabia;703.8256;47693.909;responsability;foster;50%;exponential;-4671.33959089913;-5;2°C;consumption_based
Senegal;28.29428;30364.954;responsability;foster;50%;exponential;5623.78465470881;595.433182594817;2°C;consumption_based
Serbia;73.73461;5532.87;responsability;foster;50%;exponential;-1280.34773346265;-15;2°C;consumption_based
Seychelles;0.9971907;141.747;responsability;foster;50%;exponential;-1.65930859197953;0;2°C;consumption_based
Sierra Leone;7.612386;12948.325;responsability;foster;50%;exponential;2506.4582041222;986.376378497234;2°C;consumption_based
Singapore;98.39144;6081.692;responsability;foster;50%;exponential;-2554.45070178931;-17;2°C;consumption_based
Slovakia;47.49821;4936.488;responsability;foster;50%;exponential;-992.245289018941;-16;2°C;consumption_based
Slovenia;16.40035;1981.553;responsability;foster;50%;exponential;-226.117106823667;-11;2°C;consumption_based
Somalia;27.54213;37206.512;responsability;foster;50%;exponential;6822.31348701824;742.056794204486;2°C;consumption_based
South Africa;442.3963;79177.328;responsability;foster;50%;exponential;3409.7913314965;23.0897544528485;2°C;consumption_based
South Sudan;0;18341.974;responsability;foster;50%;exponential;3795.11249592117;inf;2°C;consumption_based
Spain;347.0203;44928.558;responsability;foster;50%;exponential;-5842.26034522564;-12;2°C;consumption_based
Sri Lanka;52.34435;24813.69;responsability;foster;50%;exponential;4123.24675104777;235.97854140782;2°C;consumption_based
Sudan;0;85206.383;responsability;foster;50%;exponential;17629.9349707695;inf;2°C;consumption_based
Suriname;3.667079;733.905;responsability;foster;50%;exponential;42.6777954609111;34.8646018333358;2°C;consumption_based
Sweden;98.71911;11309.63;responsability;foster;50%;exponential;-1156.71819402559;-10;2°C;consumption_based
Switzerland;98.65993;9342.586;responsability;foster;50%;exponential;-1883.30487006004;-14;2°C;consumption_based
Tajikistan;16.7698;15574.642;responsability;foster;50%;exponential;2803.21692662194;500.762526497286;2°C;consumption_based
Thailand;283.2797;66382.735;responsability;foster;50%;exponential;4732.68197307179;50.0489379478951;2°C;consumption_based
Togo;13.54584;15584.778;responsability;foster;50%;exponential;2919.73694637631;645.714861577243;2°C;consumption_based
Trinidad and Tobago;32.59566;1399.8;responsability;foster;50%;exponential;-639.956576203891;-17;2°C;consumption_based
Tunisia;31.10463;13145.141;responsability;foster;50%;exponential;1616.53668072744;155.691005031696;2°C;consumption_based
Turkmenistan;101.6677;9639.708;responsability;foster;50%;exponential;-289.137827594783;-1;2°C;consumption_based
Uganda;50.1081;85431.202;responsability;foster;50%;exponential;16538.795799411;988.778348051806;2°C;consumption_based
Ukraine;252.1204;31990.132;responsability;foster;50%;exponential;-5623.074290936;-17;2°C;consumption_based
Uruguay;31.57455;3254.354;responsability;foster;50%;exponential;-462.804420633946;-12;2°C;consumption_based
Uzbekistan;165.7009;52210.754;responsability;foster;50%;exponential;4619.15056680271;83.5103395900449;2°C;consumption_based
Vanuatu;0.5712391;534.388;responsability;foster;50%;exponential;88.2373498778362;462.740517520438;2°C;consumption_based
Viet Nam;237.3877;110008.908;responsability;foster;50%;exponential;16893.0087970947;213.18261919589;2°C;consumption_based
Yemen;45.34253;70976.403;responsability;foster;50%;exponential;13660.8808315518;902.559729072347;2°C;consumption_based
Zambia;39.16851;38083.386;responsability;foster;50%;exponential;6880.70345471865;526.258093658786;2°C;consumption_based
Zimbabwe;22.44673;25866.385;responsability;foster;50%;exponential;4537.81866391371;605.615598486816;2°C;consumption_based
Afghanistan;36.29291;76885.134;equality;foster;67%;linear;7557.74172570709;416.48584947898;2°C;consumption_based
Albania;10.69817;2240.166;equality;foster;67%;linear;220.206367211512;41.1671093675858;2°C;consumption_based
Algeria;229.2533;59565.554;equality;foster;67%;linear;5855.2420924526;51.0809841555398;2°C;consumption_based
Andorra;0.7052279;82.195;equality;foster;67%;linear;8.07969693002673;22.9137188986049;2°C;consumption_based
Angola;63.06419;74295.394;equality;foster;67%;linear;7303.17253868151;231.61076162816;2°C;consumption_based
Argentina;329.7293;48308.943;equality;foster;67%;linear;4748.72703266545;28.8037916719287;2°C;consumption_based
Armenia;13.76886;2495.207;equality;foster;67%;linear;245.276675438667;35.62773903412;2°C;consumption_based
Aruba;0.8570806;100.002;equality;foster;67%;linear;9.8301095248681;22.9385883308247;2°C;consumption_based
Australia;516.071;32506.969;equality;foster;67%;linear;3195.40674777996;12.3835935279447;2°C;consumption_based
Austria;104.6011;8724.332;equality;foster;67%;linear;857.594239028335;16.3974229530729;2°C;consumption_based
Azerbaijan;61.16201;11224.923;equality;foster;67%;linear;1103.40015697897;36.0812261395258;2°C;consumption_based
Bahamas;3.216727;424.265;equality;foster;67%;linear;41.7048800780801;25.930009029725;2°C;consumption_based
Bahrain;29.84191;2139.464;equality;foster;67%;linear;210.307448296158;14.0947712995688;2°C;consumption_based
Bangladesh;198.2366;214709.096;equality;foster;67%;linear;21105.7171823105;212.934616335334;2°C;consumption_based
Barbados;4.262979;264.216;equality;foster;67%;linear;25.9722027381707;12.1850014922291;2°C;consumption_based
Belarus;37.69015;7453.546;equality;foster;67%;linear;732.67708174479;38.8789687355869;2°C;consumption_based
Belgium;135.3539;11870.906;equality;foster;67%;linear;1166.89972339967;17.2422031932537;2°C;consumption_based
Belize;1.471538;516.627;equality;foster;67%;linear;50.7839842553552;69.0216416502397;2°C;consumption_based
Benin;17.1341;24433.809;equality;foster;67%;linear;2401.82214935409;280.355799178725;2°C;consumption_based
Bermuda;0;56.937;equality;foster;67%;linear;5.59685752302369;inf;2°C;consumption_based
Bhutan;3.675114;882.34;equality;foster;67%;linear;86.7332537166468;47.2003065573731;2°C;consumption_based
Bosnia and Herzegovina;26.34888;2455.167;equality;foster;67%;linear;241.340778302852;18.3188642783186;2°C;consumption_based
Botswana;18.26959;3437.43;equality;foster;67%;linear;337.896375913155;36.9900338117227;2°C;consumption_based
Brazil;1077.661;217489.3;equality;foster;67%;linear;21379.0088146927;39.6766864806143;2°C;consumption_based
British Virgin Islands;0.2776416;40.34;equality;foster;67%;linear;3.9653868745943;28.564789099287;2°C;consumption_based
Bulgaria;57.15165;5402.217;equality;foster;67%;linear;531.033227206499;18.5833034464097;2°C;consumption_based
Burkina Faso;29.78411;37304.383;equality;foster;67%;linear;3666.98836670894;246.23790112976;2°C;consumption_based
Burundi;4.499215;24131.72;equality;foster;67%;linear;2372.12706369323;1054.46264012421;2°C;consumption_based
Cambodia;40.78146;21931.455;equality;foster;67%;linear;2155.84293003856;105.726618421143;2°C;consumption_based
Cameroon;38.30513;51096.317;equality;foster;67%;linear;5022.7234698044;262.248083732095;2°C;consumption_based
Canada;672.7777;45621.882;equality;foster;67%;linear;4484.59127608056;13.3315693313871;2°C;consumption_based
Cayman Islands;0;103.958;equality;foster;67%;linear;10.2189808802448;inf;2°C;consumption_based
Central African Republic;9.32562;10616.752;equality;foster;67%;linear;1043.61747723408;223.817285549718;2°C;consumption_based
Chad;49.86327;38857.686;equality;foster;67%;linear;3819.67669909536;153.206025160217;2°C;consumption_based
Chile;120.2864;20320.306;equality;foster;67%;linear;1997.46838622062;33.2118740974976;2°C;consumption_based
China;12046.22;1260289.093;equality;foster;67%;linear;123885.320465457;20.568331055793;2°C;consumption_based
Colombia;192.7321;59385.356;equality;foster;67%;linear;5837.52878595711;60.5766116381974;2°C;consumption_based
Congo;20.37865;11006.472;equality;foster;67%;linear;1081.92661389166;106.182363786773;2°C;consumption_based
Costa Rica;20.15067;5354.15;equality;foster;67%;linear;526.308282960066;52.2372986069511;2°C;consumption_based
Croatia;23.31505;3234.159;equality;foster;67%;linear;317.915013608107;27.2712272637723;2°C;consumption_based
Cuba;41.99676;9382;equality;foster;67%;linear;922.242430774509;43.9196943180621;2°C;consumption_based
Cyprus;10.44542;1508.481;equality;foster;67%;linear;148.282368814449;28.3918442368903;2°C;consumption_based
Denmark;60.05671;6124.838;equality;foster;67%;linear;602.066242295895;20.0499242231516;2°C;consumption_based
Djibouti;1.718966;1530.539;equality;foster;67%;linear;150.450651007801;175.047849704765;2°C;consumption_based
Dominican Republic;36.86521;12996.293;equality;foster;67%;linear;1277.52428558705;69.3078534253327;2°C;consumption_based
Ecuador;64.94059;21337.238;equality;foster;67%;linear;2097.43191634345;64.5954068585902;2°C;consumption_based
Egypt;359.3699;161630.192;equality;foster;67%;linear;15888.1071367119;88.4220249760031;2°C;consumption_based
El Salvador;15.27658;6663.345;equality;foster;67%;linear;655.001011499592;85.752309941046;2°C;consumption_based
Eritrea;6.147011;5696.062;equality;foster;67%;linear;559.917934845695;182.17567362274;2°C;consumption_based
Estonia;12.3808;1174.267;equality;foster;67%;linear;115.42942362591;18.646521004444;2°C;consumption_based
Ethiopia;15.46353;225021.874;equality;foster;67%;linear;22119.4542800251;2860.85444656234;2°C;consumption_based
Fiji;3.433959;1000.261;equality;foster;67%;linear;98.3247853388341;57.2661382030677;2°C;consumption_based
Finland;64.9849;5351.645;equality;foster;67%;linear;526.062043641254;16.1902855476043;2°C;consumption_based
France;561.8057;68219.675;equality;foster;67%;linear;6705.93465131603;23.8727896542026;2°C;consumption_based
French Polynesia;0;284.75;equality;foster;67%;linear;27.9906770585207;inf;2°C;consumption_based
Gabon;14.30998;4084.533;equality;foster;67%;linear;401.506037358633;56.1155273953749;2°C;consumption_based
Gambia;2.508158;4301.896;equality;foster;67%;linear;422.8726309933;337.197761060746;2°C;consumption_based
Georgia;17.8212;3664.014;equality;foster;67%;linear;360.169385818784;40.4203292504191;2°C;consumption_based
Germany;872.121;78294.613;equality;foster;67%;linear;7696.29228412593;17.6495974391763;2°C;consumption_based
Ghana;54.33566;50553.047;equality;foster;67%;linear;4969.32050184801;182.911940403338;2°C;consumption_based
Greece;83.41989;8812.07;equality;foster;67%;linear;866.218808031884;20.7676804184681;2°C;consumption_based
Greenland;0;49.898;equality;foster;67%;linear;4.90492995211964;inf;2°C;consumption_based
Guatemala;40.88083;24670.857;equality;foster;67%;linear;2425.12376134836;118.643567723471;2°C;consumption_based
Guinea;25.79336;23404.584;equality;foster;67%;linear;2300.65022803519;178.390890371413;2°C;consumption_based
Guyana;3.330323;940.608;equality;foster;67%;linear;92.4609473807237;55.5267146043934;2°C;consumption_based
Haiti;14.31872;14710.861;equality;foster;67%;linear;1446.06482705457;201.982415614603;2°C;consumption_based
Honduras;16.61826;14846.778;equality;foster;67%;linear;1459.42534980702;175.641174203199;2°C;consumption_based
Hungary;60.08714;8725.347;equality;foster;67%;linear;857.69401264454;28.5483387175539;2°C;consumption_based
Iceland;6.905605;432.993;equality;foster;67%;linear;42.5628348783145;12.3270401009946;2°C;consumption_based
India;2949.414;1679589.259;equality;foster;67%;linear;165102.161684387;111.955908315609;2°C;consumption_based
Indonesia;847.1642;320712.949;equality;foster;67%;linear;31525.8036310617;74.4266663559715;2°C;consumption_based
Iraq;404.6027;71928.75;equality;foster;67%;linear;7070.53349419868;34.9505007959595;2°C;consumption_based
Ireland;58.80573;5970.042;equality;foster;67%;linear;586.84993028202;19.9589370043368;2°C;consumption_based
Israel;96.33576;13092.722;equality;foster;67%;linear;1287.00317232305;26.7191159819169;2°C;consumption_based
Italy;480.3724;51891.098;equality;foster;67%;linear;5100.84975006164;21.237064202946;2°C;consumption_based
Jamaica;12.76953;2454.94;equality;foster;67%;linear;241.318464400509;37.7959822171229;2°C;consumption_based
Japan;1258.371;105123.167;equality;foster;67%;linear;10333.5157817944;16.4236394223871;2°C;consumption_based
Jordan;33.45501;16367.355;equality;foster;67%;linear;1608.89674488908;96.1827089508613;2°C;consumption_based
Kazakhstan;260.4604;26544.264;equality;foster;67%;linear;2609.27803820937;20.0358905861265;2°C;consumption_based
Kenya;79.74114;83593.239;equality;foster;67%;linear;8217.14260623263;206.095438470848;2°C;consumption_based
Kuwait;120.129;6367.756;equality;foster;67%;linear;625.944870178956;10.4212117004047;2°C;consumption_based
Kyrgyzstan;24.1211;9642.952;equality;foster;67%;linear;947.893785154756;78.5945736433874;2°C;consumption_based
Latvia;16.48173;1513.81;equality;foster;67%;linear;148.806204874308;18.0571098876524;2°C;consumption_based
Lebanon;35.63768;6999.26;equality;foster;67%;linear;688.021163507013;38.6120063655666;2°C;consumption_based
Lesotho;4.251056;2993.076;equality;foster;67%;linear;294.216764627249;138.420554623251;2°C;consumption_based
Liberia;4.860882;8910.53;equality;foster;67%;linear;875.897340299423;360.386176952834;2°C;consumption_based
Libya;56.0342;9260.606;equality;foster;67%;linear;910.309506276381;32.4912109488984;2°C;consumption_based
Liechtenstein;1.370673;43.013;equality;foster;67%;linear;4.22814044712257;6.16943712632053;2°C;consumption_based
Lithuania;26.37468;2258.774;equality;foster;67%;linear;222.035517408896;16.8370207645284;2°C;consumption_based
Luxembourg;8.842451;791.464;equality;foster;67%;linear;77.8002220454611;17.5969812092736;2°C;consumption_based
Madagascar;31.88092;53185.475;equality;foster;67%;linear;5228.0858821037;327.975847754939;2°C;consumption_based
Malawi;16.42;37361.682;equality;foster;67%;linear;3672.62080851676;447.33505584857;2°C;consumption_based
Malaysia;233.1968;44289.772;equality;foster;67%;linear;4353.6460229939;37.3388144519471;2°C;consumption_based
Maldives;2.901473;589.962;equality;foster;67%;linear;57.9927509000843;39.9746962319376;2°C;consumption_based
Mali;73.55506;46154.079;equality;foster;67%;linear;4536.90577777859;123.360806932347;2°C;consumption_based
Malta;2.956266;535.722;equality;foster;67%;linear;52.6610061286913;35.6267035027912;2°C;consumption_based
Mauritania;8.741203;9415.598;equality;foster;67%;linear;925.545084919592;211.766065819451;2°C;consumption_based
Mauritius;9.153498;1107.197;equality;foster;67%;linear;108.836501026033;23.7803080365634;2°C;consumption_based
Mexico;597.8052;148946.274;equality;foster;67%;linear;14641.2890416293;48.9834783693059;2°C;consumption_based
Monaco;1.08342;36.757;equality;foster;67%;linear;3.61318109443388;6.66995457797323;2°C;consumption_based
Mongolia;44.70931;4501.493;equality;foster;67%;linear;442.492842297425;19.7942147752862;2°C;consumption_based
Montenegro;4.889849;533.295;equality;foster;67%;linear;52.4224341419625;21.4413304549742;2°C;consumption_based
Morocco;84.54553;43440.431;equality;foster;67%;linear;4270.15654224391;101.014365685422;2°C;consumption_based
Mozambique;46.50852;63530.951;equality;foster;67%;linear;6245.03716474699;268.554542898677;2°C;consumption_based
Myanmar;76.01056;58623.231;equality;foster;67%;linear;5762.61256206519;151.626630880372;2°C;consumption_based
Namibia;15.53063;4512.3;equality;foster;67%;linear;443.555160987403;57.1200474143552;2°C;consumption_based
Nepal;51.71283;34642.027;equality;foster;67%;linear;3405.28109011258;131.699660997574;2°C;consumption_based
Netherlands;199.7464;18958.475;equality;foster;67%;linear;1863.60158471304;18.6596763167;2°C;consumption_based
New Caledonia;0;340.581;equality;foster;67%;linear;33.4788157445761;inf;2°C;consumption_based
New Zealand;79.7114;5755.288;equality;foster;67%;linear;565.739799075609;14.1947023656744;2°C;consumption_based
Nicaragua;16.31699;8756.43;equality;foster;67%;linear;860.749444479518;105.503459213926;2°C;consumption_based
Niger;34.38707;52513.876;equality;foster;67%;linear;5162.06828518772;300.233098381904;2°C;consumption_based
Nigeria;449.8309;359185.556;equality;foster;67%;linear;35307.6273997584;156.981778707325;2°C;consumption_based
Norway;76.82043;5899.829;equality;foster;67%;linear;579.94805351886;15.0987973776991;2°C;consumption_based
Oman;65.19586;7827.002;equality;foster;67%;linear;769.387481363989;23.6023416629212;2°C;consumption_based
Pakistan;578.9303;371863.793;equality;foster;67%;linear;36553.8870574876;126.280787367625;2°C;consumption_based
Panama;21.22502;5630.68;equality;foster;67%;linear;553.49094117602;52.1545742878941;2°C;consumption_based
Papua New Guinea;17.17362;14906.59;equality;foster;67%;linear;1465.30481732669;170.646004433158;2°C;consumption_based
Paraguay;29.96962;8640.464;equality;foster;67%;linear;849.350087655046;56.680737870887;2°C;consumption_based
Peru;99.16215;40583.876;equality;foster;67%;linear;3989.3596730432;80.4613387878983;2°C;consumption_based
Philippines;260.8678;134373.439;equality;foster;67%;linear;13208.7920501908;101.268090965545;2°C;consumption_based
Poland;340.3965;32814.096;equality;foster;67%;linear;3225.59706445407;18.9519990038327;2°C;consumption_based
Portugal;63.02308;9770.27;equality;foster;67%;linear;960.409033694657;30.478010078043;2°C;consumption_based
Qatar;162.3337;4164.46;equality;foster;67%;linear;409.362791863485;5.04347269683972;2°C;consumption_based
Romania;116.8046;16027.266;equality;foster;67%;linear;1575.4662923161;26.9761001247571;2°C;consumption_based
Rwanda;8.712675;22707.91;equality;foster;67%;linear;2232.16778045287;512.395511241465;2°C;consumption_based
Samoa;0.6925006;272.726;equality;foster;67%;linear;26.8087283282252;77.4258631060398;2°C;consumption_based
San Marino;0.566147;33.696;equality;foster;67%;linear;3.31228745975036;11.7011569777827;2°C;consumption_based
Sao Tome and Principe;0.2998609;365.115;equality;foster;67%;linear;35.8904865819905;239.380903492189;2°C;consumption_based
Saudi Arabia;703.8256;47693.909;equality;foster;67%;linear;4688.2697259964;13.3222483694722;2°C;consumption_based
Senegal;28.29428;30364.954;equality;foster;67%;linear;2984.84853840505;210.986004125572;2°C;consumption_based
Serbia;73.73461;5532.87;equality;foster;67%;linear;543.876303342503;14.7522663601937;2°C;consumption_based
Seychelles;0.9971907;141.747;equality;foster;67%;linear;13.9336066760813;27.9457212669177;2°C;consumption_based
Sierra Leone;7.612386;12948.325;equality;foster;67%;linear;1272.80907295442;334.40476427612;2°C;consumption_based
Singapore;98.39144;6081.692;equality;foster;67%;linear;597.82502806458;12.1519723273606;2°C;consumption_based
Slovakia;47.49821;4936.488;equality;foster;67%;linear;485.25247203253;20.4324530138096;2°C;consumption_based
Slovenia;16.40035;1981.553;equality;foster;67%;linear;194.78493449462;23.7537533643635;2°C;consumption_based
Somalia;27.54213;37206.512;equality;foster;67%;linear;3657.36773262854;265.583506622657;2°C;consumption_based
South Africa;442.3963;79177.328;equality;foster;67%;linear;7783.06240001605;35.1859289963142;2°C;consumption_based
South Sudan;0;18341.974;equality;foster;67%;linear;1803.00007322137;inf;2°C;consumption_based
Spain;347.0203;44928.558;equality;foster;67%;linear;4416.43813058128;25.4534857504375;2°C;consumption_based
Sri Lanka;52.34435;24813.69;equality;foster;67%;linear;2439.16412087883;93.1968443921388;2°C;consumption_based
Sudan;0;85206.383;equality;foster;67%;linear;8375.71325681346;inf;2°C;consumption_based
Suriname;3.667079;733.905;equality;foster;67%;linear;72.1422224640339;39.3458785393137;2°C;consumption_based
Sweden;98.71911;11309.63;equality;foster;67%;linear;1111.72678132171;22.5230308766299;2°C;consumption_based
Switzerland;98.65993;9342.586;equality;foster;67%;linear;918.368068893615;18.6168400665522;2°C;consumption_based
Tajikistan;16.7698;15574.642;equality;foster;67%;linear;1530.97374723116;182.587001303672;2°C;consumption_based
Thailand;283.2797;66382.735;equality;foster;67%;linear;6525.36504880197;46.070121147417;2°C;consumption_based
Togo;13.54584;15584.778;equality;foster;67%;linear;1531.9701072054;226.190492019012;2°C;consumption_based
Trinidad and Tobago;32.59566;1399.8;equality;foster;67%;linear;137.599121146681;8.44278785253501;2°C;consumption_based
Tunisia;31.10463;13145.141;equality;foster;67%;linear;1292.15591438005;83.0844742007897;2°C;consumption_based
Turkmenistan;101.6677;9639.708;equality;foster;67%;linear;947.574902779416;18.6406282974714;2°C;consumption_based
Uganda;50.1081;85431.202;equality;foster;67%;linear;8397.81276875593;335.18783465172;2°C;consumption_based
Ukraine;252.1204;31990.132;equality;foster;67%;linear;3144.60212070746;24.9452414061493;2°C;consumption_based
Uruguay;31.57455;3254.354;equality;foster;67%;linear;319.900164523636;20.2631653989454;2°C;consumption_based
Uzbekistan;165.7009;52210.754;equality;foster;67%;linear;5132.27165652632;61.9462134065213;2°C;consumption_based
Vanuatu;0.5712391;534.388;equality;foster;67%;linear;52.5298750902503;183.915544612581;2°C;consumption_based
Viet Nam;237.3877;110008.908;equality;foster;67%;linear;10813.779867914;91.10648839779;2°C;consumption_based
Yemen;45.34253;70976.403;equality;foster;67%;linear;6976.9186133395;307.742801883331;2°C;consumption_based
Zambia;39.16851;38083.386;equality;foster;67%;linear;3743.56368330462;191.151702390753;2°C;consumption_based
Zimbabwe;22.44673;25866.385;equality;foster;67%;linear;2542.6431227616;226.549089578892;2°C;consumption_based
Afghanistan;36.29291;76885.134;equality;foster;67%;exponential;7557.74172570709;623.840050381365;2°C;consumption_based
Albania;10.69817;2240.166;equality;foster;67%;exponential;220.206367211512;61.6628190707017;2°C;consumption_based
Algeria;229.2533;59565.554;equality;foster;67%;exponential;5855.2420924526;76.5124763998252;2°C;consumption_based
Andorra;0.7052279;82.195;equality;foster;67%;exponential;8.07969693002673;34.3216836058474;2°C;consumption_based
Angola;63.06419;74295.394;equality;foster;67%;exponential;7303.17253868151;346.92191675595;2°C;consumption_based
Argentina;329.7293;48308.943;equality;foster;67%;exponential;4748.72703266545;43.1442241561613;2°C;consumption_based
Armenia;13.76886;2495.207;equality;foster;67%;exponential;245.276675438667;53.3655838291363;2°C;consumption_based
Aruba;0.8570806;100.002;equality;foster;67%;exponential;9.8301095248681;34.3589346862102;2°C;consumption_based
Australia;516.071;32506.969;equality;foster;67%;exponential;3195.40674777996;18.5489653971191;2°C;consumption_based
Austria;104.6011;8724.332;equality;foster;67%;exponential;857.594239028335;24.5611445718177;2°C;consumption_based
Azerbaijan;61.16201;11224.923;equality;foster;67%;exponential;1103.40015697897;54.0448468077887;2°C;consumption_based
Bahamas;3.216727;424.265;equality;foster;67%;exponential;41.7048800780801;38.8396824519468;2°C;consumption_based
Bahrain;29.84191;2139.464;equality;foster;67%;exponential;210.307448296158;21.1120806352404;2°C;consumption_based
Bangladesh;198.2366;214709.096;equality;foster;67%;exponential;21105.7171823105;318.947551156298;2°C;consumption_based
Barbados;4.262979;264.216;equality;foster;67%;exponential;25.9722027381707;18.2515011117872;2°C;consumption_based
Belarus;37.69015;7453.546;equality;foster;67%;exponential;732.67708174479;58.2354907018471;2°C;consumption_based
Belgium;135.3539;11870.906;equality;foster;67%;exponential;1166.89972339967;25.8265122866029;2°C;consumption_based
Belize;1.471538;516.627;equality;foster;67%;exponential;50.7839842553552;103.385179732651;2°C;consumption_based
Benin;17.1341;24433.809;equality;foster;67%;exponential;2401.82214935409;419.935457838863;2°C;consumption_based
Bermuda;0;56.937;equality;foster;67%;exponential;5.59685752302369;inf;2°C;consumption_based
Bhutan;3.675114;882.34;equality;foster;67%;exponential;86.7332537166468;70.6997408377823;2°C;consumption_based
Bosnia and Herzegovina;26.34888;2455.167;equality;foster;67%;exponential;241.340778302852;27.4392064667072;2°C;consumption_based
Botswana;18.26959;3437.43;equality;foster;67%;exponential;337.896375913155;55.4061190448154;2°C;consumption_based
Brazil;1077.661;217489.3;equality;foster;67%;exponential;21379.0088146927;59.4303650988298;2°C;consumption_based
British Virgin Islands;0.2776416;40.34;equality;foster;67%;exponential;3.9653868745943;42.7862302959986;2°C;consumption_based
Bulgaria;57.15165;5402.217;equality;foster;67%;exponential;531.033227206499;27.8353009418283;2°C;consumption_based
Burkina Faso;29.78411;37304.383;equality;foster;67%;exponential;3666.98836670894;368.831413693308;2°C;consumption_based
Burundi;4.499215;24131.72;equality;foster;67%;exponential;2372.12706369323;1579.44388113852;2°C;consumption_based
Cambodia;40.78146;21931.455;equality;foster;67%;exponential;2155.84293003856;158.364321488973;2°C;consumption_based
Cameroon;38.30513;51096.317;equality;foster;67%;exponential;5022.7234698044;392.812524056964;2°C;consumption_based
Canada;672.7777;45621.882;equality;foster;67%;exponential;4484.59127608056;19.9689062515794;2°C;consumption_based
Cayman Islands;0;103.958;equality;foster;67%;exponential;10.2189808802448;inf;2°C;consumption_based
Central African Republic;9.32562;10616.752;equality;foster;67%;exponential;1043.61747723408;335.248332850269;2°C;consumption_based
Chad;49.86327;38857.686;equality;foster;67%;exponential;3819.67669909536;229.482117037694;2°C;consumption_based
Chile;120.2864;20320.306;equality;foster;67%;exponential;1997.46838622062;49.7469415495427;2°C;consumption_based
China;12046.22;1260289.093;equality;foster;67%;exponential;123885.320465457;30.808606578491;2°C;consumption_based
Colombia;192.7321;59385.356;equality;foster;67%;exponential;5837.52878595711;90.735655253547;2°C;consumption_based
Congo;20.37865;11006.472;equality;foster;67%;exponential;1081.92661389166;159.046967039143;2°C;consumption_based
Costa Rica;20.15067;5354.15;equality;foster;67%;exponential;526.308282960066;78.2444806600602;2°C;consumption_based
Croatia;23.31505;3234.159;equality;foster;67%;exponential;317.915013608107;40.848647826754;2°C;consumption_based
Cuba;41.99676;9382;equality;foster;67%;exponential;922.242430774509;65.7858228566223;2°C;consumption_based
Cyprus;10.44542;1508.481;equality;foster;67%;exponential;148.282368814449;42.527182043085;2°C;consumption_based
Denmark;60.05671;6124.838;equality;foster;67%;exponential;602.066242295895;30.0321025388035;2°C;consumption_based
Djibouti;1.718966;1530.539;equality;foster;67%;exponential;150.450651007801;262.198246388397;2°C;consumption_based
Dominican Republic;36.86521;12996.293;equality;foster;67%;exponential;1277.52428558705;103.813886658509;2°C;consumption_based
Ecuador;64.94059;21337.238;equality;foster;67%;exponential;2097.43191634345;96.7552725248148;2°C;consumption_based
Egypt;359.3699;161630.192;equality;foster;67%;exponential;15888.1071367119;132.444356956805;2°C;consumption_based
El Salvador;15.27658;6663.345;equality;foster;67%;exponential;655.001011499592;128.445481211098;2°C;consumption_based
Eritrea;6.147011;5696.062;equality;foster;67%;exponential;559.917934845695;272.87477246404;2°C;consumption_based
Estonia;12.3808;1174.267;equality;foster;67%;exponential;115.42942362591;27.9299923812577;2°C;consumption_based
Ethiopia;15.46353;225021.874;equality;foster;67%;exponential;22119.4542800251;4285.17699775362;2°C;consumption_based
Fiji;3.433959;1000.261;equality;foster;67%;exponential;98.3247853388341;85.7770091983665;2°C;consumption_based
Finland;64.9849;5351.645;equality;foster;67%;exponential;526.062043641254;24.2508804665064;2°C;consumption_based
France;561.8057;68219.675;equality;foster;67%;exponential;6705.93465131603;35.7582432134303;2°C;consumption_based
French Polynesia;0;284.75;equality;foster;67%;exponential;27.9906770585207;inf;2°C;consumption_based
Gabon;14.30998;4084.533;equality;foster;67%;exponential;401.506037358633;84.0535482329138;2°C;consumption_based
Gambia;2.508158;4301.896;equality;foster;67%;exponential;422.8726309933;505.077107689913;2°C;consumption_based
Georgia;17.8212;3664.014;equality;foster;67%;exponential;360.169385818784;60.5442424215794;2°C;consumption_based
Germany;872.121;78294.613;equality;foster;67%;exponential;7696.29228412593;26.4367343318881;2°C;consumption_based
Ghana;54.33566;50553.047;equality;foster;67%;exponential;4969.32050184801;273.977601542331;2°C;consumption_based
Greece;83.41989;8812.07;equality;foster;67%;exponential;866.218808031884;31.1072052382301;2°C;consumption_based
Greenland;0;49.898;equality;foster;67%;exponential;4.90492995211964;inf;2°C;consumption_based
Guatemala;40.88083;24670.857;equality;foster;67%;exponential;2425.12376134836;177.712182439396;2°C;consumption_based
Guinea;25.79336;23404.584;equality;foster;67%;exponential;2300.65022803519;267.205673796837;2°C;consumption_based
Guyana;3.330323;940.608;equality;foster;67%;exponential;92.4609473807237;83.1715854924016;2°C;consumption_based
Haiti;14.31872;14710.861;equality;foster;67%;exponential;1446.06482705457;302.542620573531;2°C;consumption_based
Honduras;16.61826;14846.778;equality;foster;67%;exponential;1459.42534980702;263.086967062721;2°C;consumption_based
Hungary;60.08714;8725.347;equality;foster;67%;exponential;857.69401264454;42.7615898262635;2°C;consumption_based
Iceland;6.905605;432.993;equality;foster;67%;exponential;42.5628348783145;18.4642559339719;2°C;consumption_based
India;2949.414;1679589.259;equality;foster;67%;exponential;165102.161684387;167.694963878061;2°C;consumption_based
Indonesia;847.1642;320712.949;equality;foster;67%;exponential;31525.8036310617;111.481183207809;2°C;consumption_based
Iraq;404.6027;71928.75;equality;foster;67%;exponential;7070.53349419868;52.3511716056651;2°C;consumption_based
Ireland;58.80573;5970.042;equality;foster;67%;exponential;586.84993028202;29.8958158648614;2°C;consumption_based
Israel;96.33576;13092.722;equality;foster;67%;exponential;1287.00317232305;40.0216590339303;2°C;consumption_based
Italy;480.3724;51891.098;equality;foster;67%;exponential;5100.84975006164;31.8102793141518;2°C;consumption_based
Jamaica;12.76953;2454.94;equality;foster;67%;exponential;241.318464400509;56.6133218692539;2°C;consumption_based
Japan;1258.371;105123.167;equality;foster;67%;exponential;10333.5157817944;24.6004133334294;2°C;consumption_based
Jordan;33.45501;16367.355;equality;foster;67%;exponential;1608.89674488908;144.068822680973;2°C;consumption_based
Kazakhstan;260.4604;26544.264;equality;foster;67%;exponential;2609.27803820937;30.0110820291278;2°C;consumption_based
Kenya;79.74114;83593.239;equality;foster;67%;exponential;8217.14260623263;308.70337822969;2°C;consumption_based
Kuwait;120.129;6367.756;equality;foster;67%;exponential;625.944870178956;15.6095801102204;2°C;consumption_based
Kyrgyzstan;24.1211;9642.952;equality;foster;67%;exponential;947.893785154756;117.724150394856;2°C;consumption_based
Latvia;16.48173;1513.81;equality;foster;67%;exponential;148.806204874308;27.0471334287755;2°C;consumption_based
Lebanon;35.63768;6999.26;equality;foster;67%;exponential;688.021163507013;57.835616808;2°C;consumption_based
Lesotho;4.251056;2993.076;equality;foster;67%;exponential;294.216764627249;207.335461404057;2°C;consumption_based
Liberia;4.860882;8910.53;equality;foster;67%;exponential;875.897340299423;539.810250620172;2°C;consumption_based
Libya;56.0342;9260.606;equality;foster;67%;exponential;910.309506276381;48.6674846232328;2°C;consumption_based
Liechtenstein;1.370673;43.013;equality;foster;67%;exponential;4.22814044712257;9.2409909544903;2°C;consumption_based
Lithuania;26.37468;2258.774;equality;foster;67%;exponential;222.035517408896;25.2196032473982;2°C;consumption_based
Luxembourg;8.842451;791.464;equality;foster;67%;exponential;77.8002220454611;26.357922262872;2°C;consumption_based
Madagascar;31.88092;53185.475;equality;foster;67%;exponential;5228.0858821037;491.263916032851;2°C;consumption_based
Malawi;16.42;37361.682;equality;foster;67%;exponential;3672.62080851676;670.048031948819;2°C;consumption_based
Malaysia;233.1968;44289.772;equality;foster;67%;exponential;4353.6460229939;55.928545754971;2°C;consumption_based
Maldives;2.901473;589.962;equality;foster;67%;exponential;57.9927509000843;59.8767438137662;2°C;consumption_based
Mali;73.55506;46154.079;equality;foster;67%;exponential;4536.90577777859;184.777975309447;2°C;consumption_based
Malta;2.956266;535.722;equality;foster;67%;exponential;52.6610061286913;53.3640327418253;2°C;consumption_based
Mauritania;8.741203;9415.598;equality;foster;67%;exponential;925.545084919592;317.197218909444;2°C;consumption_based
Mauritius;9.153498;1107.197;equality;foster;67%;exponential;108.836501026033;35.6197181300941;2°C;consumption_based
Mexico;597.8052;148946.274;equality;foster;67%;exponential;14641.2890416293;73.3706935109318;2°C;consumption_based
Monaco;1.08342;36.757;equality;foster;67%;exponential;3.61318109443388;9.99069909618679;2°C;consumption_based
Mongolia;44.70931;4501.493;equality;foster;67%;exponential;442.492842297425;29.649084015992;2°C;consumption_based
Montenegro;4.889849;533.295;equality;foster;67%;exponential;52.4224341419625;32.1162428159511;2°C;consumption_based
Morocco;84.54553;43440.431;equality;foster;67%;exponential;4270.15654224391;151.305997688202;2°C;consumption_based
Mozambique;46.50852;63530.951;equality;foster;67%;exponential;6245.03716474699;402.258755685553;2°C;consumption_based
Myanmar;76.01056;58623.231;equality;foster;67%;exponential;5762.61256206519;227.116395829294;2°C;consumption_based
Namibia;15.53063;4512.3;equality;foster;67%;exponential;443.555160987403;85.558184753059;2°C;consumption_based
Nepal;51.71283;34642.027;equality;foster;67%;exponential;3405.28109011258;197.268462433275;2°C;consumption_based
Netherlands;199.7464;18958.475;equality;foster;67%;exponential;1863.60158471304;27.9496972780046;2°C;consumption_based
New Caledonia;0;340.581;equality;foster;67%;exponential;33.4788157445761;inf;2°C;consumption_based
New Zealand;79.7114;5755.288;equality;foster;67%;exponential;565.739799075609;21.261763995172;2°C;consumption_based
Nicaragua;16.31699;8756.43;equality;foster;67%;exponential;860.749444479518;158.030058869372;2°C;consumption_based
Niger;34.38707;52513.876;equality;foster;67%;exponential;5162.06828518772;449.708991205891;2°C;consumption_based
Nigeria;449.8309;359185.556;equality;foster;67%;exponential;35307.6273997584;235.137690416722;2°C;consumption_based
Norway;76.82043;5899.829;equality;foster;67%;exponential;579.94805351886;22.6159772981128;2°C;consumption_based
Oman;65.19586;7827.002;equality;foster;67%;exponential;769.387481363989;35.3531483255305;2°C;consumption_based
Pakistan;578.9303;371863.793;equality;foster;67%;exponential;36553.8870574876;189.151715123501;2°C;consumption_based
Panama;21.22502;5630.68;equality;foster;67%;exponential;553.49094117602;78.1205707038568;2°C;consumption_based
Papua New Guinea;17.17362;14906.59;equality;foster;67%;exponential;1465.30481732669;255.604871416725;2°C;consumption_based
Paraguay;29.96962;8640.464;equality;foster;67%;exponential;849.350087655046;84.900157864335;2°C;consumption_based
Peru;99.16215;40583.876;equality;foster;67%;exponential;3989.3596730432;120.520314690134;2°C;consumption_based
Philippines;260.8678;134373.439;equality;foster;67%;exponential;13208.7920501908;151.686044193342;2°C;consumption_based
Poland;340.3965;32814.096;equality;foster;67%;exponential;3225.59706445407;28.3875575320724;2°C;consumption_based
Portugal;63.02308;9770.27;equality;foster;67%;exponential;960.409033694657;45.6519792122486;2°C;consumption_based
Qatar;162.3337;4164.46;equality;foster;67%;exponential;409.362791863485;7.55444696435556;2°C;consumption_based
Romania;116.8046;16027.266;equality;foster;67%;exponential;1575.4662923161;40.4065868791793;2°C;consumption_based
Rwanda;8.712675;22707.91;equality;foster;67%;exponential;2232.16778045287;767.499884925127;2°C;consumption_based
Samoa;0.6925006;272.726;equality;foster;67%;exponential;26.8087283282252;115.973578457268;2°C;consumption_based
San Marino;0.566147;33.696;equality;foster;67%;exponential;3.31228745975036;17.5267667981325;2°C;consumption_based
Sao Tome and Principe;0.2998609;365.115;equality;foster;67%;exponential;35.8904865819905;358.560549132032;2°C;consumption_based
Saudi Arabia;703.8256;47693.909;equality;foster;67%;exponential;4688.2697259964;19.954944698365;2°C;consumption_based
Senegal;28.29428;30364.954;equality;foster;67%;exponential;2984.84853840505;316.028790913586;2°C;consumption_based
Serbia;73.73461;5532.87;equality;foster;67%;exponential;543.876303342503;22.0969202216486;2°C;consumption_based
Seychelles;0.9971907;141.747;equality;foster;67%;exponential;13.9336066760813;41.8589495535247;2°C;consumption_based
Sierra Leone;7.612386;12948.325;equality;foster;67%;exponential;1272.80907295442;500.893572386094;2°C;consumption_based
Singapore;98.39144;6081.692;equality;foster;67%;exponential;597.82502806458;18.2020278442046;2°C;consumption_based
Slovakia;47.49821;4936.488;equality;foster;67%;exponential;485.25247203253;30.6050794606724;2°C;consumption_based
Slovenia;16.40035;1981.553;equality;foster;67%;exponential;194.78493449462;35.5799427858327;2°C;consumption_based
Somalia;27.54213;37206.512;equality;foster;67%;exponential;3657.36773262854;397.808541056567;2°C;consumption_based
South Africa;442.3963;79177.328;equality;foster;67%;exponential;7783.06240001605;52.7038115346188;2°C;consumption_based
South Sudan;0;18341.974;equality;foster;67%;exponential;1803.00007322137;inf;2°C;consumption_based
Spain;347.0203;44928.558;equality;foster;67%;exponential;4416.43813058128;38.1259143685161;2°C;consumption_based
Sri Lanka;52.34435;24813.69;equality;foster;67%;exponential;2439.16412087883;139.59639726946;2°C;consumption_based
Sudan;0;85206.383;equality;foster;67%;exponential;8375.71325681346;inf;2°C;consumption_based
Suriname;3.667079;733.905;equality;foster;67%;exponential;72.1422224640339;58.9348590857786;2°C;consumption_based
Sweden;98.71911;11309.63;equality;foster;67%;exponential;1111.72678132171;33.7364852476867;2°C;consumption_based
Switzerland;98.65993;9342.586;equality;foster;67%;exponential;918.368068893615;27.8855343094816;2°C;consumption_based
Tajikistan;16.7698;15574.642;equality;foster;67%;exponential;1530.97374723116;273.490886268428;2°C;consumption_based
Thailand;283.2797;66382.735;equality;foster;67%;exponential;6525.36504880197;69.0068743839297;2°C;consumption_based
Togo;13.54584;15584.778;equality;foster;67%;exponential;1531.9701072054;338.803078456205;2°C;consumption_based
Trinidad and Tobago;32.59566;1399.8;equality;foster;67%;exponential;137.599121146681;12.6461660243044;2°C;consumption_based
Tunisia;31.10463;13145.141;equality;foster;67%;exponential;1292.15591438005;124.449420397285;2°C;consumption_based
Turkmenistan;101.6677;9639.708;equality;foster;67%;exponential;947.574902779416;27.9211658950294;2°C;consumption_based
Uganda;50.1081;85431.202;equality;foster;67%;exponential;8397.81276875593;502.066506984418;2°C;consumption_based
Ukraine;252.1204;31990.132;equality;foster;67%;exponential;3144.60212070746;37.3646323759984;2°C;consumption_based
Uruguay;31.57455;3254.354;equality;foster;67%;exponential;319.900164523636;30.3515092749916;2°C;consumption_based
Uzbekistan;165.7009;52210.754;equality;foster;67%;exponential;5132.27165652632;92.7871353631893;2°C;consumption_based
Vanuatu;0.5712391;534.388;equality;foster;67%;exponential;52.5298750902503;275.480866302084;2°C;consumption_based
Viet Nam;237.3877;110008.908;equality;foster;67%;exponential;10813.779867914;136.465323811716;2°C;consumption_based
Yemen;45.34253;70976.403;equality;foster;67%;exponential;6976.9186133395;460.957521777913;2°C;consumption_based
Zambia;39.16851;38083.386;equality;foster;67%;exponential;3743.56368330462;286.319661998383;2°C;consumption_based
Zimbabwe;22.44673;25866.385;equality;foster;67%;exponential;2542.6431227616;339.34020959788;2°C;consumption_based
Afghanistan;36.29291;76885.134;responsability;foster;67%;linear;13536.5191970436;745.959428276409;2°C;consumption_based
Albania;10.69817;2240.166;responsability;foster;67%;linear;108.85129345981;20.3495164985805;2°C;consumption_based
Algeria;229.2533;59565.554;responsability;foster;67%;linear;6796.81602636942;59.2952513780122;2°C;consumption_based
Andorra;0.7052279;82.195;responsability;foster;67%;linear;-16.590038452091;-16;2°C;consumption_based
Angola;63.06419;74295.394;responsability;foster;67%;linear;11933.5103151308;378.455992699844;2°C;consumption_based
Argentina;329.7293;48308.943;responsability;foster;67%;linear;-798.227162672585;-1;2°C;consumption_based
Armenia;13.76886;2495.207;responsability;foster;67%;linear;61.6216327346286;8.95086924184408;2°C;consumption_based
Aruba;0.8570806;100.002;responsability;foster;67%;linear;-39.0227637020014;-19;2°C;consumption_based
Australia;516.071;32506.969;responsability;foster;67%;linear;-10540.1247714756;-18;2°C;consumption_based
Austria;104.6011;8724.332;responsability;foster;67%;linear;-2136.71174649913;-17;2°C;consumption_based
Azerbaijan;61.16201;11224.923;responsability;foster;67%;linear;241.434107759833;7.89490429630529;2°C;consumption_based
Bahamas;3.216727;424.265;responsability;foster;67%;linear;-48.7109088406095;-12;2°C;consumption_based
Bahrain;29.84191;2139.464;responsability;foster;67%;linear;-673.524922283478;-18;2°C;consumption_based
Bangladesh;198.2366;214709.096;responsability;foster;67%;linear;36300.4225039416;366.233304081503;2°C;consumption_based
Barbados;4.262979;264.216;responsability;foster;67%;linear;-130.12206368157;-22;2°C;consumption_based
Belarus;37.69015;7453.546;responsability;foster;67%;linear;1169.41542160868;62.0541664922361;2°C;consumption_based
Belgium;135.3539;11870.906;responsability;foster;67%;linear;-2335.72054208391;-16;2°C;consumption_based
Belize;1.471538;516.627;responsability;foster;67%;linear;48.7312586030911;66.231736595441;2°C;consumption_based
Benin;17.1341;24433.809;responsability;foster;67%;linear;4184.66286296148;488.4601890921;2°C;consumption_based
Bermuda;0;56.937;responsability;foster;67%;linear;10.6024702017494;inf;2°C;consumption_based
Bhutan;3.675114;882.34;responsability;foster;67%;linear;94.3895588462437;51.3668739779194;2°C;consumption_based
Bosnia and Herzegovina;26.34888;2455.167;responsability;foster;67%;linear;-256.264730415907;-8;2°C;consumption_based
Botswana;18.26959;3437.43;responsability;foster;67%;linear;-5.64537758277572;1;2°C;consumption_based
Brazil;1077.661;217489.3;responsability;foster;67%;linear;10717.2187814732;19.8897775487341;2°C;consumption_based
British Virgin Islands;0.2776416;40.34;responsability;foster;67%;linear;-7.32569753005478;-16;2°C;consumption_based
Bulgaria;57.15165;5402.217;responsability;foster;67%;linear;-660.722654045627;-11;2°C;consumption_based
Burkina Faso;29.78411;37304.383;responsability;foster;67%;linear;6340.24218350678;425.74662687633;2°C;consumption_based
Burundi;4.499215;24131.72;responsability;foster;67%;linear;4383.49115537072;1948.55820642966;2°C;consumption_based
Cambodia;40.78146;21931.455;responsability;foster;67%;linear;3191.85369030645;156.534547331383;2°C;consumption_based
Cameroon;38.30513;51096.317;responsability;foster;67%;linear;8470.52703970287;442.265933555264;2°C;consumption_based
Canada;672.7777;45621.882;responsability;foster;67%;linear;-14420.4856135759;-18;2°C;consumption_based
Cayman Islands;0;103.958;responsability;foster;67%;linear;19.3584417379466;inf;2°C;consumption_based
Central African Republic;9.32562;10616.752;responsability;foster;67%;linear;1397.51821581797;299.715882872767;2°C;consumption_based
Chad;49.86327;38857.686;responsability;foster;67%;linear;6377.09913784545;255.783430883913;2°C;consumption_based
Chile;120.2864;20320.306;responsability;foster;67%;linear;824.596186181216;13.7105472635513;2°C;consumption_based
China;12046.22;1260289.093;responsability;foster;67%;linear;-984.253297042305;1;2°C;consumption_based
Colombia;192.7321;59385.356;responsability;foster;67%;linear;6201.52412433884;64.3538271449213;2°C;consumption_based
Congo;20.37865;11006.472;responsability;foster;67%;linear;1600.04403211234;157.031406114962;2°C;consumption_based
Costa Rica;20.15067;5354.15;responsability;foster;67%;linear;455.910760506501;45.2501837910601;2°C;consumption_based
Croatia;23.31505;3234.159;responsability;foster;67%;linear;-380.467576728144;-12;2°C;consumption_based
Cuba;41.99676;9382;responsability;foster;67%;linear;311.286665003127;14.824318114213;2°C;consumption_based
Cyprus;10.44542;1508.481;responsability;foster;67%;linear;-132.888042469253;-9;2°C;consumption_based
Denmark;60.05671;6124.838;responsability;foster;67%;linear;-1544.27777039899;-18;2°C;consumption_based
Djibouti;1.718966;1530.539;responsability;foster;67%;linear;228.325380369871;265.654329835344;2°C;consumption_based
Dominican Republic;36.86521;12996.293;responsability;foster;67%;linear;1479.88897554516;80.2864801554178;2°C;consumption_based
Ecuador;64.94059;21337.238;responsability;foster;67%;linear;2238.10043742339;68.927628696425;2°C;consumption_based
Egypt;359.3699;161630.192;responsability;foster;67%;linear;21733.91113035;120.955656722224;2°C;consumption_based
El Salvador;15.27658;6663.345;responsability;foster;67%;linear;764.914687939705;100.142137564783;2°C;consumption_based
Eritrea;6.147011;5696.062;responsability;foster;67%;linear;882.28194579576;287.060474040395;2°C;consumption_based
Estonia;12.3808;1174.267;responsability;foster;67%;linear;-356.051488888461;-20;2°C;consumption_based
Ethiopia;15.46353;225021.874;responsability;foster;67%;linear;41517.2620374569;5369.70045487116;2°C;consumption_based
Fiji;3.433959;1000.261;responsability;foster;67%;linear;91.4788955695781;53.2789678441578;2°C;consumption_based
Finland;64.9849;5351.645;responsability;foster;67%;linear;-1573.38350172557;-19;2°C;consumption_based
France;561.8057;68219.675;responsability;foster;67%;linear;-10246.4710258263;-14;2°C;consumption_based
French Polynesia;0;284.75;responsability;foster;67%;linear;53.0244549229525;inf;2°C;consumption_based
Gabon;14.30998;4084.533;responsability;foster;67%;linear;236.782552325942;33.093344969866;2°C;consumption_based
Gambia;2.508158;4301.896;responsability;foster;67%;linear;734.972375071043;586.06545127623;2°C;consumption_based
Georgia;17.8212;3664.014;responsability;foster;67%;linear;-42.0998099470875;-1;2°C;consumption_based
Germany;872.121;78294.613;responsability;foster;67%;linear;-21391.172069259;-20;2°C;consumption_based
Ghana;54.33566;50553.047;responsability;foster;67%;linear;8538.71633477401;314.295117967611;2°C;consumption_based
Greece;83.41989;8812.07;responsability;foster;67%;linear;-3337.9375068906;-21;2°C;consumption_based
Greenland;0;49.898;responsability;foster;67%;linear;9.29170940033532;inf;2°C;consumption_based
Guatemala;40.88083;24670.857;responsability;foster;67%;linear;3671.98112157017;179.643178554358;2°C;consumption_based
Guinea;25.79336;23404.584;responsability;foster;67%;linear;3836.38450022197;297.470705656182;2°C;consumption_based
Guyana;3.330323;940.608;responsability;foster;67%;linear;-1131.44607703189;-27;2°C;consumption_based
Haiti;14.31872;14710.861;responsability;foster;67%;linear;2395.53215602746;334.601438679919;2°C;consumption_based
Honduras;16.61826;14846.778;responsability;foster;67%;linear;2312.79455905911;278.34376872899;2°C;consumption_based
Hungary;60.08714;8725.347;responsability;foster;67%;linear;-591.699299223464;-9;2°C;consumption_based
Iceland;6.905605;432.993;responsability;foster;67%;linear;-115.953236483919;-16;2°C;consumption_based
India;2949.414;1679589.259;responsability;foster;67%;linear;249645.730942654;169.284970467119;2°C;consumption_based
Indonesia;847.1642;320712.949;responsability;foster;67%;linear;40850.0736347943;96.4395653989965;2°C;consumption_based
Iraq;404.6027;71928.75;responsability;foster;67%;linear;7211.32013619603;35.6464261666866;2°C;consumption_based
Ireland;58.80573;5970.042;responsability;foster;67%;linear;-1008.55462275809;-14;2°C;consumption_based
Israel;96.33576;13092.722;responsability;foster;67%;linear;-455.118228410014;-3;2°C;consumption_based
Italy;480.3724;51891.098;responsability;foster;67%;linear;-11020.4991197418;-17;2°C;consumption_based
Jamaica;12.76953;2454.94;responsability;foster;67%;linear;-59.1496140085935;-3;2°C;consumption_based
Japan;1258.371;105123.167;responsability;foster;67%;linear;-36442.0417789306;-20;2°C;consumption_based
Jordan;33.45501;16367.355;responsability;foster;67%;linear;2051.29907291646;122.630306965471;2°C;consumption_based
Kazakhstan;260.4604;26544.264;responsability;foster;67%;linear;-5708.93800612484;-11;2°C;consumption_based
Kenya;79.74114;83593.239;responsability;foster;67%;linear;13671.6093455192;342.89977157385;2°C;consumption_based
Kuwait;120.129;6367.756;responsability;foster;67%;linear;-1781.22819223052;-14;2°C;consumption_based
Kyrgyzstan;24.1211;9642.952;responsability;foster;67%;linear;1231.26788361438;102.09052519283;2°C;consumption_based
Latvia;16.48173;1513.81;responsability;foster;67%;linear;-253.088976718473;-14;2°C;consumption_based
Lebanon;35.63768;6999.26;responsability;foster;67%;linear;323.249474482966;18.140882037381;2°C;consumption_based
Lesotho;4.251056;2993.076;responsability;foster;67%;linear;401.124077912102;188.717381239909;2°C;consumption_based
Liberia;4.860882;8910.53;responsability;foster;67%;linear;1586.21847451964;652.646361100572;2°C;consumption_based
Libya;56.0342;9260.606;responsability;foster;67%;linear;-7.29448516690627;1;2°C;consumption_based
Liechtenstein;1.370673;43.013;responsability;foster;67%;linear;-12.3008679351152;-16;2°C;consumption_based
Lithuania;26.37468;2258.774;responsability;foster;67%;linear;-530.856082224277;-17;2°C;consumption_based
Luxembourg;8.842451;791.464;responsability;foster;67%;linear;-399.189404497315;-22;2°C;consumption_based
Madagascar;31.88092;53185.475;responsability;foster;67%;linear;9033.85360268066;566.724774735526;2°C;consumption_based
Malawi;16.42;37361.682;responsability;foster;67%;linear;6638.30325619995;808.563124993904;2°C;consumption_based
Malaysia;233.1968;44289.772;responsability;foster;67%;linear;2608.03472869831;22.3676716721525;2°C;consumption_based
Maldives;2.901473;589.962;responsability;foster;67%;linear;60.7822541377696;41.8975149089925;2°C;consumption_based
Mali;73.55506;46154.079;responsability;foster;67%;linear;7332.53062301453;199.375287655656;2°C;consumption_based
Malta;2.956266;535.722;responsability;foster;67%;linear;-33.9293688314874;-9;2°C;consumption_based
Mauritania;8.741203;9415.598;responsability;foster;67%;linear;1533.63784114887;350.8985756649;2°C;consumption_based
Mauritius;9.153498;1107.197;responsability;foster;67%;linear;-43.6196242078026;-3;2°C;consumption_based
Mexico;597.8052;148946.274;responsability;foster;67%;linear;8656.11230326508;28.9596420481625;2°C;consumption_based
Monaco;1.08342;36.757;responsability;foster;67%;linear;-9.57763922387018;-15;2°C;consumption_based
Mongolia;44.70931;4501.493;responsability;foster;67%;linear;121.979944742708;5.45657916629482;2°C;consumption_based
Montenegro;4.889849;533.295;responsability;foster;67%;linear;-55.2832933665111;-10;2°C;consumption_based
Morocco;84.54553;43440.431;responsability;foster;67%;linear;6083.12068877306;143.901651306061;2°C;consumption_based
Mozambique;46.50852;63530.951;responsability;foster;67%;linear;10799.5654898834;464.412348098087;2°C;consumption_based
Myanmar;76.01056;58623.231;responsability;foster;67%;linear;9417.33901028036;247.790280989388;2°C;consumption_based
Namibia;15.53063;4512.3;responsability;foster;67%;linear;336.073984139907;43.2788604377166;2°C;consumption_based
Nepal;51.71283;34642.027;responsability;foster;67%;linear;5376.37571707183;207.931985817517;2°C;consumption_based
Netherlands;199.7464;18958.475;responsability;foster;67%;linear;-4192.89730976147;-16;2°C;consumption_based
New Caledonia;0;340.581;responsability;foster;67%;linear;63.4209723691452;inf;2°C;consumption_based
New Zealand;79.7114;5755.288;responsability;foster;67%;linear;-1379.75688800839;-16;2°C;consumption_based
Nicaragua;16.31699;8756.43;responsability;foster;67%;linear;1168.60833254957;143.238223783868;2°C;consumption_based
Niger;34.38707;52513.876;responsability;foster;67%;linear;9179.59482404308;533.898050868718;2°C;consumption_based
Nigeria;449.8309;359185.556;responsability;foster;67%;linear;55854.0248638196;248.333428689846;2°C;consumption_based
Norway;76.82043;5899.829;responsability;foster;67%;linear;-1519.28950088278;-16;2°C;consumption_based
Oman;65.19586;7827.002;responsability;foster;67%;linear;101.94460682479;3.12733375477493;2°C;consumption_based
Pakistan;578.9303;371863.793;responsability;foster;67%;linear;58550.795208803;202.272346805144;2°C;consumption_based
Panama;21.22502;5630.68;responsability;foster;67%;linear;507.05665981763;47.779145538391;2°C;consumption_based
Papua New Guinea;17.17362;14906.59;responsability;foster;67%;linear;2424.65303769687;282.369475707145;2°C;consumption_based
Paraguay;29.96962;8640.464;responsability;foster;67%;linear;559.992332322717;37.3706661828023;2°C;consumption_based
Peru;99.16215;40583.876;responsability;foster;67%;linear;4888.13281118768;98.5886814916313;2°C;consumption_based
Philippines;260.8678;134373.439;responsability;foster;67%;linear;19654.5874337317;150.686189968495;2°C;consumption_based
Poland;340.3965;32814.096;responsability;foster;67%;linear;-6129.85220442692;-15;2°C;consumption_based
Portugal;63.02308;9770.27;responsability;foster;67%;linear;-1154.04051009631;-13;2°C;consumption_based
Qatar;162.3337;4164.46;responsability;foster;67%;linear;-2154.97096612489;-13;2°C;consumption_based
Romania;116.8046;16027.266;responsability;foster;67%;linear;-1543.17501213286;-12;2°C;consumption_based
Rwanda;8.712675;22707.91;responsability;foster;67%;linear;4027.80308991207;924.584720516276;2°C;consumption_based
Samoa;0.6925006;272.726;responsability;foster;67%;linear;32.8019173090154;94.7346971512095;2°C;consumption_based
San Marino;0.566147;33.696;responsability;foster;67%;linear;-17.0123645759129;-21;2°C;consumption_based
Sao Tome and Principe;0.2998609;365.115;responsability;foster;67%;linear;58.5601437324629;390.582058097357;2°C;consumption_based
Saudi Arabia;703.8256;47693.909;responsability;foster;67%;linear;-5658.34374374048;-7;2°C;consumption_based
Senegal;28.29428;30364.954;responsability;foster;67%;linear;4995.3954887288;353.102852500845;2°C;consumption_based
Serbia;73.73461;5532.87;responsability;foster;67%;linear;-1394.84800785055;-16;2°C;consumption_based
Seychelles;0.9971907;141.747;responsability;foster;67%;linear;-4.59269947115453;-3;2°C;consumption_based
Sierra Leone;7.612386;12948.325;responsability;foster;67%;linear;2238.49839928969;588.120045223584;2°C;consumption_based
Singapore;98.39144;6081.692;responsability;foster;67%;linear;-2680.30860243448;-18;2°C;consumption_based
Slovakia;47.49821;4936.488;responsability;foster;67%;linear;-1094.40370418368;-18;2°C;consumption_based
Slovenia;16.40035;1981.553;responsability;foster;67%;linear;-267.124461454113;-13;2°C;consumption_based
Somalia;27.54213;37206.512;responsability;foster;67%;linear;6052.34133278065;439.496969390577;2°C;consumption_based
South Africa;442.3963;79177.328;responsability;foster;67%;linear;1771.25187886154;8.00753477758084;2°C;consumption_based
South Sudan;0;18341.974;responsability;foster;67%;linear;3415.53353313772;inf;2°C;consumption_based
Spain;347.0203;44928.558;responsability;foster;67%;linear;-6772.03679376907;-14;2°C;consumption_based
Sri Lanka;52.34435;24813.69;responsability;foster;67%;linear;3609.73851507328;137.922756327026;2°C;consumption_based
Sudan;0;85206.383;responsability;foster;67%;linear;15866.6269167035;inf;2°C;consumption_based
Suriname;3.667079;733.905;responsability;foster;67%;linear;27.4899591526934;14.9928371615083;2°C;consumption_based
Sweden;98.71911;11309.63;responsability;foster;67%;linear;-1390.76593746174;-12;2°C;consumption_based
Switzerland;98.65993;9342.586;responsability;foster;67%;linear;-2076.64551614291;-16;2°C;consumption_based
Tajikistan;16.7698;15574.642;responsability;foster;67%;linear;2480.90666404696;295.877907195907;2°C;consumption_based
Thailand;283.2797;66382.735;responsability;foster;67%;linear;3358.92091016611;23.7145189730582;2°C;consumption_based
Togo;13.54584;15584.778;responsability;foster;67%;linear;2597.21692380675;383.470781259302;2°C;consumption_based
Trinidad and Tobago;32.59566;1399.8;responsability;foster;67%;linear;-668.924812234771;-18;2°C;consumption_based
Tunisia;31.10463;13145.141;responsability;foster;67%;linear;1344.50385664743;86.4504002553592;2°C;consumption_based
Turkmenistan;101.6677;9639.708;responsability;foster;67%;linear;-488.627280811502;-4;2°C;consumption_based
Uganda;50.1081;85431.202;responsability;foster;67%;linear;14770.835216515;589.558782572678;2°C;consumption_based
Ukraine;252.1204;31990.132;responsability;foster;67%;linear;-6285.09579003231;-19;2°C;consumption_based
Uruguay;31.57455;3254.354;responsability;foster;67%;linear;-530.151823691554;-13;2°C;consumption_based
Uzbekistan;165.7009;52210.754;responsability;foster;67%;linear;3538.67232332348;42.711564310435;2°C;consumption_based
Vanuatu;0.5712391;534.388;responsability;foster;67%;linear;77.1784288062045;270.214097060949;2°C;consumption_based
Viet Nam;237.3877;110008.908;responsability;foster;67%;linear;14616.4235617444;123.143899719694;2°C;consumption_based
Yemen;45.34253;70976.403;responsability;foster;67%;linear;12192.0558603224;537.775720072189;2°C;consumption_based
Zambia;39.16851;38083.386;responsability;foster;67%;linear;6092.58478454926;311.096071029981;2°C;consumption_based
Zimbabwe;22.44673;25866.385;responsability;foster;67%;linear;4002.52537491127;356.62436131332;2°C;consumption_based
Afghanistan;36.29291;76885.134;responsability;foster;67%;exponential;13536.5191970436;1117.34736702476;2°C;consumption_based
Albania;10.69817;2240.166;responsability;foster;67%;exponential;108.85129345981;30.4808516630086;2°C;consumption_based
Algeria;229.2533;59565.554;responsability;foster;67%;exponential;6796.81602636942;88.8163491108039;2°C;consumption_based
Andorra;0.7052279;82.195;responsability;foster;67%;exponential;-16.590038452091;-16;2°C;consumption_based
Angola;63.06419;74295.394;responsability;foster;67%;exponential;11933.5103151308;566.876415725418;2°C;consumption_based
Argentina;329.7293;48308.943;responsability;foster;67%;exponential;-798.227162672585;-1;2°C;consumption_based
Armenia;13.76886;2495.207;responsability;foster;67%;exponential;61.6216327346286;13.407203932077;2°C;consumption_based
Aruba;0.8570806;100.002;responsability;foster;67%;exponential;-39.0227637020014;-19;2°C;consumption_based
Australia;516.071;32506.969;responsability;foster;67%;exponential;-10540.1247714756;-18;2°C;consumption_based
Austria;104.6011;8724.332;responsability;foster;67%;exponential;-2136.71174649913;-17;2°C;consumption_based
Azerbaijan;61.16201;11224.923;responsability;foster;67%;exponential;241.434107759833;11.8255097985309;2°C;consumption_based
Bahamas;3.216727;424.265;responsability;foster;67%;exponential;-48.7109088406095;-12;2°C;consumption_based
Bahrain;29.84191;2139.464;responsability;foster;67%;exponential;-673.524922283478;-18;2°C;consumption_based
Bangladesh;198.2366;214709.096;responsability;foster;67%;exponential;36300.4225039416;548.568464343635;2°C;consumption_based
Barbados;4.262979;264.216;responsability;foster;67%;exponential;-130.12206368157;-22;2°C;consumption_based
Belarus;37.69015;7453.546;responsability;foster;67%;exponential;1169.41542160868;92.9488346346421;2°C;consumption_based
Belgium;135.3539;11870.906;responsability;foster;67%;exponential;-2335.72054208391;-16;2°C;consumption_based
Belize;1.471538;516.627;responsability;foster;67%;exponential;48.7312586030911;99.2062754262448;2°C;consumption_based
Benin;17.1341;24433.809;responsability;foster;67%;exponential;4184.66286296148;731.647976404745;2°C;consumption_based
Bermuda;0;56.937;responsability;foster;67%;exponential;10.6024702017494;inf;2°C;consumption_based
Bhutan;3.675114;882.34;responsability;foster;67%;exponential;94.3895588462437;76.940701083617;2°C;consumption_based
Bosnia and Herzegovina;26.34888;2455.167;responsability;foster;67%;exponential;-256.264730415907;-8;2°C;consumption_based
Botswana;18.26959;3437.43;responsability;foster;67%;exponential;-5.64537758277572;1;2°C;consumption_based
Brazil;1077.661;217489.3;responsability;foster;67%;exponential;10717.2187814732;29.7922242582762;2°C;consumption_based
British Virgin Islands;0.2776416;40.34;responsability;foster;67%;exponential;-7.32569753005478;-16;2°C;consumption_based
Bulgaria;57.15165;5402.217;responsability;foster;67%;exponential;-660.722654045627;-11;2°C;consumption_based
Burkina Faso;29.78411;37304.383;responsability;foster;67%;exponential;6340.24218350678;637.711455245085;2°C;consumption_based
Burundi;4.499215;24131.72;responsability;foster;67%;exponential;4383.49115537072;2918.67935294991;2°C;consumption_based
Cambodia;40.78146;21931.455;responsability;foster;67%;exponential;3191.85369030645;234.467797683394;2°C;consumption_based
Cameroon;38.30513;51096.317;responsability;foster;67%;exponential;8470.52703970287;662.455165322494;2°C;consumption_based
Canada;672.7777;45621.882;responsability;foster;67%;exponential;-14420.4856135759;-18;2°C;consumption_based
Cayman Islands;0;103.958;responsability;foster;67%;exponential;19.3584417379466;inf;2°C;consumption_based
Central African Republic;9.32562;10616.752;responsability;foster;67%;exponential;1397.51821581797;448.934271609337;2°C;consumption_based
Chad;49.86327;38857.686;responsability;foster;67%;exponential;6377.09913784545;383.129339469653;2°C;consumption_based
Chile;120.2864;20320.306;responsability;foster;67%;exponential;824.596186181216;20.5365644627539;2°C;consumption_based
China;12046.22;1260289.093;responsability;foster;67%;exponential;-984.253297042305;1;2°C;consumption_based
Colombia;192.7321;59385.356;responsability;foster;67%;exponential;6201.52412433884;96.3934184523778;2°C;consumption_based
Congo;20.37865;11006.472;responsability;foster;67%;exponential;1600.04403211234;235.212025630078;2°C;consumption_based
Costa Rica;20.15067;5354.15;responsability;foster;67%;exponential;455.910760506501;67.7787179835642;2°C;consumption_based
Croatia;23.31505;3234.159;responsability;foster;67%;exponential;-380.467576728144;-12;2°C;consumption_based
Cuba;41.99676;9382;responsability;foster;67%;exponential;311.286665003127;22.2048441040894;2°C;consumption_based
Cyprus;10.44542;1508.481;responsability;foster;67%;exponential;-132.888042469253;-9;2°C;consumption_based
Denmark;60.05671;6124.838;responsability;foster;67%;exponential;-1544.27777039899;-18;2°C;consumption_based
Djibouti;1.718966;1530.539;responsability;foster;67%;exponential;228.325380369871;397.914624748548;2°C;consumption_based
Dominican Republic;36.86521;12996.293;responsability;foster;67%;exponential;1479.88897554516;120.258399865819;2°C;consumption_based
Ecuador;64.94059;21337.238;responsability;foster;67%;exponential;2238.10043742339;103.244360912713;2°C;consumption_based
Egypt;359.3699;161630.192;responsability;foster;67%;exponential;21733.91113035;181.175382255842;2°C;consumption_based
El Salvador;15.27658;6663.345;responsability;foster;67%;exponential;764.914687939705;149.999516722752;2°C;consumption_based
Eritrea;6.147011;5696.062;responsability;foster;67%;exponential;882.28194579576;429.978163272259;2°C;consumption_based
Estonia;12.3808;1174.267;responsability;foster;67%;exponential;-356.051488888461;-20;2°C;consumption_based
Ethiopia;15.46353;225021.874;responsability;foster;67%;exponential;41517.2620374569;8043.09247598753;2°C;consumption_based
Fiji;3.433959;1000.261;responsability;foster;67%;exponential;91.4788955695781;79.8047617361944;2°C;consumption_based
Finland;64.9849;5351.645;responsability;foster;67%;exponential;-1573.38350172557;-19;2°C;consumption_based
France;561.8057;68219.675;responsability;foster;67%;exponential;-10246.4710258263;-14;2°C;consumption_based
French Polynesia;0;284.75;responsability;foster;67%;exponential;53.0244549229525;inf;2°C;consumption_based
Gabon;14.30998;4084.533;responsability;foster;67%;exponential;236.782552325942;49.5694007830416;2°C;consumption_based
Gambia;2.508158;4301.896;responsability;foster;67%;exponential;734.972375071043;877.847593401593;2°C;consumption_based
Georgia;17.8212;3664.014;responsability;foster;67%;exponential;-42.0998099470875;-1;2°C;consumption_based
Germany;872.121;78294.613;responsability;foster;67%;exponential;-21391.172069259;-20;2°C;consumption_based
Ghana;54.33566;50553.047;responsability;foster;67%;exponential;8538.71633477401;470.772014158016;2°C;consumption_based
Greece;83.41989;8812.07;responsability;foster;67%;exponential;-3337.9375068906;-21;2°C;consumption_based
Greenland;0;49.898;responsability;foster;67%;exponential;9.29170940033532;inf;2°C;consumption_based
Guatemala;40.88083;24670.857;responsability;foster;67%;exponential;3671.98112157017;269.081433859556;2°C;consumption_based
Guinea;25.79336;23404.584;responsability;foster;67%;exponential;3836.38450022197;445.571296685552;2°C;consumption_based
Guyana;3.330323;940.608;responsability;foster;67%;exponential;-1131.44607703189;-27;2°C;consumption_based
Haiti;14.31872;14710.861;responsability;foster;67%;exponential;2395.53215602746;501.188164315514;2°C;consumption_based
Honduras;16.61826;14846.778;responsability;foster;67%;exponential;2312.79455905911;416.921705562042;2°C;consumption_based
Hungary;60.08714;8725.347;responsability;foster;67%;exponential;-591.699299223464;-9;2°C;consumption_based
Iceland;6.905605;432.993;responsability;foster;67%;exponential;-115.953236483919;-16;2°C;consumption_based
India;2949.414;1679589.259;responsability;foster;67%;exponential;249645.730942654;253.566224727991;2°C;consumption_based
Indonesia;847.1642;320712.949;responsability;foster;67%;exponential;40850.0736347943;144.453559256647;2°C;consumption_based
Iraq;404.6027;71928.75;responsability;foster;67%;exponential;7211.32013619603;53.3935746522013;2°C;consumption_based
Ireland;58.80573;5970.042;responsability;foster;67%;exponential;-1008.55462275809;-14;2°C;consumption_based
Israel;96.33576;13092.722;responsability;foster;67%;exponential;-455.118228410014;-3;2°C;consumption_based
Italy;480.3724;51891.098;responsability;foster;67%;exponential;-11020.4991197418;-17;2°C;consumption_based
Jamaica;12.76953;2454.94;responsability;foster;67%;exponential;-59.1496140085935;-3;2°C;consumption_based
Japan;1258.371;105123.167;responsability;foster;67%;exponential;-36442.0417789306;-20;2°C;consumption_based
Jordan;33.45501;16367.355;responsability;foster;67%;exponential;2051.29907291646;183.683784146148;2°C;consumption_based
Kazakhstan;260.4604;26544.264;responsability;foster;67%;exponential;-5708.93800612484;-11;2°C;consumption_based
Kenya;79.74114;83593.239;responsability;foster;67%;exponential;13671.6093455192;513.617956149037;2°C;consumption_based
Kuwait;120.129;6367.756;responsability;foster;67%;exponential;-1781.22819223052;-14;2°C;consumption_based
Kyrgyzstan;24.1211;9642.952;responsability;foster;67%;exponential;1231.26788361438;152.917940572118;2°C;consumption_based
Latvia;16.48173;1513.81;responsability;foster;67%;exponential;-253.088976718473;-14;2°C;consumption_based
Lebanon;35.63768;6999.26;responsability;foster;67%;exponential;323.249474482966;27.172612895059;2°C;consumption_based
Lesotho;4.251056;2993.076;responsability;foster;67%;exponential;401.124077912102;282.673374780494;2°C;consumption_based
Liberia;4.860882;8910.53;responsability;foster;67%;exponential;1586.21847451964;977.576883583277;2°C;consumption_based
Libya;56.0342;9260.606;responsability;foster;67%;exponential;-7.29448516690627;1;2°C;consumption_based
Liechtenstein;1.370673;43.013;responsability;foster;67%;exponential;-12.3008679351152;-16;2°C;consumption_based
Lithuania;26.37468;2258.774;responsability;foster;67%;exponential;-530.856082224277;-17;2°C;consumption_based
Luxembourg;8.842451;791.464;responsability;foster;67%;exponential;-399.189404497315;-22;2°C;consumption_based
Madagascar;31.88092;53185.475;responsability;foster;67%;exponential;9033.85360268066;848.877848948914;2°C;consumption_based
Malawi;16.42;37361.682;responsability;foster;67%;exponential;6638.30325619995;1211.11932437495;2°C;consumption_based
Malaysia;233.1968;44289.772;responsability;foster;67%;exponential;2608.03472869831;33.5037779562633;2°C;consumption_based
Maldives;2.901473;589.962;responsability;foster;67%;exponential;60.7822541377696;62.7568687972892;2°C;consumption_based
Mali;73.55506;46154.079;responsability;foster;67%;exponential;7332.53062301453;298.63749188958;2°C;consumption_based
Malta;2.956266;535.722;responsability;foster;67%;exponential;-33.9293688314874;-9;2°C;consumption_based
Mauritania;8.741203;9415.598;responsability;foster;67%;exponential;1533.63784114887;525.599093931733;2°C;consumption_based
Mauritius;9.153498;1107.197;responsability;foster;67%;exponential;-43.6196242078026;-3;2°C;consumption_based
Mexico;597.8052;148946.274;responsability;foster;67%;exponential;8656.11230326508;43.3776671571257;2°C;consumption_based
Monaco;1.08342;36.757;responsability;foster;67%;exponential;-9.57763922387018;-15;2°C;consumption_based
Mongolia;44.70931;4501.493;responsability;foster;67%;exponential;121.979944742708;8.17322515583587;2°C;consumption_based
Montenegro;4.889849;533.295;responsability;foster;67%;exponential;-55.2832933665111;-10;2°C;consumption_based
Morocco;84.54553;43440.431;responsability;foster;67%;exponential;6083.12068877306;215.54541051764;2°C;consumption_based
Mozambique;46.50852;63530.951;responsability;foster;67%;exponential;10799.5654898834;695.627529717215;2°C;consumption_based
Myanmar;76.01056;58623.231;responsability;foster;67%;exponential;9417.33901028036;371.15667091646;2°C;consumption_based
Namibia;15.53063;4512.3;responsability;foster;67%;exponential;336.073984139907;64.8259394879532;2°C;consumption_based
Nepal;51.71283;34642.027;responsability;foster;67%;exponential;5376.37571707183;311.454280308853;2°C;consumption_based
Netherlands;199.7464;18958.475;responsability;foster;67%;exponential;-4192.89730976147;-16;2°C;consumption_based
New Caledonia;0;340.581;responsability;foster;67%;exponential;63.4209723691452;inf;2°C;consumption_based
New Zealand;79.7114;5755.288;responsability;foster;67%;exponential;-1379.75688800839;-16;2°C;consumption_based
Nicaragua;16.31699;8756.43;responsability;foster;67%;exponential;1168.60833254957;214.551684897941;2°C;consumption_based
Niger;34.38707;52513.876;responsability;foster;67%;exponential;9179.59482404308;799.707810887494;2°C;consumption_based
Nigeria;449.8309;359185.556;responsability;foster;67%;exponential;55854.0248638196;371.970233464245;2°C;consumption_based
Norway;76.82043;5899.829;responsability;foster;67%;exponential;-1519.28950088278;-16;2°C;consumption_based
Oman;65.19586;7827.002;responsability;foster;67%;exponential;101.94460682479;4.68432732967702;2°C;consumption_based
Pakistan;578.9303;371863.793;responsability;foster;67%;exponential;58550.795208803;302.976898685837;2°C;consumption_based
Panama;21.22502;5630.68;responsability;foster;67%;exponential;507.05665981763;71.5667641460956;2°C;consumption_based
Papua New Guinea;17.17362;14906.59;responsability;foster;67%;exponential;2424.65303769687;422.951675721207;2°C;consumption_based
Paraguay;29.96962;8640.464;responsability;foster;67%;exponential;559.992332322717;55.9762553840167;2°C;consumption_based
Peru;99.16215;40583.876;responsability;foster;67%;exponential;4888.13281118768;147.672647475808;2°C;consumption_based
Philippines;260.8678;134373.439;responsability;foster;67%;exponential;19654.5874337317;225.707741233754;2°C;consumption_based
Poland;340.3965;32814.096;responsability;foster;67%;exponential;-6129.85220442692;-15;2°C;consumption_based
Portugal;63.02308;9770.27;responsability;foster;67%;exponential;-1154.04051009631;-13;2°C;consumption_based
Qatar;162.3337;4164.46;responsability;foster;67%;exponential;-2154.97096612489;-13;2°C;consumption_based
Romania;116.8046;16027.266;responsability;foster;67%;exponential;-1543.17501213286;-12;2°C;consumption_based
Rwanda;8.712675;22707.91;responsability;foster;67%;exponential;4027.80308991207;1384.90414344275;2°C;consumption_based
Samoa;0.6925006;272.726;responsability;foster;67%;exponential;32.8019173090154;141.899894840621;2°C;consumption_based
San Marino;0.566147;33.696;responsability;foster;67%;exponential;-17.0123645759129;-21;2°C;consumption_based
Sao Tome and Principe;0.2998609;365.115;responsability;foster;67%;exponential;58.5601437324629;585.039638456696;2°C;consumption_based
Saudi Arabia;703.8256;47693.909;responsability;foster;67%;exponential;-5658.34374374048;-7;2°C;consumption_based
Senegal;28.29428;30364.954;responsability;foster;67%;exponential;4995.3954887288;528.900805560377;2°C;consumption_based
Serbia;73.73461;5532.87;responsability;foster;67%;exponential;-1394.84800785055;-16;2°C;consumption_based
Seychelles;0.9971907;141.747;responsability;foster;67%;exponential;-4.59269947115453;-3;2°C;consumption_based
Sierra Leone;7.612386;12948.325;responsability;foster;67%;exponential;2238.49839928969;880.925100100161;2°C;consumption_based
Singapore;98.39144;6081.692;responsability;foster;67%;exponential;-2680.30860243448;-18;2°C;consumption_based
Slovakia;47.49821;4936.488;responsability;foster;67%;exponential;-1094.40370418368;-18;2°C;consumption_based
Slovenia;16.40035;1981.553;responsability;foster;67%;exponential;-267.124461454113;-13;2°C;consumption_based
Somalia;27.54213;37206.512;responsability;foster;67%;exponential;6052.34133278065;658.307627666262;2°C;consumption_based
South Africa;442.3963;79177.328;responsability;foster;67%;exponential;1771.25187886154;11.9942151824024;2°C;consumption_based
South Sudan;0;18341.974;responsability;foster;67%;exponential;3415.53353313772;inf;2°C;consumption_based
Spain;347.0203;44928.558;responsability;foster;67%;exponential;-6772.03679376907;-14;2°C;consumption_based
Sri Lanka;52.34435;24813.69;responsability;foster;67%;exponential;3609.73851507328;206.589826193197;2°C;consumption_based
Sudan;0;85206.383;responsability;foster;67%;exponential;15866.6269167035;inf;2°C;consumption_based
Suriname;3.667079;733.905;responsability;foster;67%;exponential;27.4899591526934;22.457263078435;2°C;consumption_based
Sweden;98.71911;11309.63;responsability;foster;67%;exponential;-1390.76593746174;-12;2°C;consumption_based
Switzerland;98.65993;9342.586;responsability;foster;67%;exponential;-2076.64551614291;-16;2°C;consumption_based
Tajikistan;16.7698;15574.642;responsability;foster;67%;exponential;2480.90666404696;443.185497809196;2°C;consumption_based
Thailand;283.2797;66382.735;responsability;foster;67%;exponential;3358.92091016611;35.5211749196994;2°C;consumption_based
Togo;13.54584;15584.778;responsability;foster;67%;exponential;2597.21692380675;574.387897691726;2°C;consumption_based
Trinidad and Tobago;32.59566;1399.8;responsability;foster;67%;exponential;-668.924812234771;-18;2°C;consumption_based
Tunisia;31.10463;13145.141;responsability;foster;67%;exponential;1344.50385664743;129.49112705332;2°C;consumption_based
Turkmenistan;101.6677;9639.708;responsability;foster;67%;exponential;-488.627280811502;-4;2°C;consumption_based
Uganda;50.1081;85431.202;responsability;foster;67%;exponential;14770.835216515;883.080136055086;2°C;consumption_based
Ukraine;252.1204;31990.132;responsability;foster;67%;exponential;-6285.09579003231;-19;2°C;consumption_based
Uruguay;31.57455;3254.354;responsability;foster;67%;exponential;-530.151823691554;-13;2°C;consumption_based
Uzbekistan;165.7009;52210.754;responsability;foster;67%;exponential;3538.67232332348;63.9762058293735;2°C;consumption_based
Vanuatu;0.5712391;534.388;responsability;foster;67%;exponential;77.1784288062045;404.744545667367;2°C;consumption_based
Viet Nam;237.3877;110008.908;responsability;foster;67%;exponential;14616.4235617444;184.453077340792;2°C;consumption_based
Yemen;45.34253;70976.403;responsability;foster;67%;exponential;12192.0558603224;805.516040276997;2°C;consumption_based
Zambia;39.16851;38083.386;responsability;foster;67%;exponential;6092.58478454926;465.980270080179;2°C;consumption_based
Zimbabwe;22.44673;25866.385;responsability;foster;67%;exponential;4002.52537491127;534.175554360946;2°C;consumption_based
