Country;Year;CO2 emission in tons;Consumption based emission in tons
Global;1970;15751.858045217003;
Global;1990;22680.400273726988;31345450.914999992
Global;1971;15683.389816741997;
Global;1991;22809.523207266007;31125691.69899999
Global;1972;16481.436076705006;
Global;1992;22709.73063444101;30905933.710169997
Global;1973;17464.383654503006;
Global;1993;22802.876663391;31154092.5524
Global;1974;17400.275860244008;
Global;1994;23033.275149181987;31452889.684800014
Global;1975;17328.558004936003;
Global;1995;23679.337202642982;32161020.979599997
Global;1976;18317.005105667988;
Global;1996;24145.443245685005;33054259.022899982
Global;1977;18871.708704977;
Global;1997;24598.146677761;32980800.975599989
Global;1978;19491.220885590006;
Global;1998;24756.301262173016;33099025.283299997
Global;1979;20031.856482316;
Global;1999;24939.597189650995;33544969.952900011
Global;1980;19782.503713527993;
Global;2000;25725.440399212988;34246655.488999993
Global;1981;19411.719420141;
Global;2001;26031.16666726199;34565847.897300012
Global;1982;19164.985394598003;
Global;2002;26433.289799228009;35029790.956199996
Global;1983;19310.263063033;
Global;2003;27656.820620947012;36690922.785
Global;1984;19942.491632661;
Global;1985;20206.552728752;
Global;1986;20565.53071767;
Global;1987;21224.63475859899;
Global;1988;21984.324584220991;
Global;1989;22370.541463002013;
Global;2004;28948.746455945995;38111833.577199996
Global;2005;30044.543216834019;39127274.487899989
Global;2006;31065.094880579007;40340481.679400019
Global;2007;32232.514725994009;41381776.7516
Global;2008;32431.249349656016;42081776.4928
Global;2009;32020.677892953987;41597327.8329
Global;2010;34003.642050498005;43459266.780300021
Global;2011;35059.574177377996;44806034.841499992
Global;2012;35521.713680787005;45445364.411299989
Global;2013;36221.138280311985;45922776.578700021
Global;2014;36427.769711490975;45345083.0845
Global;2015;36300.46644757301;45971917.76789999
Global;2016;36423.660697673993;46032761.305700012
Global;2017;37047.472032301994;46764011.548299991
Global;2018;37974.553885223984;46324486.21200002
Global;2019;38066.434151717;45303605.124100015
Global;2020;36154.308040928016;44250275.763600014
Global;2021;38121.014981051;44746769.9726
Global;2022;38246.624059591981;44904454.5596
Global;2023;39023.937035138;
Aruba;1970;0.025213789;
Afghanistan;1990;2.922237037;13246.01
Aruba;1971;0.028827752;
Afghanistan;1991;2.847006214;13058.7
Aruba;1972;0.039472108;
Afghanistan;1992;1.819947845;12871.4
Aruba;1973;0.044289439;
Afghanistan;1993;1.784792523;12908.02
Aruba;1974;0.043469148;
Afghanistan;1994;1.68515192;12865.25
Aruba;1975;0.057396273;
Afghanistan;1995;1.462995999;13631.52
Aruba;1976;0.05642291;
Afghanistan;1996;1.417185939;14731.08
Aruba;1977;0.067099762;
Afghanistan;1997;1.384648236;15665.78
Aruba;1978;0.071936982;
Afghanistan;1998;1.420416757;16055.27
Aruba;1979;0.075919038;
Afghanistan;1999;1.375520279;16925.65
Aruba;1980;0.079772226;
Afghanistan;2000;1.016059431;15401.37
Aruba;1981;0.082893141;
Afghanistan;2001;0.944683022;14528.21
Aruba;1982;0.081823981;
Afghanistan;2002;0.942265589;17149.88
Aruba;1983;0.084428844;
Afghanistan;2003;1.007964175;18540.54
Aruba;1984;0.098591859;
Afghanistan;2004;0.892887788;18386.71
Aruba;1985;0.104138822;
Afghanistan;2005;1.266340324;19426.09
Aruba;1986;0.113741672;
Afghanistan;2006;1.408288105;20102.52
Aruba;1987;0.128694862;
Afghanistan;2007;2.009564225;21226.86
Aruba;1988;0.142847321;
Afghanistan;2008;3.833382772;23738.98
Aruba;1989;0.197417826;
Afghanistan;2009;6.082787222;26967.09
Aruba;1990;0.200852584;1241.669
Afghanistan;2010;7.788893115;31469.22
Aruba;1991;0.226240584;1209.235
Afghanistan;2011;11.40871139;36382.42
Aruba;1992;0.250567739;1176.8
Afghanistan;2012;9.767755639;34535.77
Aruba;1993;0.251372421;1266.099
Afghanistan;2013;8.300021704;32901.71
Aruba;1994;0.285601275;1297.333
Afghanistan;2014;7.825740854;32203.52
Aruba;1995;0.314184875;1304.74
Afghanistan;2015;8.346520776;32217.7
Aruba;1996;0.206557869;1345.76
Afghanistan;2016;7.527593714;33150.56
Aruba;1997;0.342741669;1442.831
Afghanistan;2017;8.066138489;33430.16
Aruba;1998;0.350914131;1368.708
Afghanistan;2018;7.932004694;32639.7
Aruba;1999;0.35551225;1423.073
Afghanistan;2019;7.249068567;35369.96
Aruba;2000;0.268575044;2445.352
Afghanistan;2020;7.054132973;36383.15
Aruba;2001;0.271463969;2483.524
Afghanistan;2021;7.930781033;36170.41
Aruba;2002;0.296562901;2566.441
Afghanistan;2022;8.25991526;36292.91
Aruba;2003;0.341925898;2644.443
Albania;1990;6.644969301;6466.275
Aruba;2004;0.348888907;2558.014
Albania;1991;4.379473083;6629.113
Aruba;2005;0.384839427;2621.864
Albania;1992;2.363037223;6791.952
Aruba;2006;0.423686529;2675.732
Albania;1993;2.222701222;6634.477
Aruba;2007;0.457532751;2770.083
Albania;1994;2.344087608;6752.22
Aruba;2008;0.453993544;2642.614
Albania;1995;2.069963525;6598.571
Aruba;2009;0.492741808;2715.075
Albania;1996;2.054932915;7006.381
Aruba;2010;0.482206904;2648.114
Albania;1997;1.58047575;6963.276
Aruba;2011;0.290180678;2739.516
Albania;1998;1.914674362;7734.72
Aruba;2012;0.374857424;1966.466
Albania;1999;3.086587472;8175.041
Aruba;2013;0.412307305;1634.678
Albania;2000;3.232531279;7111.814
Aruba;2014;0.440689215;1560.856
Albania;2001;3.439287771;7978.843
Aruba;2015;0.462025593;1559.881
Albania;2002;4.006358581;8181.338
Aruba;2016;0.484888607;803.8445
Albania;2003;4.211217156;8927.68
Aruba;2017;0.466591612;795.235
Albania;2004;4.414043142;9615.812
Aruba;2018;0.465881209;969.1998
Albania;2005;4.148476443;9261.059
Aruba;2019;0.557917266;974.0807
Albania;2006;4.134680725;9935.611
Aruba;2020;0.452553064;980.8369
Albania;2007;4.244375822;10639.73
Aruba;2021;0.500635247;955.3641
Albania;2008;4.194610157;10800.18
Aruba;2022;0.502693255;857.0806
Albania;2009;4.274597464;10860.15
Aruba;2023;0.530026098;
Albania;2010;4.556850488;11007.85
Afghanistan;1970;1.73392027;
Albania;2011;4.988210526;11784.82
Afghanistan;1971;1.733709906;
Albania;2012;4.532852943;11226.33
Afghanistan;1972;1.693584478;
Albania;2013;4.769330231;11733.42
Afghanistan;1973;1.733904787;
Albania;2014;5.095835784;12282.61
Afghanistan;1974;2.190318066;
Albania;2015;4.863525143;11107.62
Afghanistan;1975;2.02896685;
Albania;2016;4.530278883;10126.46
Afghanistan;1976;1.89264158;
Albania;2017;5.341515428;11272.55
Afghanistan;1977;2.282574455;
Albania;2018;5.305582509;11454.31
Afghanistan;1978;1.934106762;
Albania;2019;4.953544001;11291.44
Afghanistan;1979;2.059302221;
Albania;2020;4.560776421;11157.59
Afghanistan;1980;2.006422982;
Albania;2021;5.039333111;10091.71
Afghanistan;1981;2.259933489;
Albania;2022;4.609009805;10698.17
Afghanistan;1982;2.309600549;
Algeria;1990;72.15934175;117088.3
Afghanistan;1983;3.001698788;
Algeria;1991;75.19180188;109310.1
Afghanistan;1984;3.224699088;
Algeria;1992;84.78122107;101531.9
Afghanistan;1985;4.123374917;
Algeria;1993;82.97267182;117104.4
Afghanistan;1986;3.941638537;
Algeria;1994;81.15244223;111908.9
Afghanistan;1987;3.272774528;
Algeria;1995;83.81668074;109655.3
Afghanistan;1988;3.087913325;
Algeria;1996;81.50602105;105122.7
Afghanistan;1989;2.895958996;
Algeria;1997;79.62082334;97224.99
Algeria;1998;81.43891389;111579.2
Algeria;1999;84.9525627;99898.75
Algeria;2000;87.93621649;86679.76
Algeria;2001;85.8202708;83586.07
Algeria;2002;89.68410032;85770.64
Algeria;2003;96.50244172;87263.55
Algeria;2004;96.62177809;84018.55
Algeria;2005;101.3969792;86117.94
Algeria;2006;105.5010426;78972.02
Algeria;2007;108.9120721;82867.86
Algeria;2008;113.7023792;88430.87
Algeria;2009;116.0854702;109744.1
Algeria;2010;118.6146578;108207.2
Algeria;2011;124.7949774;107553.3
Algeria;2012;140.2599072;114038.9
Algeria;2013;145.7032414;124957.4
Algeria;2014;155.0108349;131178.2
Algeria;2015;164.8621357;145118.7
Algeria;2016;160.9903196;234939.9
Algeria;2017;166.5514382;237497.3
Algeria;2018;174.8356794;235723.6
Algeria;2019;181.6493186;229848.7
Algeria;2020;171.8930606;226677.6
Algeria;2021;179.7420533;216257.9
Algeria;2022;186.6444474;229253.3
Afghanistan;2023;8.70734983;
Angola;1970;8.933899038;
Angola;1971;8.519512895;
Angola;1972;10.36610427;
Angola;1973;11.34699566;
Angola;1974;11.80656082;
Angola;1975;10.90465296;
Angola;1976;7.291981003;
Angola;1977;12.03347322;
Angola;1978;14.21626955;
Angola;1979;14.17940432;
Angola;1980;14.31612974;
Angola;1981;13.23227059;
Angola;1982;12.77150833;
Angola;1983;13.2212928;
Angola;1984;13.35655143;
Angola;1985;14.1037418;
Angola;1986;14.24618589;
Angola;1987;14.50164119;
Angola;1988;14.94080361;
Angola;1989;15.10349834;
Angola;1990;11.23070675;45112.72
Angola;1991;11.78046209;45270.79
Angola;1992;12.11898155;45428.86
Angola;1993;12.14162937;45702.44
Angola;1994;11.49035212;45686.66
Angola;1995;12.95329566;40781.36
Angola;1996;15.67875885;40858.99
Angola;1997;16.40211133;48062.79
Angola;1998;17.03644627;49814.17
Angola;1999;18.03144952;40795.53
Angola;2000;16.5119082;48203.82
Angola;2001;16.19230309;49657.29
Angola;2002;15.91544045;49660.29
Angola;2003;17.32963226;54326.7
Angola;2004;17.6902609;56075.26
Angola;2005;15.63885114;55285.11
Angola;2006;16.32024668;48518.61
Angola;2007;17.0558181;56465.12
Angola;2008;19.11943047;61050.73
Angola;2009;21.08885607;73869.98
Angola;2010;22.73989087;68692.33
Angola;2011;23.65003801;65568.18
Angola;2012;24.71617744;66909.47
Angola;2013;28.53421971;71599.34
Angola;2014;30.88726366;74456.95
Angola;2015;33.09749892;73225.22
Angola;2016;31.28580272;83561.36
Angola;2017;27.94209886;83985.78
Angola;2018;26.25888652;66742.43
Angola;2019;27.57321601;64546.43
Angola;2020;20.71091767;59221.24
Angola;2021;25.26283179;59136.85
Angola;2022;27.35303812;63064.19
Angola;2023;28.22992761;
Anguilla;1970;0.002177587;
Anguilla;1971;0.002177689;
Anguilla;1972;0.00227319;
Anguilla;1973;0.00211848;
Anguilla;1974;0.002359836;
Anguilla;1975;0.002593654;
Anguilla;1976;0.002444145;
Anguilla;1977;0.002546772;
Anguilla;1978;0.002911353;
Anguilla;1979;0.003222756;
Anguilla;1980;0.004422364;
Anguilla;1981;0.006649427;
Anguilla;1982;0.007028416;
Anguilla;1983;0.006098383;
Anguilla;1984;0.005810647;
Anguilla;1985;0.003680496;
Anguilla;1986;0.003164626;
Anguilla;1987;0.006136321;
Anguilla;1988;0.005808208;
Anguilla;1989;0.00616006;
Anguilla;1990;0.006126523;
Anguilla;1991;0.00759202;
Anguilla;1992;0.007915973;
Anguilla;1993;0.009965647;
Anguilla;1994;0.013145114;
Anguilla;1995;0.016409894;
Anguilla;1996;0.016227945;
Anguilla;1997;0.013578708;
Anguilla;1998;0.012464076;
Anguilla;1999;0.0117665;
Anguilla;2000;0.015547556;
Anguilla;2001;0.015926577;
Anguilla;2002;0.010875333;
Anguilla;2003;0.014123901;
Anguilla;2004;0.013489464;
Anguilla;2005;0.013679755;
Anguilla;2006;0.012831096;
Argentina;1990;100.1876375;225136.9
Anguilla;2007;0.012373733;
Argentina;1991;105.5928245;241547.9
Anguilla;2008;0.015287871;
Argentina;1992;107.5110365;257958.9
Anguilla;2009;0.02018065;
Argentina;1993;111.2743475;263201.4
Anguilla;2010;0.024024484;
Argentina;1994;114.6832914;267974.1
Anguilla;2011;0.026028307;
Argentina;1995;116.2683518;262726.3
Anguilla;2012;0.026043738;
Argentina;1996;126.5705614;275903.6
Anguilla;2013;0.027961269;
Argentina;1997;130.9263801;279554.7
Anguilla;2014;0.02791705;
Argentina;1998;138.0079057;285730.8
Anguilla;2015;0.028026636;
Argentina;1999;139.9386784;291412.8
Anguilla;2016;0.02836258;
Argentina;2000;136.7616074;290569.6
Anguilla;2017;0.029086622;
Argentina;2001;131.3470509;290352.7
Anguilla;2018;0.028247295;
Argentina;2002;124.055033;239334.3
Anguilla;2019;0.027604422;
Argentina;2003;135.244335;259035.1
Anguilla;2020;0.022803655;
Argentina;2004;149.7328229;271220
Anguilla;2021;0.022017827;
Argentina;2005;153.6797539;279591.8
Anguilla;2022;0.02186134;
Argentina;2006;162.6176685;289034.8
Anguilla;2023;0.022955546;
Argentina;2007;173.1560629;306357.1
International Aviation;1970;169.9003985;
Argentina;2008;179.3129425;312333.5
International Aviation;1971;169.9003985;
Argentina;2009;164.9145738;293583.2
International Aviation;1972;179.7595311;
Argentina;2010;177.404229;308141.5
International Aviation;1973;187.4944063;
Argentina;2011;184.8744807;321890.8
International Aviation;1974;180.478129;
Argentina;2012;188.8657879;330932.9
International Aviation;1975;174.5824705;
Argentina;2013;193.2397199;344680
International Aviation;1976;174.9079827;
Argentina;2014;190.0820576;336650.9
International Aviation;1977;190.7985051;
Argentina;2015;196.2521887;348025.9
International Aviation;1978;197.8662816;
Argentina;2016;194.1701706;351177.1
International Aviation;1979;204.56754;
Argentina;2017;191.3791885;348675.7
International Aviation;1980;203.4582729;
Argentina;2018;189.8389393;323946.7
International Aviation;1981;202.6665081;
Argentina;2019;183.2869034;319592.3
International Aviation;1982;210.0563961;
Argentina;2020;170.1202783;318924.6
International Aviation;1983;211.936887;
Argentina;2021;190.6620207;329104.6
International Aviation;1984;219.8777488;
Argentina;2022;193.4816377;329729.3
International Aviation;1985;225.9081363;
Armenia;1990;20.7801266;33907.52
International Aviation;1986;248.1301413;
Armenia;1991;21.59813756;31185.95
International Aviation;1987;262.3325178;
Armenia;1992;10.97656687;28464.37
International Aviation;1988;277.1728438;
Armenia;1993;5.115271474;13662.25
International Aviation;1989;291.1174265;
Armenia;1994;2.808322205;13557.92
International Aviation;1990;260.6885964;
Armenia;1995;3.541206317;14564.76
International Aviation;1991;253.6927113;
Armenia;1996;2.594064983;11130.42
International Aviation;1992;262.1585581;
Armenia;1997;3.338394856;10905.63
International Aviation;1993;267.3065886;
Armenia;1998;3.472604987;9253.597
International Aviation;1994;281.0604083;
Armenia;1999;3.104203003;7500.798
International Aviation;1995;291.7711661;
Armenia;2000;3.569612355;6173.612
International Aviation;1996;303.6968869;
Armenia;2001;3.633318269;6244.891
International Aviation;1997;318.3362545;
Armenia;2002;3.101336185;6025.967
International Aviation;1998;328.9781409;
Armenia;2003;3.470678865;6421.295
International Aviation;1999;342.9629092;
Armenia;2004;3.759019339;6840.689
International Aviation;2000;355.3234824;
Armenia;2005;4.462479612;7611.114
International Aviation;2001;349.1892906;
Armenia;2006;4.44546886;8288.308
International Aviation;2002;369.5032558;
Armenia;2007;5.154026875;9502.674
International Aviation;2003;367.4129017;
Armenia;2008;5.648247601;10573.83
International Aviation;2004;403.086621;
Armenia;2009;4.50181369;9567.942
International Aviation;2005;429.0246419;
Armenia;2010;4.298827714;9611.388
International Aviation;2006;444.324424;
Armenia;2011;4.903744031;10310.58
International Aviation;2007;459.2762302;
Armenia;2012;5.669202578;11266.11
International Aviation;2008;466.3894355;
Armenia;2013;5.492409107;11269.45
International Aviation;2009;443.7853586;
Armenia;2014;5.760251117;11201.09
International Aviation;2010;466.6570758;
Armenia;2015;5.61664906;10932.81
International Aviation;2011;480.1178138;
Armenia;2016;5.374288737;10976.83
International Aviation;2012;483.6766243;
Armenia;2017;5.688557231;11278.72
International Aviation;2013;492.2572286;
Armenia;2018;5.950878354;13203.76
International Aviation;2014;507.5057608;
Armenia;2019;6.424075918;12634.14
International Aviation;2015;536.2136805;
Armenia;2020;6.913823302;12413.32
International Aviation;2016;560.1738389;
Armenia;2021;7.509184664;12770.41
International Aviation;2017;589.9193153;
Armenia;2022;7.289276174;13768.86
International Aviation;2018;615.9375423;
International Aviation;2019;625.1414353;
International Aviation;2020;298.6556776;
International Aviation;2021;331.3174247;
International Aviation;2022;411.4748661;
International Aviation;2023;491.6323076;
Albania;1970;4.844988068;
Albania;1971;4.838128768;
Albania;1972;5.518291373;
Albania;1973;4.951942493;
Albania;1974;5.329617357;
Albania;1975;5.424117634;
Albania;1976;5.796572813;
Albania;1977;6.200933063;
Albania;1978;6.820995331;
Albania;1979;7.936703043;
Albania;1980;8.073499079;
Albania;1981;7.072604242;
Albania;1982;7.273021913;
Albania;1983;7.792231446;
Albania;1984;8.431155879;
Albania;1985;8.073940436;
Albania;1986;8.151358862;
Albania;1987;8.292707712;
Albania;1988;8.199593384;
Albania;1989;7.905921454;
Australia;1990;277.7122816;426640.6
Australia;1991;279.7336264;419973.5
Australia;1992;283.1129244;413306.3
Australia;1993;287.0239277;406200.2
Australia;1994;292.3755586;417499.5
Australia;1995;302.6922719;428643.6
Australia;1996;312.6712518;435206.1
Australia;1997;322.3709458;422403.2
Australia;1998;342.1087366;463010.5
Australia;1999;348.1126583;469358.4
Australia;2000;353.8696869;476048.5
Australia;2001;360.4081498;468784.3
Australia;2002;368.6209057;479842.7
Australia;2003;368.1149658;502586.1
Australia;2004;381.9420118;542787.9
Australia;2005;384.0856836;533806.8
Australia;2006;390.1512578;539812.7
Australia;2007;400.6652897;568114.9
Australia;2008;404.285121;534376
Australia;2009;410.2594192;548162.7
Australia;2010;415.2731165;556696.4
Australia;2011;412.8095962;574077.9
Australia;2012;413.319276;582695.3
Australia;2013;405.6523135;568404.8
Australia;2014;396.2575236;560773.5
Australia;2015;400.5424269;568582.1
Albania;2023;4.591827764;
Australia;2016;408.5060579;540614.7
Curaçao;1970;14.51578265;
Australia;2017;410.8370885;558405.6
Curaçao;1971;14.51579879;
Australia;2018;409.2066671;532429
Curaçao;1972;14.11395954;
Australia;2019;407.8603828;521136.5
Curaçao;1973;15.60867397;
Australia;2020;392.5190523;521765.7
Curaçao;1974;14.12401296;
Australia;2021;384.6772393;495162.6
Curaçao;1975;10.19675057;
Australia;2022;374.878511;516071
Curaçao;1976;10.84914635;
Austria;1990;61.55928585;106441.9
Curaçao;1977;10.98319572;
Austria;1991;65.50043105;107670.9
Curaçao;1978;9.271818134;
Austria;1992;60.50950778;108899.8
Curaçao;1979;9.182436608;
Austria;1993;60.56476185;107350.4
Curaçao;1980;8.677756741;
Austria;1994;61.09132285;110570.3
Curaçao;1981;8.042036703;
Austria;1995;64.05313932;115549
Curaçao;1982;7.295812742;
Austria;1996;67.97235869;118496.1
Curaçao;1983;6.828843547;
Austria;1997;67.53029229;117071.4
Curaçao;1984;6.690712621;
Austria;1998;68.0915461;116332.3
Curaçao;1985;4.499205783;
Austria;1999;66.22539263;115071.9
Curaçao;1986;4.29708304;
Austria;2000;66.690721;114829.6
Curaçao;1987;3.965313306;
Austria;2001;71.37599689;116018.3
Curaçao;1988;3.45935116;
Austria;2002;73.21597297;116163.4
Curaçao;1989;2.956711991;
Austria;2003;78.16556633;124898.3
Curaçao;1990;2.666390091;
Austria;2004;79.6051103;128204.6
Curaçao;1991;2.765856955;
Austria;2005;80.40999827;128940.3
Curaçao;1992;2.883424409;
Austria;2006;78.26796623;129480.8
Curaçao;1993;2.366961133;
Austria;2007;75.43818094;129214.6
Curaçao;1994;2.66504882;
Austria;2008;75.23685403;129001.5
Curaçao;1995;2.671563419;
Austria;2009;68.05632505;119117.2
Curaçao;1996;2.700203498;
Austria;2010;73.79578048;123415.9
Curaçao;1997;5.2994852;
Austria;2011;72.19468653;122964
Curaçao;1998;5.479720937;
Austria;2012;69.0271326;120240
Curaçao;1999;5.445561463;
Austria;2013;69.61267982;119692.1
Curaçao;2000;5.667477988;
Austria;2014;65.9290433;114125.1
Curaçao;2001;5.656304712;
Austria;2015;67.36913049;115933.9
Curaçao;2002;5.416997032;
Austria;2016;67.78251771;68544.62
Curaçao;2003;5.433220785;
Austria;2017;70.10633473;75831.35
Curaçao;2004;5.636241812;
Austria;2018;67.18684315;113413.8
Curaçao;2005;5.91286189;
Austria;2019;68.53324515;108838.6
Curaçao;2006;5.781282678;
Austria;2020;62.59975826;107408.2
Curaçao;2007;6.260054689;
Austria;2021;66.17532652;106973.8
Curaçao;2008;6.199098592;
Austria;2022;61.22371312;104601.1
Curaçao;2009;5.87853952;
Azerbaijan;1990;56.12432141;98759.26
Curaçao;2010;4.288051276;
Azerbaijan;1991;54.8340585;85314.78
Curaçao;2011;5.523743774;
Azerbaijan;1992;44.90130282;71870.31
Curaçao;2012;5.607056934;
Azerbaijan;1993;39.38485712;65391.55
Curaçao;2013;5.141066643;
Azerbaijan;1994;34.51198093;56687.17
Curaçao;2014;5.669078316;
Azerbaijan;1995;33.87986315;59406.79
Curaçao;2015;5.741944054;
Azerbaijan;1996;28.40179858;53530.77
Curaçao;2016;4.973774923;
Azerbaijan;1997;27.42024981;49459.68
Curaçao;2017;4.012867779;
Azerbaijan;1998;27.37685505;48521.57
Curaçao;2018;3.236726024;
Azerbaijan;1999;27.39260375;48057.03
Curaçao;2019;2.511433241;
Azerbaijan;2000;28.79440117;46296.59
Curaçao;2020;2.05481112;
Azerbaijan;2001;27.71697659;46123.68
Curaçao;2021;2.241320701;
Azerbaijan;2002;27.48627547;46089.47
Curaçao;2022;2.32423989;
Azerbaijan;2003;29.7752966;45332.79
Curaçao;2023;2.434138439;
Azerbaijan;2004;29.50089779;46665.39
United Arab Emirates;1970;19.46478161;
Azerbaijan;2005;31.21917083;47787.3
United Arab Emirates;1971;25.42981242;
Azerbaijan;2006;31.93930546;44197.72
United Arab Emirates;1972;27.747359199999998;
Azerbaijan;2007;28.92078521;43758.47
United Arab Emirates;1973;35.84360207;
Azerbaijan;2008;32.23057404;50352.13
United Arab Emirates;1974;36.01068365;
Azerbaijan;2009;27.9822228;50437.57
United Arab Emirates;1975;36.67944373;
Azerbaijan;2010;26.63581579;49420.49
United Arab Emirates;1976;45.58099402;
Azerbaijan;2011;29.46869723;49590.12
United Arab Emirates;1977;45.8764465;
Azerbaijan;2012;32.28056373;51086.08
United Arab Emirates;1978;52.61138915;
Azerbaijan;2013;33.21128433;52929.04
United Arab Emirates;1979;37.87950522;
Azerbaijan;2014;34.72413545;54679.5
United Arab Emirates;1980;41.13848048;
Azerbaijan;2015;34.52235066;55568.33
United Arab Emirates;1981;38.05548425;
Azerbaijan;2016;34.41485295;63614.15
United Arab Emirates;1982;38.06503248;
Azerbaijan;2017;34.22971861;60503.22
United Arab Emirates;1983;36.7927764;
Azerbaijan;2018;34.7618745;62002.35
United Arab Emirates;1984;49.9812212;
Azerbaijan;2019;36.98133803;64708.55
United Arab Emirates;1985;51.81151718;
Azerbaijan;2020;35.40402622;58988.77
United Arab Emirates;1986;50.23406905;
Azerbaijan;2021;37.43458962;60511.8
United Arab Emirates;1987;52.0698484;
Azerbaijan;2022;39.42684169;61162.01
United Arab Emirates;1988;50.98923744;
Bahamas;1990;1.0861844;4147.29
United Arab Emirates;1989;56.93602545;
Bahamas;1991;0.981404313;4056.631
United Arab Emirates;1990;56.88756715;
Bahamas;1992;0.846392616;3965.971
United Arab Emirates;1991;64.72221568;
Bahamas;1993;0.869967754;3893.933
United Arab Emirates;1992;62.52240874;
Bahamas;1994;0.964373949;4006.177
United Arab Emirates;1993;65.91412081;
Bahamas;1995;1.115223267;4026.061
United Arab Emirates;1994;72.56852896;
Bahamas;1996;1.244716303;3946.069
United Arab Emirates;1995;77.40254297;
Bahamas;1997;1.255149159;3740.69
United Arab Emirates;1996;80.89082962;
Bahamas;1998;1.442072016;4061.38
United Arab Emirates;1997;84.30160977;
Bahamas;1999;1.295937265;4093.891
United Arab Emirates;1998;86.47813447;
Bahamas;2000;0.996783938;4178.018
United Arab Emirates;1999;89.15244885;
Bahamas;2001;0.992030909;4052.44
United Arab Emirates;2000;88.45692969;
Bahamas;2002;1.086278299;4000.086
United Arab Emirates;2001;101.2593097;
Bahamas;2003;0.809083358;3907.195
United Arab Emirates;2002;103.5183974;
Bahamas;2004;0.873565333;3909.107
United Arab Emirates;2003;108.8195561;
Bahamas;2005;0.86012711;3876.239
United Arab Emirates;2004;115.0196636;
Bahamas;2006;1.094971849;4010.382
United Arab Emirates;2005;122.4618737;
Bahamas;2007;1.313326903;4004.582
United Arab Emirates;2006;127.1976426;
Bahamas;2008;1.361287585;4454.72
United Arab Emirates;2007;137.1440913;
Bahamas;2009;1.132328322;3621.545
United Arab Emirates;2008;164.2518856;
Bahamas;2010;1.282929735;4336.645
United Arab Emirates;2009;165.3368724;
Bahamas;2011;0.854058511;3916.973
United Arab Emirates;2010;171.9537309;
Bahamas;2012;1.01691645;3992.579
United Arab Emirates;2011;177.2644763;
Bahamas;2013;1.091001593;4859.467
United Arab Emirates;2012;185.020878;
Bahamas;2014;1.136191903;4356.488
United Arab Emirates;2013;194.92309;
Bahamas;2015;1.120223126;4003.56
United Arab Emirates;2014;197.9033277;
Bahamas;2016;1.245349701;2873.229
United Arab Emirates;2015;206.6195196;
Bahamas;2017;1.373617077;3218.36
United Arab Emirates;2016;212.2196595;
Bahamas;2018;1.542561003;3291.745
United Arab Emirates;2017;204.2580154;
Bahamas;2019;1.77189067;3294.069
United Arab Emirates;2018;187.0554933;
Bahamas;2020;1.437416362;3201.054
United Arab Emirates;2019;197.6422573;
Bahamas;2021;1.590065076;3201.716
United Arab Emirates;2020;195.49085;
Bahamas;2022;1.596758066;3216.727
United Arab Emirates;2021;201.3250687;
Bahrain;1990;11.99693725;26946.61
United Arab Emirates;2022;206.8994905;
Bahrain;1991;11.5692434;27149.68
United Arab Emirates;2023;205.9913033;
Bahrain;1992;13.61528015;27352.75
Argentina;1970;87.5691423;
Bahrain;1993;14.72774675;30809.52
Argentina;1971;87.89084312;
Bahrain;1994;14.99959808;30316.38
Argentina;1972;89.71539024;
Bahrain;1995;15.24318926;29570.75
Argentina;1973;92.8004195;
Bahrain;1996;15.7942455;30951.04
Argentina;1974;93.28015601;
Bahrain;1997;16.25963671;30334.38
Argentina;1975;90.91669608;
Bahrain;1998;17.23447311;32059.32
Argentina;1976;95.58786407;
Bahrain;1999;17.32587905;32879.99
Argentina;1977;99.51945014;
Bahrain;2000;17.77145182;32087.19
Argentina;1978;98.57955059;
Bahrain;2001;18.40253955;29009.4
Argentina;1979;104.2682919;
Bahrain;2002;19.22692236;29696.13
Argentina;1980;101.8262139;
Bahrain;2003;19.89605788;29399.94
Argentina;1981;98.79682861;
Bahrain;2004;19.92063645;29164.24
Argentina;1982;98.00691407;
Bahrain;2005;23.37016265;30881.96
Argentina;1983;101.4393554;
Bahrain;2006;25.44895226;28990.12
Argentina;1984;100.8356328;
Bahrain;2007;25.85191373;33453.99
Argentina;1985;94.21036792;
Bahrain;2008;27.66894597;35659.63
Argentina;1986;101.6382473;
Bahrain;2009;27.65557346;36956.18
Argentina;1987;107.2493831;
Bahrain;2010;28.83526298;36847.74
Argentina;1988;111.0341298;
Bahrain;2011;29.00352742;36930.19
Argentina;1989;107.776298;
Bahrain;2012;30.21634438;38006.05
Bahrain;2013;32.1308364;43490.59
Bahrain;2014;33.30217834;42619.62
Bahrain;2015;33.47552518;43337.23
Bahrain;2016;33.46178679;32602.7
Bahrain;2017;33.75592213;33222.6
Bahrain;2018;33.82400808;30380
Bahrain;2019;36.84731099;30264.53
Bahrain;2020;36.84452497;33091.39
Bahrain;2021;37.27558717;27619.46
Bahrain;2022;36.28908617;29841.91
Bangladesh;1990;14.76561225;53319.47
Bangladesh;1991;14.06779422;52950.24
Bangladesh;1992;15.73150982;52581.02
Bangladesh;1993;16.95128229;53182.52
Bangladesh;1994;17.99933331;55413.27
Bangladesh;1995;21.77703304;61895.6
Bangladesh;1996;22.08424067;65025.57
Bangladesh;1997;23.95567911;67608.88
Bangladesh;1998;24.47789473;68622.69
Bangladesh;1999;26.12859553;73902.46
Bangladesh;2000;26.97384453;76960.46
Bangladesh;2001;32.62930639;83164.98
Bangladesh;2002;34.34017038;85430.19
Bangladesh;2003;35.98284809;89703.5
Bangladesh;2004;37.90267336;92962.44
Bangladesh;2005;40.37474356;96490.5
Bangladesh;2006;43.48223433;100648
Bangladesh;2007;46.20702286;102981.5
Bangladesh;2008;51.31688579;107993.6
Bangladesh;2009;55.11514849;114648.9
Bangladesh;2010;60.75515834;120601
Bangladesh;2011;65.29145409;126995.8
Bangladesh;2012;69.85748817;134162.4
Argentina;2023;183.7784214;
Bangladesh;2013;72.06287344;138926.5
Armenia;1970;10.09948357;
Bangladesh;2014;76.63688403;143929.5
Armenia;1971;10.11547721;
Bangladesh;2015;85.43058211;148735.6
Armenia;1972;10.82885302;
Bangladesh;2016;93.97635849;168439
Armenia;1973;11.76852261;
Bangladesh;2017;101.0248537;175863.7
Armenia;1974;12.68219168;
Bangladesh;2018;105.484995;190670.5
Armenia;1975;13.84218973;
Bangladesh;2019;108.0750612;195900.7
Armenia;1976;14.23224023;
Bangladesh;2020;102.4574715;190595.9
Armenia;1977;14.76781487;
Bangladesh;2021;116.68125;192888
Armenia;1978;15.37862564;
Bangladesh;2022;124.0779079;198236.6
Armenia;1979;15.95898975;
Barbados;1990;0.615617171;4660.427
Armenia;1980;17.02383128;
Barbados;1991;0.587144163;4689.359
Armenia;1981;17.43609571;
Barbados;1992;0.570610358;4718.291
Armenia;1982;17.97576867;
Barbados;1993;0.543029251;5427.664
Armenia;1983;18.02973987;
Barbados;1994;0.528703113;4899.84
Armenia;1984;18.1670937;
Barbados;1995;0.54126601;5118.57
Armenia;1985;18.25174887;
Barbados;1996;0.52927267;5122.034
Armenia;1986;18.44227776;
Barbados;1997;0.628665996;4808.562
Armenia;1987;18.64010413;
Barbados;1998;0.69165754;5575.307
Armenia;1988;18.545438;
Barbados;1999;0.724307193;5817.437
Armenia;1989;18.12652075;
Barbados;2000;0.588547062;5674.695
Barbados;2001;0.565593882;5772.628
Barbados;2002;0.606716984;5746.236
Barbados;2003;0.638210406;5876.811
Barbados;2004;0.631843548;6061.697
Barbados;2005;0.646533734;6235.444
Barbados;2006;0.698862329;6322.852
Barbados;2007;0.671681103;6303.308
Barbados;2008;0.791970635;6771.811
Barbados;2009;0.798587401;6717.234
Barbados;2010;0.820344897;6299.374
Barbados;2011;0.679257049;6338.429
Barbados;2012;0.643464294;6332.829
Barbados;2013;0.730829501;6271.666
Barbados;2014;0.667858006;5812.285
Barbados;2015;0.720283039;5808.809
Barbados;2016;0.773601899;4381.53
Barbados;2017;0.682414377;4095.837
Barbados;2018;0.739122236;4307.84
Barbados;2019;0.834198986;4452.649
Barbados;2020;0.671560048;4285.197
Barbados;2021;0.757204351;4353.168
Barbados;2022;0.759841965;4262.979
Belarus;1990;105.5316019;147.4695
Belarus;1991;101.6404636;118.0542
Belarus;1992;91.83953913;88.63887
Belarus;1993;79.29035366;118.79
Belarus;1994;67.59174959;132.3142
Belarus;1995;60.4250407;135.6541
Belarus;1996;61.35634674;160.2172
Belarus;1997;61.8047496;145.959
Belarus;1998;60.30549914;149.8491
Belarus;1999;58.15941189;146.6876
Belarus;2000;56.25789614;149.4713
Armenia;2023;7.725144396;
Belarus;2001;54.98582722;149.1115
Antigua and Barbuda;1970;0.102354422;
Belarus;2002;55.18884032;149.2096
Antigua and Barbuda;1971;0.102269879;
Belarus;2003;55.82972161;131.0226
Antigua and Barbuda;1972;0.124568485;
Belarus;2004;59.18581298;125.9721
Antigua and Barbuda;1973;0.125665161;
Belarus;2005;60.01712663;122.8917
Antigua and Barbuda;1974;0.111942456;
Belarus;2006;62.46032903;139.1282
Antigua and Barbuda;1975;0.135544059;
Belarus;2007;61.05494049;144.4543
Antigua and Barbuda;1976;0.122868761;
Belarus;2008;64.76121996;150.0464
Antigua and Barbuda;1977;0.135673447;
Belarus;2009;61.62329748;157.0662
Antigua and Barbuda;1978;0.135702881;
Belarus;2010;66.11770251;157.3319
Antigua and Barbuda;1979;0.134210808;
Belarus;2011;62.96361902;109.7493
Antigua and Barbuda;1980;0.132678376;
Belarus;2012;64.26630854;421.4546
Antigua and Barbuda;1981;0.116280524;
Belarus;2013;64.42735171;549.5671
Antigua and Barbuda;1982;0.14760802;
Belarus;2014;63.96878584;207.3092
Antigua and Barbuda;1983;0.085335102;
Belarus;2015;59.16676946;203.7927
Antigua and Barbuda;1984;0.104298569;
Belarus;2016;59.06175316;11205.82
Antigua and Barbuda;1985;0.104658108;
Belarus;2017;60.22098613;9712.423
Antigua and Barbuda;1986;0.110669089;
Belarus;2018;63.5591287;41018.12
Antigua and Barbuda;1987;0.146240204;
Belarus;2019;61.37453037;38542.84
Antigua and Barbuda;1988;0.157872775;
Belarus;2020;58.16559914;37981.78
Antigua and Barbuda;1989;0.161824332;
Belarus;2021;58.63774658;37977.33
Antigua and Barbuda;1990;0.16366236;
Belarus;2022;56.8265934;37690.15
Antigua and Barbuda;1991;0.164374436;
Belgium;1990;115.8085778;135838.5
Antigua and Barbuda;1992;0.16552303;
Belgium;1991;119.731225;138060
Antigua and Barbuda;1993;0.161339768;
Belgium;1992;117.6272944;140281.5
Antigua and Barbuda;1994;0.175735358;
Belgium;1993;115.6966759;139952.9
Antigua and Barbuda;1995;0.183885535;
Belgium;1994;122.1111771;146019.8
Antigua and Barbuda;1996;0.182419288;
Belgium;1995;122.4165065;149444.6
Antigua and Barbuda;1997;0.192982491;
Belgium;1996;127.4090887;149770
Antigua and Barbuda;1998;0.197585584;
Belgium;1997;124.4184765;137144.8
Antigua and Barbuda;1999;0.200179033;
Belgium;1998;127.4042401;144852.6
Antigua and Barbuda;2000;0.135385225;
Belgium;1999;123.0366827;139476.3
Antigua and Barbuda;2001;0.132343525;
Belgium;2000;124.9696408;144709.8
Antigua and Barbuda;2002;0.149714197;
Belgium;2001;125.934014;137872
Antigua and Barbuda;2003;0.163282059;
Belgium;2002;118.493431;138470.8
Antigua and Barbuda;2004;0.165911911;
Belgium;2003;123.371641;140349.6
Antigua and Barbuda;2005;0.172036425;
Belgium;2004;121.9810692;142114.2
Antigua and Barbuda;2006;0.195833393;
Belgium;2005;119.144745;140397.5
Antigua and Barbuda;2007;0.214320684;
Belgium;2006;116.1912618;139856.2
Antigua and Barbuda;2008;0.23072882;
Belgium;2007;113.0234232;139044.5
Antigua and Barbuda;2009;0.266240827;
Belgium;2008;114.3816935;142254.8
Antigua and Barbuda;2010;0.278491334;
Belgium;2009;107.4038283;131946.7
Antigua and Barbuda;2011;0.212179125;
Belgium;2010;114.9770494;131615.1
Antigua and Barbuda;2012;0.226077589;
Belgium;2011;104.5725378;122904.3
Antigua and Barbuda;2013;0.259329602;
Belgium;2012;103.0863321;122083.8
Antigua and Barbuda;2014;0.279538524;
Belgium;2013;104.4224972;122302.1
Antigua and Barbuda;2015;0.290809023;
Belgium;2014;97.72446043;116667.1
Antigua and Barbuda;2016;0.314718484;
Belgium;2015;102.3790918;120294.4
Antigua and Barbuda;2017;0.276980493;
Belgium;2016;101.2609617;141055.9
Antigua and Barbuda;2018;0.294943085;
Belgium;2017;99.70038751;145398.5
Antigua and Barbuda;2019;0.340322647;
Belgium;2018;100.0981177;149305.2
Antigua and Barbuda;2020;0.27590049;
Belgium;2019;99.88248411;142024.8
Antigua and Barbuda;2021;0.305208142;
Belgium;2020;92.26702012;139830
Antigua and Barbuda;2022;0.306454758;
Belgium;2021;96.25100609;139558
Antigua and Barbuda;2023;0.323105618;
Belgium;2022;89.73926464;135353.9
Australia;1970;160.376939;
Belize;1990;0.125602344;1228.485
Australia;1971;162.1077229;
Belize;1991;0.144037816;1285.81
Australia;1972;167.9569496;
Belize;1992;0.120124433;1343.135
Australia;1973;177.3184756;
Belize;1993;0.117138429;1277.904
Australia;1974;186.8463146;
Belize;1994;0.113659401;1238.041
Australia;1975;193.5950414;
Belize;1995;0.128479752;1200.662
Australia;1976;196.3840386;
Belize;1996;0.106653934;1185.451
Australia;1977;209.6638004;
Belize;1997;0.184416112;1234.508
Australia;1978;205.9885888;
Belize;1998;0.187436567;1172.812
Australia;1979;211.8454117;
Belize;1999;0.195791526;1244.193
Australia;1980;222.0146875;
Belize;2000;0.138310138;1248.71
Australia;1981;222.9747375;
Belize;2001;0.14063465;1420.565
Australia;1982;229.262384;
Belize;2002;0.1404916;1484.809
Australia;1983;217.7333539;
Belize;2003;0.148204879;1545.683
Australia;1984;223.5190045;
Belize;2004;0.135981327;1511.231
Australia;1985;237.9354424;
Belize;2005;0.149809259;1522.356
Australia;1986;238.3952806;
Belize;2006;0.173618219;1583.955
Australia;1987;249.5845186;
Belize;2007;0.167620503;1611.302
Australia;1988;258.3833076;
Belize;2008;0.161764973;1560.44
Australia;1989;274.1612032;
Belize;2009;0.19586879;1634.756
Belize;2010;0.232514913;1605.991
Belize;2011;0.149088581;1705.892
Belize;2012;0.162203666;1604.935
Belize;2013;0.20451603;1763.528
Belize;2014;0.203522779;1669.7
Belize;2015;0.246021524;1837.792
Belize;2016;0.259395798;1330.076
Belize;2017;0.283350416;1291.949
Belize;2018;0.246588389;1334.716
Belize;2019;0.268515592;1443.274
Belize;2020;0.219042832;1436.282
Belize;2021;0.245628279;1441.474
Belize;2022;0.261724986;1471.538
Benin;1990;0.397057106;5970.451
Benin;1991;0.348945221;6206.975
Benin;1992;0.379293536;6443.499
Benin;1993;0.384113799;6646.932
Benin;1994;0.390338676;6941.015
Benin;1995;0.39667842;6882.256
Benin;1996;1.074254538;7585.786
Benin;1997;1.363804566;7767.88
Benin;1998;1.314386061;7908.483
Benin;1999;1.440316701;8280.508
Benin;2000;1.544937583;8321.864
Benin;2001;1.856447686;8023.78
Benin;2002;2.142009505;9060.304
Benin;2003;2.399165346;9321.891
Benin;2004;2.557705839;9547.153
Benin;2005;2.800856002;10236.98
Benin;2006;3.858108073;10903.42
Benin;2007;4.39684862;11749.19
Benin;2008;4.364069632;11520.35
Benin;2009;4.682008781;12102.52
Australia;2023;373.6164239;
Benin;2010;5.079215026;12940.17
Austria;1970;52.96721273;
Benin;2011;4.958798054;13039.12
Austria;1971;55.63325031;
Benin;2012;4.723056044;13034.9
Austria;1972;57.8461379;
Benin;2013;4.969130447;13900.72
Austria;1973;61.15604838;
Benin;2014;5.458215505;14194.57
Austria;1974;58.66761229;
Benin;2015;5.808702834;14989.8
Austria;1975;56.34271259;
Benin;2016;7.145520407;14648.85
Austria;1976;61.67891549;
Benin;2017;7.241508566;15103.01
Austria;1977;58.96580494;
Benin;2018;8.246232777;16219.25
Austria;1978;60.86848509;
Benin;2019;8.027902897;16200.51
Austria;1979;63.30834978;
Benin;2020;8.574731208;15899.57
Austria;1980;61.45292233;
Benin;2021;6.457829066;16530.22
Austria;1981;57.99183826;
Benin;2022;6.61897968;17134.1
Austria;1982;55.83641732;
Bermuda;1990;0.252504193;0
Austria;1983;55.85222396;
Bermuda;1991;0.227915538;0
Austria;1984;57.65948979;
Bermuda;1992;0.180103787;0
Austria;1985;59.13142615;
Bermuda;1993;0.201027267;0
Austria;1986;57.92302836;
Bermuda;1994;0.199128657;0
Austria;1987;58.50750055;
Bermuda;1995;0.200220526;0
Austria;1988;57.11059076;
Bermuda;1996;0.204149727;0
Austria;1989;57.11390049;
Bermuda;1997;0.209594972;0
Bermuda;1998;0.214580128;0
Bermuda;1999;0.217384199;0
Bermuda;2000;0.150345407;0
Bermuda;2001;0.148592466;0
Bermuda;2002;0.165479909;0
Bermuda;2003;0.170951109;0
Bermuda;2004;0.172902619;0
Bermuda;2005;0.185938022;0
Bermuda;2006;0.231581221;0
Bermuda;2007;0.277065842;0
Bermuda;2008;0.278783055;0
Bermuda;2009;0.244644981;0
Bermuda;2010;0.30893786;0
Bermuda;2011;0.153294471;0
Bermuda;2012;0.177620491;0
Bermuda;2013;0.197797718;0
Bermuda;2014;0.27182981;0
Bermuda;2015;0.230500955;0
Bermuda;2016;0.311482029;0
Bermuda;2017;0.285179479;0
Bermuda;2018;0.311987029;0
Bermuda;2019;0.358360982;0
Bermuda;2020;0.315470276;0
Bermuda;2021;0.331073017;0
Bermuda;2022;0.332438659;0
Bhutan;1990;0.181230401;1659.982
Bhutan;1991;0.188443847;1604.021
Bhutan;1992;0.186628798;1548.059
Bhutan;1993;0.199730018;1473.951
Bhutan;1994;0.258719004;1528.961
Bhutan;1995;0.322115373;1682.39
Bhutan;1996;0.359477567;1706.107
Bhutan;1997;0.379973373;1848.032
Austria;2023;58.81513302;
Bhutan;1998;0.397846875;1767.849
Azerbaijan;1970;24.22665851;
Bhutan;1999;0.402667338;1846.159
Azerbaijan;1971;24.24945472;
Bhutan;2000;0.407241806;1670.948
Azerbaijan;1972;25.87103855;
Bhutan;2001;0.434716328;1701.775
Azerbaijan;1973;28.04671901;
Bhutan;2002;0.471033742;1777.805
Azerbaijan;1974;30.22881302;
Bhutan;2003;0.480051701;1677.928
Azerbaijan;1975;32.7150656;
Bhutan;2004;0.481021328;1614.229
Azerbaijan;1976;33.74142794;
Bhutan;2005;0.518475406;1736.518
Azerbaijan;1977;34.96790355;
Bhutan;2006;0.544500039;1588.878
Azerbaijan;1978;36.96608742;
Bhutan;2007;0.558724363;1587.594
Azerbaijan;1979;38.38408659;
Bhutan;2008;0.563135775;1558.9
Azerbaijan;1980;40.424169;
Bhutan;2009;0.788054638;1835.697
Azerbaijan;1981;41.63826962;
Bhutan;2010;0.895837584;2114.36
Azerbaijan;1982;42.41704705;
Bhutan;2011;1.100071839;2336.025
Azerbaijan;1983;43.27449046;
Bhutan;2012;1.048179469;2352.68
Azerbaijan;1984;44.05782832;
Bhutan;2013;1.099608278;2417.738
Azerbaijan;1985;44.78959255;
Bhutan;2014;1.122333419;2328.304
Azerbaijan;1986;45.66522099;
Bhutan;2015;1.304683999;2360.532
Azerbaijan;1987;46.63799986;
Bhutan;2016;1.419258611;2521.593
Azerbaijan;1988;46.5325237;
Bhutan;2017;1.544410091;2570.47
Azerbaijan;1989;46.66658582;
Bhutan;2018;1.794914878;3277.13
Bhutan;2019;1.964060792;3582.461
Bhutan;2020;1.736926887;3383.201
Bhutan;2021;1.870268974;3579.168
Bhutan;2022;1.926685585;3675.114
Bolivia;1990;6.581624573;17249.11
Bolivia;1991;6.897527838;18443.06
Bolivia;1992;7.429502534;19637.01
Bolivia;1993;8.88748846;20197.4
Bolivia;1994;9.592249195;21428.74
Bolivia;1995;8.671848821;24758.08
Bolivia;1996;8.383008549;33504.59
Bolivia;1997;10.16466373;43390.83
Bolivia;1998;10.17150247;47686.7
Bolivia;1999;8.87348778;46100.61
Bolivia;2000;8.20068946;42029.94
Bolivia;2001;7.931747431;33714.5
Bolivia;2002;8.462967105;31017.15
Bolivia;2003;9.013757956;33316.56
Bolivia;2004;9.445125232;39756.48
Bolivia;2005;9.929322421;42941.24
Bolivia;2006;10.77301137;43838.02
Bolivia;2007;11.98674616;42411.88
Bolivia;2008;12.83369133;43480.63
Bolivia;2009;13.64812187;48831.78
Bolivia;2010;14.77846035;49448.57
Bolivia;2011;16.07959547;50392.26
Bolivia;2012;17.02553673;53820.12
Bolivia;2013;18.08294411;57366.57
Bolivia;2014;19.44490504;59062.53
Bolivia;2015;19.93475553;61163.6
Bolivia;2016;21.34263708;74109.52
Bolivia;2017;21.75947793;77217.21
Bolivia;2018;21.93956769;90737.76
Azerbaijan;2023;42.76620028;
Bolivia;2019;21.97847183;89346.77
Burundi;1970;0.058273641;
Bolivia;2020;18.54453965;90518.86
Burundi;1971;0.058372192;
Bolivia;2021;21.81074716;92322.65
Burundi;1972;0.058181209;
Bolivia;2022;22.73736949;94635.2
Burundi;1973;0.059984203;
Bosnia and Herzegovina;1990;24.5731294;37126.58
Burundi;1974;0.064162764;
Bosnia and Herzegovina;1991;21.99112136;26473.5
Burundi;1975;0.066429179;
Bosnia and Herzegovina;1992;16.22768405;15820.43
Burundi;1976;0.068691558;
Bosnia and Herzegovina;1993;13.61939878;10062.9
Burundi;1977;0.071001779;
Bosnia and Herzegovina;1994;3.299205965;8501.613
Burundi;1978;0.072206575;
Bosnia and Herzegovina;1995;3.513844666;7119.419
Burundi;1979;0.082182355;
Bosnia and Herzegovina;1996;4.398457569;8911.965
Burundi;1980;0.081096725;
Bosnia and Herzegovina;1997;8.722320626;11739.44
Burundi;1981;0.088297152;
Bosnia and Herzegovina;1998;11.04995303;16606.15
Burundi;1982;0.073652237;
Bosnia and Herzegovina;1999;10.89126082;17682.52
Burundi;1983;0.089723726;
Bosnia and Herzegovina;2000;14.28019955;18787.4
Burundi;1984;0.106332093;
Bosnia and Herzegovina;2001;14.09580789;19418.24
Burundi;1985;0.106299149;
Bosnia and Herzegovina;2002;14.82723354;20341.66
Burundi;1986;0.111537776;
Bosnia and Herzegovina;2003;15.18770104;20705.82
Burundi;1987;0.16207972;
Bosnia and Herzegovina;2004;16.03175851;22055.25
Burundi;1988;0.2295864;
Bosnia and Herzegovina;2005;16.84392488;20513.82
Burundi;1989;0.243756514;
Bosnia and Herzegovina;2006;18.68823587;23037.32
Burundi;1990;0.200389002;2851.504
Bosnia and Herzegovina;2007;19.72279985;22915.9
Burundi;1991;0.282881053;2846.059
Bosnia and Herzegovina;2008;21.64985118;25446.55
Burundi;1992;0.22278046;2840.614
Bosnia and Herzegovina;2009;21.65772;25577.25
Burundi;1993;0.247937549;2812.529
Bosnia and Herzegovina;2010;22.21522064;25618.47
Burundi;1994;0.256780192;2779.738
Bosnia and Herzegovina;2011;25.26556616;27239.79
Burundi;1995;0.252761397;2828.962
Bosnia and Herzegovina;2012;23.30838997;25383.2
Burundi;1996;0.271650375;2797.14
Bosnia and Herzegovina;2013;23.21075575;24761.84
Burundi;1997;0.271663539;2902.799
Bosnia and Herzegovina;2014;20.79196706;25970.37
Burundi;1998;0.28678232;2818.314
Bosnia and Herzegovina;2015;20.82520505;25561.91
Burundi;1999;0.295331991;2454.684
Bosnia and Herzegovina;2016;23.50166701;26322.16
Burundi;2000;0.294737517;2518.613
Bosnia and Herzegovina;2017;23.98712777;26278.16
Burundi;2001;0.234362253;2779.697
Bosnia and Herzegovina;2018;24.05963387;26490.54
Burundi;2002;0.221430232;2791.023
Bosnia and Herzegovina;2019;22.59348822;26186.85
Burundi;2003;0.183441588;2753.119
Bosnia and Herzegovina;2020;22.53087991;25944.06
Burundi;2004;0.218476568;2846.934
Bosnia and Herzegovina;2021;22.96484492;22501.4
Burundi;2005;0.183907277;2938.911
Bosnia and Herzegovina;2022;22.71267052;26348.88
Burundi;2006;0.232330646;3069.897
Botswana;1990;2.822639742;16340.68
Burundi;2007;0.371879055;3145.921
Botswana;1991;2.791845368;16308.82
Burundi;2008;0.221407989;3273.098
Botswana;1992;3.397227004;16276.96
Burundi;2009;0.222782307;3563.752
Botswana;1993;3.350617235;16775.05
Burundi;2010;0.321186343;3819.448
Botswana;1994;3.212448691;16799.38
Burundi;2011;0.418894177;3945.121
Botswana;1995;3.341548073;17880.83
Burundi;2012;0.404086513;3526.073
Botswana;1996;3.012004249;18486.57
Burundi;2013;0.456940057;3948.986
Botswana;1997;3.215562074;18471.52
Burundi;2014;0.40645607499999997;3833.797
Botswana;1998;3.827165786;18359.87
Burundi;2015;0.431797593;3862.655
Botswana;1999;4.032873519;17831.17
Burundi;2016;0.481969649;3738.117
Botswana;2000;4.099235911;18235.15
Burundi;2017;0.536176699;3995.395
Botswana;2001;3.955339186;20620.84
Burundi;2018;0.720891848;4323.46
Botswana;2002;4.174873386;20842.43
Burundi;2019;0.794169292;4424.244
Botswana;2003;4.134958619;15502.94
Burundi;2020;0.882129637;4318.791
Botswana;2004;4.053016723;16828.04
Burundi;2021;0.887362176;4325.904
Botswana;2005;4.390298381;17383.96
Burundi;2022;0.839609894;4499.215
Botswana;2006;4.148144042;19118.87
Burundi;2023;0.844333219;
Botswana;2007;4.422408631;18246.25
Belgium;1970;139.2567317;
Botswana;2008;4.508886906;27265.07
Belgium;1971;129.1388995;
Botswana;2009;4.122657108;19321.5
Belgium;1972;140.7475856;
Botswana;2010;3.373978701;31256.59
Belgium;1973;146.1457639;
Botswana;2011;4.004514532;35523.67
Belgium;1974;144.9776825;
Botswana;2012;3.512341545;24756.18
Belgium;1975;127.6902673;
Botswana;2013;5.512198222;25543.95
Belgium;1976;137.3341983;
Botswana;2014;7.136718803;18898.79
Belgium;1977;134.7521565;
Botswana;2015;7.087680176;22145.22
Belgium;1978;139.1764848;
Botswana;2016;6.750652976;15647.35
Belgium;1979;148.4196727;
Botswana;2017;7.443115061;18541.56
Belgium;1980;137.7778999;
Botswana;2018;8.205733731;17605.21
Belgium;1981;125.869239;
Botswana;2019;7.337079404;15788.46
Belgium;1982;118.1268212;
Botswana;2020;6.088470578;17750.45
Belgium;1983;108.440302;
Botswana;2021;6.596403565;17120.27
Belgium;1984;111.2359283;
Botswana;2022;7.282656751;18269.59
Belgium;1985;108.8066043;
Brazil;1990;226.8945082;599447.9
Belgium;1986;109.3707814;
Brazil;1991;235.2697389;601676.6
Belgium;1987;109.4755481;
Brazil;1992;238.7014786;603905.3
Belgium;1988;111.7281145;
Brazil;1993;249.3408405;626339.3
Belgium;1989;112.8030134;
Brazil;1994;258.7584419;674417.7
Brazil;1995;279.9611129;732796.1
Brazil;1996;300.6037438;741118.5
Brazil;1997;319.2460821;804589.6
Brazil;1998;328.5460569;760609.8
Brazil;1999;335.8970319;765791.6
Brazil;2000;349.3971524;811295.8
Brazil;2001;351.3127846;810958.5
Brazil;2002;351.4099679;816418.3
Brazil;2003;346.4594829;823005.1
Brazil;2004;365.2382288;848273.4
Brazil;2005;369.1830302;883427.3
Brazil;2006;373.6392134;905148.5
Brazil;2007;393.0475733;930742.6
Brazil;2008;412.7002787;980150.7
Brazil;2009;385.4612758;976212.2
Brazil;2010;439.7693984;1066363
Brazil;2011;463.5013026;1099531
Brazil;2012;497.7230581;1111819
Brazil;2013;523.2080062;1148663
Brazil;2014;546.1497539;1135161
Brazil;2015;517.5896408;1149393
Brazil;2016;482.4292999;1078618
Brazil;2017;494.498593;1097837
Brazil;2018;470.7685944;1024980
Brazil;2019;468.1261649;1014590
Brazil;2020;447.4235472;1023079
Brazil;2021;505.9914872;1058328
Brazil;2022;478.9142661;1077661
Belgium;2023;84.30606458;
Benin;1970;0.31137241;
Benin;1971;0.361677079;
Benin;1972;0.461602366;
Benin;1973;0.47646418;
Benin;1974;0.489011912;
Benin;1975;0.548634653;
Benin;1976;0.365944702;
Benin;1977;0.42714464;
Benin;1978;0.454084145;
Benin;1979;0.509510616;
Benin;1980;0.535370357;
Benin;1981;0.445037075;
Benin;1982;0.516595085;
Benin;1983;0.509696846;
Benin;1984;0.523574257;
Benin;1985;0.616659868;
Benin;1986;0.552811262;
Benin;1987;0.502119473;
Benin;1988;0.454550586;
Benin;1989;0.400772717;
Brunei;1990;4.299984904;6184.48
Brunei;1991;4.909512669;5818.226
Brunei;1992;5.36132421;5451.971
Brunei;1993;5.410811509;6069.482
Brunei;1994;5.493793835;5846.318
Brunei;1995;5.813618542;5534.897
Brunei;1996;6.107377706;5762.769
Brunei;1997;6.501023937;6123.203
Brunei;1998;5.742975416;6221.267
Brunei;1999;6.008185089;5460.311
Brunei;2000;6.074632104;5359.06
Brunei;2001;5.861557267;5585.625
Brunei;2002;5.557861264;5184.342
Brunei;2003;6.452635964;5279.76
Brunei;2004;6.268808657;5185.024
Brunei;2005;6.008864356;4915.874
Brunei;2006;8.615294084;5022.816
Brunei;2007;8.184232969;6812.278
Brunei;2008;8.907643184;6573.908
Brunei;2009;8.020787664;6865.881
Brunei;2010;7.379347222;6318.598
Brunei;2011;7.861050462;6739.516
Brunei;2012;7.62225783;6714.354
Brunei;2013;7.788961453;6355.494
Brunei;2014;8.106560706;6499.742
Brunei;2015;7.365137568;6062.176
Benin;2023;6.437895655;
Brunei;2016;7.899241425;7457.769
Burkina Faso;1970;0.226299263;
Brunei;2017;7.871414091;8250.236
Burkina Faso;1971;0.226555882;
Brunei;2018;8.030139323;9113.145
Burkina Faso;1972;0.225684954;
Brunei;2019;7.603310421;9469.121
Burkina Faso;1973;0.233188562;
Brunei;2020;9.903697728;8150.688
Burkina Faso;1974;0.251027003;
Brunei;2021;9.746240966;8569.859
Burkina Faso;1975;0.260668777;
Brunei;2022;9.448486365;9005.421
Burkina Faso;1976;0.270064031;
Bulgaria;1990;80.0521788;80532.97
Burkina Faso;1977;0.279336025;
Bulgaria;1991;64.91880245;64526.13
Burkina Faso;1978;0.284029849;
Bulgaria;1992;62.0219756;48519.3
Burkina Faso;1979;0.326225335;
Bulgaria;1993;62.83431817;55292.37
Burkina Faso;1980;0.320643008;
Bulgaria;1994;60.02249146;48414.83
Burkina Faso;1981;0.307758898;
Bulgaria;1995;61.3665126;49822.6
Burkina Faso;1982;0.287074939;
Bulgaria;1996;61.66027158;42632.88
Burkina Faso;1983;0.313427636;
Bulgaria;1997;59.32844971;39929.65
Burkina Faso;1984;0.303502706;
Bulgaria;1998;56.85478829;41602.68
Burkina Faso;1985;0.293602482;
Bulgaria;1999;50.11857369;40682.14
Burkina Faso;1986;0.357451919;
Bulgaria;2000;48.17475517;38705.55
Burkina Faso;1987;0.507537178;
Bulgaria;2001;50.42220915;43273.49
Burkina Faso;1988;0.497980003;
Bulgaria;2002;47.59452488;42211.82
Burkina Faso;1989;0.412566902;
Bulgaria;2003;53.46018826;47692.38
Burkina Faso;1990;0.326279599;7667.5
Bulgaria;2004;51.4608682;48577.22
Burkina Faso;1991;0.459179683;7732.159
Bulgaria;2005;52.488064;50032.93
Burkina Faso;1992;0.392956039;7796.818
Bulgaria;2006;54.03327436;49823.81
Burkina Faso;1993;0.412189142;7807.854
Bulgaria;2007;57.636896;53877.4
Burkina Faso;1994;0.449111385;7844.024
Bulgaria;2008;54.56077118;53737.95
Burkina Faso;1995;0.461298014;8577.141
Bulgaria;2009;46.53424853;48430.07
Burkina Faso;1996;0.511276937;9329.26
Bulgaria;2010;49.50765645;46616.35
Burkina Faso;1997;0.817083845;10090.19
Bulgaria;2011;54.78256437;48016.75
Burkina Faso;1998;0.771160334;10625.46
Bulgaria;2012;49.91505073;44849.87
Burkina Faso;1999;0.797473232;11502.48
Bulgaria;2013;44.45094818;41384.31
Burkina Faso;2000;0.878763747;11801.58
Bulgaria;2014;47.31484793;42155.05
Burkina Faso;2001;1.013591873;12212.33
Bulgaria;2015;49.85420893;44839.27
Burkina Faso;2002;1.075993938;12729.45
Bulgaria;2016;47.12241811;58093.52
Burkina Faso;2003;1.19557692;15922.55
Bulgaria;2017;49.27952294;60183.95
Burkina Faso;2004;1.067157407;16810.2
Bulgaria;2018;46.23311248;63067.23
Burkina Faso;2005;1.137876463;17828.07
Bulgaria;2019;44.57308459;60466.24
Burkina Faso;2006;1.158722693;18568.82
Bulgaria;2020;39.49088267;52334.02
Burkina Faso;2007;1.629360019;19826.91
Bulgaria;2021;45.78548242;59215.06
Burkina Faso;2008;1.906404523;21515.3
Bulgaria;2022;50.06813094;57151.65
Burkina Faso;2009;1.845366007;22176.36
Burkina Faso;2010;1.969453109;22868.89
Burkina Faso;2011;2.234415044;24039.08
Burkina Faso;2012;2.612927158;24929.98
Burkina Faso;2013;3.07622519;25858.32
Burkina Faso;2014;2.759309049;26971.67
Burkina Faso;2015;3.904619951;26784.97
Burkina Faso;2016;3.897365031;25214.27
Burkina Faso;2017;4.45857542;25700.47
Burkina Faso;2018;4.970310468;28259.03
Burkina Faso;2019;5.518253341;28899.5
Burkina Faso;2020;5.519527376;29088.83
Burkina Faso;2021;5.932194502;29595.03
Burkina Faso;2022;6.143882265;29784.11
Burkina Faso;2023;5.999250483;
Bangladesh;1970;3.338416468;
Bangladesh;1971;3.345172628;
Bangladesh;1972;3.469355288;
Bangladesh;1973;4.098257342;
Bangladesh;1974;4.315274817;
Bangladesh;1975;5.172862256;
Bangladesh;1976;5.550514988;
Bangladesh;1977;5.776929758;
Bangladesh;1978;6.196757496;
Bangladesh;1979;6.908386318;
Bangladesh;1980;7.717407066;
Bangladesh;1981;7.796507064;
Bangladesh;1982;8.424679884;
Bangladesh;1983;9.061472527;
Bangladesh;1984;8.771250847;
Bangladesh;1985;9.795641329;
Bangladesh;1986;10.78249674;
Bangladesh;1987;11.88912285;
Bangladesh;1988;12.74036279;
Bangladesh;1989;14.07817174;
Cambodia;1990;0.432302538;17640.58
Cambodia;1991;0.47686345;17832.68
Bangladesh;2023;124.7933633;
Cambodia;1992;0.522892933;18024.78
Bulgaria;1970;69.06294448;
Cambodia;1993;0.530297522;19494.07
Bulgaria;1971;69.00051839;
Cambodia;1994;0.545188909;18567.97
Bulgaria;1972;71.31225276;
Cambodia;1995;1.500873479;21555.18
Bulgaria;1973;72.29266432;
Cambodia;1996;1.666206823;21716.4
Bulgaria;1974;73.16042998;
Cambodia;1997;1.779040582;20197.19
Bulgaria;1975;78.26697412;
Cambodia;1998;1.993690781;20027.66
Bulgaria;1976;79.14234103;
Cambodia;1999;1.942130913;20941.29
Bulgaria;1977;82.148855029999993;
Cambodia;2000;2.000925883;19566.95
Bulgaria;1978;88.20779036;
Cambodia;2001;2.1871565;19702.95
Bulgaria;1979;91.48491799;
Cambodia;2002;2.247490768;20115.42
Bulgaria;1980;94.60597022;
Cambodia;2003;2.41763333;21846.7
Bulgaria;1981;90.7195299;
Cambodia;2004;2.419093702;21844.37
Bulgaria;1982;92.59199466;
Cambodia;2005;2.700840711;23346.58
Bulgaria;1983;91.65135816;
Cambodia;2006;3.00734029;24774.18
Bulgaria;1984;90.11226434;
Cambodia;2007;3.696547671;26197.25
Bulgaria;1985;92.27851727;
Cambodia;2008;4.096650297;27293.09
Bulgaria;1986;93.37615166;
Cambodia;2009;4.873597635;29023.93
Bulgaria;1987;93.71496871;
Cambodia;2010;5.157947631;29841.59
Bulgaria;1988;92.85761784;
Cambodia;2011;5.363293334;31321.56
Bulgaria;1989;91.70152081;
Cambodia;2012;5.630270088;31125.58
Cambodia;2013;5.691512015;31265.9
Cambodia;2014;7.028671101;31222.08
Cambodia;2015;8.513985009;32833
Cambodia;2016;10.59105868;35682.12
Cambodia;2017;11.84873007;37442.12
Cambodia;2018;12.33587503;38790.56
Cambodia;2019;15.85506024;41094.59
Cambodia;2020;16.59981964;40625.64
Cambodia;2021;16.77745647;40356.27
Cambodia;2022;17.35450319;40781.46
Cameroon;1990;4.754072869;27475.77
Cameroon;1991;4.530615193;27713.59
Cameroon;1992;4.354506193;27951.41
Cameroon;1993;4.758437325;28110.07
Cameroon;1994;5.146629456;25048.47
Cameroon;1995;5.155624552;25868.4
Cameroon;1996;5.285854905;27752.93
Cameroon;1997;5.321094911;26853.49
Cameroon;1998;5.539051802;28203.6
Cameroon;1999;5.333593658;28307.16
Cameroon;2000;5.725732306;29316.14
Cameroon;2001;5.699573831;28963.95
Cameroon;2002;5.617109047;28332.19
Cameroon;2003;5.733514004;30414.04
Cameroon;2004;5.634367424;29169.44
Cameroon;2005;5.468851224;30249.05
Cameroon;2006;5.573680936;28603.34
Cameroon;2007;6.733767167;30171.33
Cameroon;2008;7.066087878;30607.38
Cameroon;2009;7.711269321;32638.64
Cameroon;2010;7.824167449;32267.07
Cameroon;2011;7.425121983;31513.64
Cameroon;2012;7.506666458;31995.7
Bulgaria;2023;39.79256593;
Cameroon;2013;8.174130079;32501.37
Bahrain;1970;2.978116413;
Cameroon;2014;8.864486224;34770.24
Bahrain;1971;2.99684836;
Cameroon;2015;9.1789532;38155.68
Bahrain;1972;3.585204946;
Cameroon;2016;9.696096565;40852.01
Bahrain;1973;4.523427742;
Cameroon;2017;9.847932274;38134.36
Bahrain;1974;5.331117251;
Cameroon;2018;10.51302664;38873.03
Bahrain;1975;5.501074356;
Cameroon;2019;10.23742842;39473.53
Bahrain;1976;5.968610635;
Cameroon;2020;10.38048217;38190.31
Bahrain;1977;6.58937988;
Cameroon;2021;10.23128009;37543.38
Bahrain;1978;6.973984418;
Cameroon;2022;10.82649102;38305.13
Bahrain;1979;7.441169553;
Canada;1990;440.4752774;632346.7
Bahrain;1980;7.54299908;
Canada;1991;434.5215948;632511
Bahrain;1981;8.075793578;
Canada;1992;447.2819847;632675.4
Bahrain;1982;8.508182951;
Canada;1993;446.6273023;631729.2
Bahrain;1983;8.834742787;
Canada;1994;463.853073;641095.8
Bahrain;1984;9.044755066;
Canada;1995;475.914706;641248.2
Bahrain;1985;9.6478909;
Canada;1996;489.835045;647855.5
Bahrain;1986;10.9691537;
Canada;1997;505.607146;660536.4
Bahrain;1987;10.72129574;
Canada;1998;513.8018522;630514.6
Bahrain;1988;11.31499154;
Canada;1999;523.3952523;633185
Bahrain;1989;11.42045227;
Canada;2000;543.0447775;649444.6
Canada;2001;534.3097077;638673.4
Canada;2002;554.0309324;646183.6
Canada;2003;573.6839082;690491.5
Canada;2004;559.7292585;695913
Canada;2005;581.0957415;703204.8
Canada;2006;573.5410635;719457.4
Canada;2007;594.0202191;751537.8
Canada;2008;574.5625101;739458.7
Canada;2009;541.8041778;730245.9
Canada;2010;561.6032639;756185.5
Canada;2011;575.8914619;765921
Canada;2012;567.2704546;773017.8
Canada;2013;575.2453083;774737.5
Canada;2014;580.4827607;741785.4
Canada;2015;577.1295818;791436.7
Canada;2016;575.8710664;742859.3
Canada;2017;593.0442431;742674.2
Canada;2018;613.6582244;736987.3
Canada;2019;607.2495706;718497.7
Canada;2020;546.6751259;678041
Canada;2021;561.6258633;672692.1
Canada;2022;575.3213118;672777.7
Bahrain;2023;37.42557341;
Bahamas;1970;1.44114103;
Bahamas;1971;1.463679726;
Bahamas;1972;1.725470176;
Bahamas;1973;1.71793742;
Bahamas;1974;1.501457906;
Bahamas;1975;1.536842721;
Bahamas;1976;1.356527256;
Bahamas;1977;1.50625577;
Bahamas;1978;1.5274932;
Bahamas;1979;1.573762276;
Bahamas;1980;1.545943722;
Bahamas;1981;1.359683589;
Bahamas;1982;1.114940188;
Bahamas;1983;0.821374344;
Bahamas;1984;0.805825617;
Bahamas;1985;0.714068701;
Bahamas;1986;0.747732018;
Bahamas;1987;0.883366215;
Bahamas;1988;0.902462526;
Bahamas;1989;1.056958011;
Cayman Islands;1990;0.115040258;0
Cayman Islands;1991;0.113743528;0
Cayman Islands;1992;0.116348881;0
Cayman Islands;1993;0.107845914;0
Cayman Islands;1994;0.126913641;0
Cayman Islands;1995;0.133012032;0
Cayman Islands;1996;0.131961622;0
Cayman Islands;1997;0.135519407;0
Cayman Islands;1998;0.13875933;0
Cayman Islands;1999;0.140586422;0
Cayman Islands;2000;0.131465389;0
Cayman Islands;2001;0.130185124;0
Cayman Islands;2002;0.142581961;0
Cayman Islands;2003;0.150216112;0
Cayman Islands;2004;0.139259558;0
Cayman Islands;2005;0.146482608;0
Cayman Islands;2006;0.163860575;0
Cayman Islands;2007;0.204799631;0
Cayman Islands;2008;0.222264178;0
Cayman Islands;2009;0.226943094;0
Cayman Islands;2010;0.246593199;0
Cayman Islands;2011;0.199007896;0
Cayman Islands;2012;0.190405715;0
Cayman Islands;2013;0.216053584;0
Cayman Islands;2014;0.231468675;0
Cayman Islands;2015;0.250234018;0
Cayman Islands;2016;0.262591598;0
Cayman Islands;2017;0.280394248;0
Cayman Islands;2018;0.269654879;0
Cayman Islands;2019;0.376633846;0
Cayman Islands;2020;0.305621739;0
Cayman Islands;2021;0.33809591;0
Bahamas;2023;1.683711665;
Cayman Islands;2022;0.339519641;0
Bosnia and Herzegovina;1970;11.53643815;
Central African Republic;1990;0.1589327;18714.21
Bosnia and Herzegovina;1971;11.57324964;
Central African Republic;1991;0.209349687;18947.81
Bosnia and Herzegovina;1972;11.36959372;
Central African Republic;1992;0.169123544;19181.42
Bosnia and Herzegovina;1973;12.38946492;
Central African Republic;1993;0.184050684;19115.95
Bosnia and Herzegovina;1974;13.41869376;
Central African Republic;1994;0.193023472;18688.78
Bosnia and Herzegovina;1975;13.6898475;
Central African Republic;1995;0.198298438;20421.87
Bosnia and Herzegovina;1976;13.54728333;
Central African Republic;1996;0.215811417;23928.74
Bosnia and Herzegovina;1977;14.27466335;
Central African Republic;1997;0.2159436;24768.57
Bosnia and Herzegovina;1978;14.95983238;
Central African Republic;1998;0.220038376;28540.98
Bosnia and Herzegovina;1979;15.45668096;
Central African Republic;1999;0.226466902;27083.34
Bosnia and Herzegovina;1980;14.89413193;
Central African Republic;2000;0.258467822;30499.65
Bosnia and Herzegovina;1981;16.49581242;
Central African Republic;2001;0.27153955;27812.38
Bosnia and Herzegovina;1982;17.08040949;
Central African Republic;2002;0.277630453;25360.14
Bosnia and Herzegovina;1983;18.08390222;
Central African Republic;2003;0.262241975;34967.77
Bosnia and Herzegovina;1984;18.84326492;
Central African Republic;2004;0.25616173;35553.82
Bosnia and Herzegovina;1985;19.84810747;
Central African Republic;2005;0.252870844;35678.84
Bosnia and Herzegovina;1986;20.78325501;
Central African Republic;2006;0.270351339;13671.58
Bosnia and Herzegovina;1987;19.20441688;
Central African Republic;2007;0.267680853;13923.55
Bosnia and Herzegovina;1988;19.54582909;
Central African Republic;2008;0.201353608;14244.83
Bosnia and Herzegovina;1989;19.88613387;
Central African Republic;2009;0.196055456;8656.971
Central African Republic;2010;0.200807888;8885.38
Central African Republic;2011;0.219386536;9393.746
Central African Republic;2012;0.224010775;9056.34
Central African Republic;2013;0.150650344;9129.211
Central African Republic;2014;0.162078467;9051.61
Central African Republic;2015;0.231469531;9242.516
Central African Republic;2016;0.249161221;9328.257
Central African Republic;2017;0.259332272;9102.612
Central African Republic;2018;0.269238486;9229.823
Central African Republic;2019;0.291488205;9246.213
Central African Republic;2020;0.303146905;9284.904
Central African Republic;2021;0.308422038;9432.895
Central African Republic;2022;0.352813096;9325.62
Bosnia and Herzegovina;2023;21.99674836;
Belarus;1970;60.08881766;
Belarus;1971;60.18486215;
Belarus;1972;64.29458139;
Belarus;1973;70.26675364;
Belarus;1974;76.06907592;
Belarus;1975;81.71671738;
Belarus;1976;85.27868764;
Belarus;1977;88.19643746;
Belarus;1978;91.82938652;
Belarus;1979;95.03469242;
Belarus;1980;98.56680178;
Belarus;1981;100.4479017;
Belarus;1982;101.3849126;
Chile;1990;33.21753456;47947.13
Belarus;1983;101.9203764;
Chile;1991;31.78893141;49917.93
Belarus;1984;101.4506088;
Chile;1992;32.87133239;51888.74
Belarus;1985;101.4445542;
Chile;1993;34.90292725;55994.75
Belarus;1986;101.8943975;
Chile;1994;38.1352489;58810.77
Belarus;1987;102.4910464;
Chile;1995;41.78529114;64310.41
Belarus;1988;100.9006519;
Chile;1996;47.88793473;71937.75
Belarus;1989;97.42220102;
Chile;1997;54.35256168;75597.96
Chile;1998;54.85651327;75910.82
Chile;1999;57.39024107;76187.84
Chile;2000;53.85164556;74431.72
Chile;2001;51.65730307;72256.51
Chile;2002;52.19220378;74872.99
Chile;2003;54.11940857;75659.7
Chile;2004;58.4937585;80301.31
Chile;2005;59.13612103;83557.87
Chile;2006;60.35312429;85752.43
Chile;2007;67.74488485;92354.47
Chile;2008;71.31687428;96591.27
Chile;2009;68.21809335;90828.66
Chile;2010;72.315426;95569.36
Chile;2011;79.06761;106523.1
Chile;2012;81.34037753;114323.5
Chile;2013;85.40203038;116289.4
Chile;2014;78.69543172;111777.3
Chile;2015;84.34874752;118665.4
Chile;2016;88.83189985;119042.4
Chile;2017;89.71719737;121350.4
Chile;2018;89.78479142;124034
Chile;2019;95.21515586;122728.2
Chile;2020;87.47819544;116711.3
Chile;2021;89.07429145;116918.8
Chile;2022;88.84503381;120286.4
China;1990;2414.279799;2938625
China;1991;2550.199291;3119233
China;1992;2669.780936;3299840
China;1993;2890.20114;3424815
China;1994;3046.951727;3404098
China;1995;3365.81469;3685145
China;1996;3340.302239;3965644
China;1997;3437.362419;3826433
Belarus;2023;54.17566063;
China;1998;3522.102922;3789010
Belize;1970;0.059320262;
China;1999;3447.880086;3859996
Belize;1971;0.059281919;
China;2000;3666.951049;3831459
Belize;1972;0.072035421;
China;2001;3844.835669;4059775
Belize;1973;0.072675176;
China;2002;4150.577954;4381153
Belize;1974;0.064844023;
China;2003;4790.864418;4924543
Belize;1975;0.078339545;
China;2004;5520.736893;5407281
Belize;1976;0.071104108;
China;2005;6264.745297;5837381
Belize;1977;0.078427058;
China;2006;6951.946758;6321213
Belize;1978;0.078448065;
China;2007;7555.487992;6757415
Belize;1979;0.07760101;
China;2008;7783.426401;7405245
Belize;1980;0.076732883;
China;2009;8349.805116;8457252
Belize;1981;0.070678351;
China;2010;9134.072391;9065992
Belize;1982;0.061817084;
China;2011;9984.472456;10002320
Belize;1983;0.060611596;
China;2012;10297.90498;10361810
Belize;1984;0.072017376;
China;2013;10792.13842;10793750
Belize;1985;0.072279434;
China;2014;10916.92276;10895720
Belize;1986;0.093466161;
China;2015;10776.91273;10866820
Belize;1987;0.081367632;
China;2016;10805.05146;11101350
Belize;1988;0.063916925;
China;2017;11037.12707;11378270
Belize;1989;0.096054909;
China;2018;11572.41638;11584870
China;2019;11850.59288;11556610
China;2020;12022.43296;11610500
China;2021;12621.61475;11708020
China;2022;12526.82628;12046220
Colombia;1990;53.32172137;101496
Colombia;1991;55.10993773;105513
Colombia;1992;57.17296579;109530
Colombia;1993;60.43440131;116161.1
Colombia;1994;59.95349272;121740.3
Colombia;1995;62.74189774;124798.5
Colombia;1996;61.79317824;126956.1
Colombia;1997;67.04833746;136492.8
Colombia;1998;68.1565418;129496.8
Colombia;1999;59.46188571;120165.7
Colombia;2000;62.57416321;121841.3
Colombia;2001;62.20245811;117157
Colombia;2002;59.76357847;102567.1
Colombia;2003;59.26023826;119283.9
Colombia;2004;59.2855356;125377
Colombia;2005;61.0510784;121033.1
Colombia;2006;58.16618093;140421.4
Colombia;2007;60.35542638;147536.6
Colombia;2008;60.29704788;151865.7
Colombia;2009;63.76127311;156401.6
Colombia;2010;65.7737585;168842.6
Colombia;2011;70.79402264;172697.5
Colombia;2012;71.07040246;178663.5
Colombia;2013;80.92866446;183793.1
Colombia;2014;82.17114375;185160
Colombia;2015;83.52270834;190477.7
Colombia;2016;85.85300775;181216.6
Colombia;2017;78.17824948;176639.3
Colombia;2018;82.0012057;182158.9
Belize;2023;0.278450504;
Colombia;2019;82.70647459;187826.4
Bermuda;1970;0.138787477;
Colombia;2020;80.86494713;177574.8
Bermuda;1971;0.138678824;
Colombia;2021;87.9477488;183246.9
Bermuda;1972;0.168954593;
Colombia;2022;91.76050397;192732.1
Bermuda;1973;0.170459155;
Congo;1990;2.384468813;11669.93
Bermuda;1974;0.151852591;
Congo;1991;2.432938761;11759.35
Bermuda;1975;0.183895201;
Congo;1992;2.372735796;11848.77
Bermuda;1976;0.166699388;
Congo;1993;2.341791462;11335.2
Bermuda;1977;0.184079002;
Congo;1994;2.143928292;9829.927
Bermuda;1978;0.184117193;
Congo;1995;2.729989106;10607.55
Bermuda;1979;0.182092119;
Congo;1996;3.286181847;11531.39
Bermuda;1980;0.180013591;
Congo;1997;3.384117841;11718.65
Bermuda;1981;0.153466741;
Congo;1998;4.026303373;12003.13
Bermuda;1982;0.152107816;
Congo;1999;4.168711135;11519.34
Bermuda;1983;0.157533469;
Congo;2000;4.511549076;11044.86
Bermuda;1984;0.170471356;
Congo;2001;4.398513872;11118.7
Bermuda;1985;0.16633531;
Congo;2002;2.859053928;8424.65
Bermuda;1986;0.162964014;
Congo;2003;3.566149732;10129.9
Bermuda;1987;0.248245653;
Congo;2004;3.61940667;10812.11
Bermuda;1988;0.291549588;
Congo;2005;4.330158263;12379.68
Bermuda;1989;0.362548411;
Congo;2006;4.817175922;13258.59
Congo;2007;4.264252287;11899.6
Congo;2008;4.431737575;11820.72
Congo;2009;4.915821722;13888.63
Congo;2010;5.290947718;13980.87
Congo;2011;4.850643374;12858.16
Congo;2012;4.478551455;12779.4
Congo;2013;5.43821468;13209.39
Congo;2014;5.276175485;12756.21
Congo;2015;5.749850774;13579.26
Congo;2016;5.589845884;19934.99
Congo;2017;5.530655408;19864.32
Congo;2018;6.386482741;19838.7
Congo;2019;7.202048818;20934.82
Congo;2020;7.368594944;21355.92
Congo;2021;7.01883379;19444.49
Congo;2022;7.719590408;20378.65
Costa Rica;1990;2.914847344;9670.454
Costa Rica;1991;3.152257724;10440.97
Costa Rica;1992;4.241721131;11211.49
Costa Rica;1993;4.263528719;12325.44
Costa Rica;1994;5.002841023;13773.56
Costa Rica;1995;4.965956015;13684.65
Costa Rica;1996;4.742075639;14301.88
Costa Rica;1997;4.676283513;14467.63
Costa Rica;1998;5.17093459;14340.74
Costa Rica;1999;5.161373449;14045.19
Costa Rica;2000;5.119749584;14024.42
Costa Rica;2001;5.520401431;14241.59
Costa Rica;2002;5.63415456;14801.54
Costa Rica;2003;6.05631846;15292.27
Costa Rica;2004;6.167300812;15288.27
Costa Rica;2005;6.352831368;15292.07
Costa Rica;2006;6.90200193;15826.79
Bermuda;2023;0.35051886;
Costa Rica;2007;7.699699245;17054.35
Bolivia;1970;3.022540056;
Costa Rica;2008;7.635041693;18005.97
Bolivia;1971;3.770221192;
Costa Rica;2009;7.326641139;17153.75
Bolivia;1972;4.495357744;
Costa Rica;2010;7.245438212;18196.18
Bolivia;1973;4.18544747;
Costa Rica;2011;7.705872049;19215.65
Bolivia;1974;3.984960644;
Costa Rica;2012;7.64477185;19215.42
Bolivia;1975;4.532868918;
Costa Rica;2013;7.945201808;19907.47
Bolivia;1976;5.12206957;
Costa Rica;2014;8.055959765;19801.2
Bolivia;1977;4.920447281;
Costa Rica;2015;7.770036548;19648.18
Bolivia;1978;5.607441181;
Costa Rica;2016;8.243485739;19883.95
Bolivia;1979;4.989459726;
Costa Rica;2017;8.390805214;20179.06
Bolivia;1980;4.976776639;
Costa Rica;2018;8.453685364;20382.37
Bolivia;1981;5.296440535;
Costa Rica;2019;8.206739522;20446.85
Bolivia;1982;5.519088454;
Costa Rica;2020;7.180347197;19030.03
Bolivia;1983;5.683435297;
Costa Rica;2021;8.018486486;19807.22
Bolivia;1984;5.193198891;
Costa Rica;2022;8.090026797;20150.67
Bolivia;1985;5.114660901;
Croatia;1990;24.94393069;36946.44
Bolivia;1986;4.765207196;
Croatia;1991;18.17322374;30279.85
Bolivia;1987;4.948658973;
Croatia;1992;16.38898765;23613.27
Bolivia;1988;5.35895269;
Croatia;1993;16.70248326;24654.39
Bolivia;1989;6.170289287;
Croatia;1994;15.9993516;24880.36
Croatia;1995;16.55593149;27621.21
Croatia;1996;17.25988008;28276.13
Croatia;1997;18.31780632;29912.1
Croatia;1998;19.02472528;29078.86
Croatia;1999;19.91740838;29727.74
Croatia;2000;19.37461412;28575.02
Croatia;2001;20.54017372;30255.94
Croatia;2002;21.35603133;31155.79
Croatia;2003;22.74525174;34385.66
Croatia;2004;22.72613548;35071.91
Croatia;2005;22.84841472;35522.89
Croatia;2006;23.03425172;36834.39
Croatia;2007;24.50358255;38828.06
Croatia;2008;23.31948324;38797.5
Croatia;2009;21.67087981;35241.66
Croatia;2010;20.93874321;34184.26
Croatia;2011;20.45226508;33755.77
Croatia;2012;18.78535604;31727.49
Croatia;2013;18.37910453;30620.56
Croatia;2014;17.67476278;29456.51
Croatia;2015;18.02200032;30055.49
Croatia;2016;18.27257151;22282.14
Croatia;2017;18.7953942;23217.96
Croatia;2018;17.76436939;24263.48
Croatia;2019;17.9637016;23425.91
Croatia;2020;17.24602447;23570.31
Croatia;2021;17.72013402;23179.37
Croatia;2022;17.4424862;23315.05
Cuba;1990;38.66037168;59085.41
Cuba;1991;30.12254481;49522.6
Cuba;1992;23.91245502;39959.78
Cuba;1993;21.86961894;37549.45
Cuba;1994;22.49847517;39810.35
Bolivia;2023;23.80693239;
Cuba;1995;23.94011291;43976.63
Brazil;1970;106.9321509;
Cuba;1996;25.92935396;44613.95
Brazil;1971;106.5753433;
Cuba;1997;28.37856565;42347.51
Brazil;1972;116.2030715;
Cuba;1998;27.85837789;41691.73
Brazil;1973;135.1540973;
Cuba;1999;28.6382352;42336.14
Brazil;1974;145.9413933;
Cuba;2000;28.99184547;42793.59
Brazil;1975;156.425227;
Cuba;2001;27.81947321;42169.63
Brazil;1976;171.8647437;
Cuba;2002;26.56186968;41787.17
Brazil;1977;179.5367706;
Cuba;2003;25.794459;41544.49
Brazil;1978;194.2063425;
Cuba;2004;25.3133757;41254.67
Brazil;1979;207.3871166;
Cuba;2005;26.24129468;42214.88
Brazil;1980;207.1238262;
Cuba;2006;26.80934308;44517.99
Brazil;1981;191.2792755;
Cuba;2007;27.69311019;44237.77
Brazil;1982;189.3223967;
Cuba;2008;26.7469553;47672.61
Brazil;1983;181.6293215;
Cuba;2009;26.96153049;46158.6
Brazil;1984;184.7580546;
Cuba;2010;28.2070445;50848.7
Brazil;1985;198.0524944;
Cuba;2011;27.76682827;47260.31
Brazil;1986;216.9333853;
Cuba;2012;28.93387992;47493.49
Brazil;1987;222.9326581;
Cuba;2013;29.09391524;46321.43
Brazil;1988;227.7709716;
Cuba;2014;26.92436776;45460.22
Brazil;1989;230.9711848;
Cuba;2015;29.47057801;46444.25
Cuba;2016;27.37130107;42013.91
Cuba;2017;26.49321245;39196.57
Cuba;2018;26.84798178;39297.55
Cuba;2019;24.5782001;38875.3
Cuba;2020;21.59973673;35289.16
Cuba;2021;21.14827359;40031.09
Cuba;2022;20.84757015;41996.76
Cyprus;1990;4.638500377;8545.38
Cyprus;1991;5.160491826;9345.566
Cyprus;1992;5.488349461;10145.75
Cyprus;1993;5.744874571;9887.655
Cyprus;1994;5.988864172;10443.86
Cyprus;1995;5.858777082;10813.11
Cyprus;1996;6.221528357;11389.35
Cyprus;1997;6.311588133;10988.26
Cyprus;1998;6.615241646;11836.47
Cyprus;1999;6.876430451;12126.17
Cyprus;2000;7.132102341;12514.11
Cyprus;2001;6.997517341;12530.14
Cyprus;2002;7.174793092;12803.92
Cyprus;2003;7.843211059;13503.23
Cyprus;2004;7.788302232;14154.17
Cyprus;2005;7.905219091;14307.74
Cyprus;2006;8.010564676;14966.47
Cyprus;2007;8.308270434;15808.01
Cyprus;2008;8.493628196;16574.31
Cyprus;2009;8.286556511;15255.19
Cyprus;2010;7.913449051;15109.07
Cyprus;2011;7.65568265;14816.57
Cyprus;2012;7.120796657;14435.98
Cyprus;2013;6.439486755;13303.08
Cyprus;2014;6.816116167;13309.71
Cyprus;2015;6.85502714;13341.79
Brazil;2023;479.5042293;
Cyprus;2016;7.220691844;14244.59
Barbados;1970;0.254939413;
Cyprus;2017;7.361895697;14295.22
Barbados;1971;0.254748076;
Cyprus;2018;7.21272518;11514.84
Barbados;1972;0.308361354;
Cyprus;2019;7.215465102;10516.67
Barbados;1973;0.304910171;
Cyprus;2020;6.801409018;10214.77
Barbados;1974;0.272114062;
Cyprus;2021;6.904179862;10301.85
Barbados;1975;0.327942619;
Cyprus;2022;7.185309534;10445.42
Barbados;1976;0.306537537;
Barbados;1977;0.335240257;
Barbados;1978;0.344961512;
Barbados;1979;0.345543421;
Barbados;1980;0.345001521;
Barbados;1981;0.342574056;
Barbados;1982;0.327034697;
Barbados;1983;0.342240068;
Barbados;1984;0.410088827;
Barbados;1985;0.499014299;
Barbados;1986;0.539369324;
Barbados;1987;0.510113194;
Barbados;1988;0.523107189;
Barbados;1989;0.595904265;
Barbados;2023;0.796212945;
Brunei;1970;2.02434964;
Brunei;1971;1.871014292;
Brunei;1972;2.202737202;
Brunei;1973;2.674687608;
Brunei;1974;2.775873064;
Brunei;1975;2.861245296;
Brunei;1976;3.307069328;
Brunei;1977;3.385361658;
Brunei;1978;3.490047137;
Brunei;1979;3.163565342;
Brunei;1980;3.95409486;
Brunei;1981;3.321701399;
Brunei;1982;3.699119069;
Brunei;1983;4.030908666;
Brunei;1984;3.90388299;
Brunei;1985;3.848688903;
Brunei;1986;3.623641882;
Brunei;1987;3.72725954;
Brunei;1988;4.058094284;
Brunei;1989;3.994619392;
Brunei;2023;9.716060497;
Bhutan;1970;0.035129656;
Bhutan;1971;0.037135271;
Bhutan;1972;0.04032584;
Bhutan;1973;0.042364158;
Bhutan;1974;0.043181521;
Bhutan;1975;0.042768471;
Bhutan;1976;0.044625774;
Bhutan;1977;0.047089768;
Bhutan;1978;0.049705602;
Bhutan;1979;0.051317686;
Bhutan;1980;0.051814177;
Bhutan;1981;0.078174657;
Bhutan;1982;0.077776346;
Bhutan;1983;0.078951345;
Bhutan;1984;0.077522106;
Bhutan;1985;0.082500133;
Bhutan;1986;0.083113848;
Bhutan;1987;0.128810959;
Bhutan;1988;0.133742343;
Bhutan;1989;0.135518489;
Denmark;1990;52.42597525;79165.25
Denmark;1991;63.08394488;80600.81
Denmark;1992;57.3890322;82036.37
Denmark;1993;59.71115507;83521.85
Denmark;1994;63.69143083;88923.82
Denmark;1995;60.5879593;88029.5
Denmark;1996;74.01471995;98393.13
Denmark;1997;64.24833348;89038.79
Denmark;1998;60.259063;90124.48
Denmark;1999;57.28209945;86684.88
Denmark;2000;53.15583929;82816.58
Denmark;2001;54.75423954;83228.88
Denmark;2002;54.27534164;85937.02
Denmark;2003;59.70409756;95122.04
Denmark;2004;54.13904022;91811.07
Denmark;2005;50.67018375;89962.03
Denmark;2006;58.62188143;95971.55
Denmark;2007;53.88360149;95094.53
Denmark;2008;50.63397829;92849.73
Denmark;2009;48.44305353;87188.76
Denmark;2010;48.55661692;86041.4
Denmark;2011;43.48754668;81488.64
Denmark;2012;38.59208644;77828.08
Bhutan;2023;1.986674423;
Denmark;2013;40.33912786;78689.91
Botswana;1970;0.153420875;
Denmark;2014;36.20429317;74456.08
Botswana;1971;0.153524016;
Denmark;2015;34.0735922;73088.07
Botswana;1972;0.197011435;
Denmark;2016;35.70642807;66299.38
Botswana;1973;0.262304456;
Denmark;2017;33.57235613;65433.16
Botswana;1974;0.453178721;
Denmark;2018;33.65443743;68093.5
Botswana;1975;0.560606119;
Denmark;2019;30.20215822;63229.97
Botswana;1976;0.817853637;
Denmark;2020;27.79671832;62107.48
Botswana;1977;0.933480576;
Denmark;2021;29.39591392;61495.3
Botswana;1978;1.054547504;
Denmark;2022;28.14152765;60056.71
Botswana;1979;1.200620195;
Djibouti;1990;0.973225709;1566.52
Botswana;1980;1.267809597;
Djibouti;1991;1.222017078;1533.842
Botswana;1981;1.38570878;
Djibouti;1992;1.046255754;1501.163
Botswana;1982;1.445896366;
Djibouti;1993;1.02916188;1484.585
Botswana;1983;1.416804388;
Djibouti;1994;1.053487868;1509.227
Botswana;1984;1.411810084;
Djibouti;1995;1.072615072;1516.8
Botswana;1985;1.511185166;
Djibouti;1996;1.113076046;1529.023
Botswana;1986;1.73805997;
Djibouti;1997;1.123149337;1585.206
Botswana;1987;1.803614097;
Djibouti;1998;1.144524439;1583.36
Botswana;1988;2.164139636;
Djibouti;1999;1.178716452;1657.898
Botswana;1989;2.385213351;
Djibouti;2000;0.73984021;1681.28
Djibouti;2001;0.750237806;1714.759
Djibouti;2002;0.778424225;1775.061
Djibouti;2003;0.820144092;1776.538
Djibouti;2004;0.791163732;1763.58
Djibouti;2005;0.755007374;1797.494
Djibouti;2006;0.730656883;1806.078
Djibouti;2007;0.74872485;1860.979
Djibouti;2008;0.810552566;1933.123
Djibouti;2009;0.730334561;1899.696
Djibouti;2010;0.815554773;1955.505
Djibouti;2011;0.632929846;1948.146
Djibouti;2012;0.807251175;1952.799
Djibouti;2013;0.886385791;2070.609
Djibouti;2014;0.885934182;1849.459
Djibouti;2015;0.809720069;1909.538
Djibouti;2016;0.738786019;1399.725
Djibouti;2017;0.663769918;1445.507
Djibouti;2018;0.718252489;1786.152
Djibouti;2019;0.707465788;1753.248
Djibouti;2020;0.734823407;1705.304
Djibouti;2021;0.792828474;1711.338
Djibouti;2022;0.748484005;1718.966
Dominican Republic;1990;8.046901328;15897.49
Dominican Republic;1991;8.426091231;17312.62
Dominican Republic;1992;9.777472913;18727.75
Dominican Republic;1993;9.655896134;20667.14
Dominican Republic;1994;11.28363522;22426.31
Dominican Republic;1995;11.99641646;25009.39
Dominican Republic;1996;12.9050639;25487.97
Dominican Republic;1997;14.6827528;25134.91
Dominican Republic;1998;16.78934402;24577.56
Dominican Republic;1999;18.20166556;25008.32
Dominican Republic;2000;19.00818276;26755.98
Botswana;2023;7.424698218;
Dominican Republic;2001;19.14043569;26677.88
Central African Republic;1970;0.075609304;
Dominican Republic;2002;21.01424365;28261.04
Central African Republic;1971;0.075638492;
Dominican Republic;2003;18.79185864;26195.95
Central African Republic;1972;0.075384969;
Dominican Republic;2004;17.42141735;23802.17
Central African Republic;1973;0.077902677;
Dominican Republic;2005;18.78617038;25341.33
Central African Republic;1974;0.083863953;
Dominican Republic;2006;20.57487441;27193.5
Central African Republic;1975;0.086958608;
Dominican Republic;2007;20.74820179;28897.1
Central African Republic;1976;0.090143993;
Dominican Republic;2008;20.71448978;29768.92
Central African Republic;1977;0.093187316;
Dominican Republic;2009;19.83457434;29409.22
Central African Republic;1978;0.094721055;
Dominican Republic;2010;20.92072442;30757.06
Central African Republic;1979;0.108773157;
Dominican Republic;2011;21.12035286;33616.67
Central African Republic;1980;0.106960605;
Dominican Republic;2012;21.87780851;33730.86
Central African Republic;1981;0.131858314;
Dominican Republic;2013;21.4766892;33056.24
Central African Republic;1982;0.131928203;
Dominican Republic;2014;21.69378163;33404.24
Central African Republic;1983;0.154058507;
Dominican Republic;2015;23.86830409;34587.27
Central African Republic;1984;0.139540073;
Dominican Republic;2016;24.8648917;34424.36
Central African Republic;1985;0.139245622;
Dominican Republic;2017;23.77912077;34583.27
Central African Republic;1986;0.174053156;
Dominican Republic;2018;25.62084641;36772.91
Central African Republic;1987;0.22335071;
Dominican Republic;2019;28.52456189;36068.04
Central African Republic;1988;0.205545836;
Dominican Republic;2020;26.90025324;34345.11
Central African Republic;1989;0.189994076;
Dominican Republic;2021;29.66621789;35439.78
Dominican Republic;2022;29.6442087;36865.21
Ecuador;1990;17.55409721;33648.59
Ecuador;1991;17.59137951;36339
Ecuador;1992;18.53127606;39029.42
Ecuador;1993;18.07921127;43324.31
Ecuador;1994;18.95131079;36036.48
Ecuador;1995;20.80175653;43876.36
Ecuador;1996;23.96722433;45833.08
Ecuador;1997;24.97756538;41799.31
Ecuador;1998;24.50679238;44489.4
Ecuador;1999;21.69628804;40019.83
Ecuador;2000;22.04269411;35600.3
Ecuador;2001;24.30907121;43949.29
Ecuador;2002;24.29613343;45830.86
Ecuador;2003;24.83681102;48839.99
Ecuador;2004;26.22630201;51376.84
Ecuador;2005;28.23692845;52097.49
Ecuador;2006;30.2321183;51002.73
Ecuador;2007;30.839625;54012.46
Ecuador;2008;31.87226166;51675.46
Ecuador;2009;34.67452391;57126.06
Ecuador;2010;37.37414922;60352
Ecuador;2011;37.74729786;61342.08
Ecuador;2012;37.92281903;60482.82
Ecuador;2013;40.34907293;66608.33
Ecuador;2014;42.54262924;68680.22
Ecuador;2015;42.26322517;67045.61
Ecuador;2016;40.9718603;65645.16
Ecuador;2017;39.76406662;65632.28
Ecuador;2018;41.371735;66129.44
Ecuador;2019;40.82624509;64544.77
Ecuador;2020;35.71246758;61190.15
Ecuador;2021;39.88957349;66692.67
Central African Republic;2023;0.368377593;
Ecuador;2022;42.26022134;64940.59
Canada;1970;358.1271957;
Egypt;1990;91.50094266;135902.7
Canada;1971;365.7851068;
Egypt;1991;93.67379807;136726.1
Canada;1972;383.0355329;
Egypt;1992;97.44502255;137549.5
Canada;1973;401.9820757;
Egypt;1993;97.78306313;150636.2
Canada;1974;410.0578601;
Egypt;1994;93.22282145;142415
Canada;1975;400.2143053;
Egypt;1995;99.72650286;154198
Canada;1976;413.3629276;
Egypt;1996;106.9189237;155857.2
Canada;1977;427.8717711;
Egypt;1997;113.7744179;166329.6
Canada;1978;431.0299006;
Egypt;1998;120.1209167;177496.6
Canada;1979;445.1962168;
Egypt;1999;129.403421;181518.1
Canada;1980;450.4306697;
Egypt;2000;127.9103147;197057.2
Canada;1981;431.7735242;
Egypt;2001;141.1988293;189705.1
Canada;1982;413.7740146;
Egypt;2002;144.9574977;196127.5
Canada;1983;407.4238776;
Egypt;2003;147.8503411;215720.1
Canada;1984;426.7783738;
Egypt;2004;160.4135269;227321.7
Canada;1985;426.6500088;
Egypt;2005;178.3832028;252228.3
Canada;1986;416.5803928;
Egypt;2006;188.8715547;267238.2
Canada;1987;429.3181558;
Egypt;2007;201.951741;279329.4
Canada;1988;460.3398032;
Egypt;2008;202.0152189;293272.8
Canada;1989;475.4706603;
Egypt;2009;210.334923;297656.4
Egypt;2010;211.7458686;297315.1
Egypt;2011;219.3321841;313266.7
Egypt;2012;232.9413394;311421.3
Egypt;2013;228.7388452;310185.8
Egypt;2014;233.0929981;321616.7
Egypt;2015;239.3925378;316323
Egypt;2016;250.0973517;364984.3
Egypt;2017;262.0765549;382059.8
Egypt;2018;256.5748824;371063.1
Egypt;2019;237.0638939;366996.1
Egypt;2020;226.1883868;341485.5
Egypt;2021;249.7364995;353530.9
Egypt;2022;247.1606632;359369.9
Canada;2023;575.0119627;
Switzerland and Liechtenstein;1970;41.45334559;
Switzerland and Liechtenstein;1971;43.40927778;
Switzerland and Liechtenstein;1972;44.10760632;
Switzerland and Liechtenstein;1973;47.73558737;
Switzerland and Liechtenstein;1974;43.04450493;
Switzerland and Liechtenstein;1975;40.6341587;
Switzerland and Liechtenstein;1976;42.31996995;
Switzerland and Liechtenstein;1977;42.74288655;
Switzerland and Liechtenstein;1978;43.94899502;
Switzerland and Liechtenstein;1979;42.62978414;
Switzerland and Liechtenstein;1980;43.3936268;
Switzerland and Liechtenstein;1981;41.01521925;
Switzerland and Liechtenstein;1982;38.79752362;
Eritrea;1990;0.329209288;4370.114
Switzerland and Liechtenstein;1983;42.89262094;
Eritrea;1991;0.378174652;4512.962
Switzerland and Liechtenstein;1984;42.38055511;
Eritrea;1992;0.491044424;4655.811
Switzerland and Liechtenstein;1985;45.57699049;
Eritrea;1993;0.683594983;4071.127
Switzerland and Liechtenstein;1986;45.4827325;
Eritrea;1994;0.770835757;4347.945
Switzerland and Liechtenstein;1987;43.89117809;
Eritrea;1995;0.834042082;4466.599
Switzerland and Liechtenstein;1988;43.84619295;
Eritrea;1996;0.917148078;5014.843
Switzerland and Liechtenstein;1989;43.65665917;
Eritrea;1997;0.858814704;5479.928
Switzerland and Liechtenstein;1990;44.80945309;
Eritrea;1998;0.639401297;5280.874
Switzerland and Liechtenstein;1991;47.12462133;
Eritrea;1999;0.679249076;5473.962
Switzerland and Liechtenstein;1992;47.0831204;
Eritrea;2000;0.670250644;5355.86
Switzerland and Liechtenstein;1993;44.76963101;
Eritrea;2001;0.735306141;5221.556
Switzerland and Liechtenstein;1994;43.83666501;
Eritrea;2002;0.72553804;5170.303
Switzerland and Liechtenstein;1995;44.62279645;
Eritrea;2003;0.700404908;5488.226
Switzerland and Liechtenstein;1996;45.17255328;
Eritrea;2004;0.717333029;5622.16
Switzerland and Liechtenstein;1997;43.88494329;
Eritrea;2005;0.604181622;5664.227
Switzerland and Liechtenstein;1998;45.34298644;
Eritrea;2006;0.543359923;5285.691
Switzerland and Liechtenstein;1999;45.60713499;
Eritrea;2007;0.530039715;5540.687
Switzerland and Liechtenstein;2000;44.79988612;
Eritrea;2008;0.46303988;5434.545
Switzerland and Liechtenstein;2001;46.22350542;
Eritrea;2009;0.480877308;5619.286
Switzerland and Liechtenstein;2002;44.59791707;
Eritrea;2010;0.516724109;5507.436
Switzerland and Liechtenstein;2003;45.88770634;
Eritrea;2011;0.616609805;5561.231
Switzerland and Liechtenstein;2004;46.42937262;
Eritrea;2012;0.634250922;5661.498
Switzerland and Liechtenstein;2005;47.06177232;
Eritrea;2013;0.593539103;5813.808
Switzerland and Liechtenstein;2006;46.62883215;
Eritrea;2014;0.595550503;5709.751
Switzerland and Liechtenstein;2007;44.64755968;
Eritrea;2015;0.577587543;5758.446
Switzerland and Liechtenstein;2008;46.01787691;
Eritrea;2016;0.597149648;5849.151
Switzerland and Liechtenstein;2009;44.65392347;
Eritrea;2017;0.586105463;5983.853
Switzerland and Liechtenstein;2010;46.335021;
Eritrea;2018;0.65502406;6150.168
Switzerland and Liechtenstein;2011;42.29862422;
Eritrea;2019;0.6735214;6132.79
Switzerland and Liechtenstein;2012;43.6090197;
Eritrea;2020;0.671779785;6033.25
Switzerland and Liechtenstein;2013;44.61683572;
Eritrea;2021;0.712164029;6019.813
Switzerland and Liechtenstein;2014;40.90973844;
Eritrea;2022;0.667389735;6147.011
Switzerland and Liechtenstein;2015;40.23298194;
Estonia;1990;39.48406886;41284.06
Switzerland and Liechtenstein;2016;40.78967569;
Estonia;1991;36.04156626;29729.19
Switzerland and Liechtenstein;2017;39.80687649;
Estonia;1992;26.13408866;18174.32
Switzerland and Liechtenstein;2018;38.50131963;
Estonia;1993;21.35636223;15737.5
Switzerland and Liechtenstein;2019;38.37915589;
Estonia;1994;21.96240477;16687.7
Switzerland and Liechtenstein;2020;35.88678208;
Estonia;1995;20.00418297;15384.24
Switzerland and Liechtenstein;2021;37.57924275;
Estonia;1996;20.97765108;16792.28
Switzerland and Liechtenstein;2022;34.41331482;
Estonia;1997;20.54369683;16137.03
Switzerland and Liechtenstein;2023;34.22171286;
Estonia;1998;18.61288707;15745.57
Chile;1970;28.38975374;
Estonia;1999;17.13902507;15088.77
Chile;1971;30.83587269;
Estonia;2000;17.37650499;14172.16
Chile;1972;32.17749664;
Estonia;2001;17.75923677;15049.52
Chile;1973;32.09389214;
Estonia;2002;16.99882754;15215.06
Chile;1974;30.2626874;
Estonia;2003;19.03053456;17370.87
Chile;1975;27.46678478;
Estonia;2004;19.40239495;17807.32
Chile;1976;28.09816975;
Estonia;2005;19.37759495;17816.64
Chile;1977;26.19425305;
Estonia;2006;18.71599506;18128.16
Chile;1978;26.89772739;
Estonia;2007;22.26138859;20712.36
Chile;1979;28.52842797;
Estonia;2008;20.13554388;18740.67
Chile;1980;28.38212891;
Estonia;2009;16.81139269;15494.4
Chile;1981;25.89530027;
Estonia;2010;21.5579552;17811.97
Chile;1982;21.89265429;
Estonia;2011;21.673616;17638.87
Chile;1983;22.39587866;
Estonia;2012;20.52359716;16929.38
Chile;1984;23.62901255;
Estonia;2013;22.91440688;18231.58
Chile;1985;22.83297858;
Estonia;2014;21.92075502;17299.31
Chile;1986;23.10583336;
Estonia;2015;19.99096083;15696.84
Chile;1987;23.34115158;
Estonia;2016;19.97976075;15545.97
Chile;1988;28.27957506;
Estonia;2017;21.22272134;16021.08
Chile;1989;33.97253161;
Estonia;2018;22.35883752;16771.64
Estonia;2019;14.70778834;13767.23
Estonia;2020;11.48079108;12534.34
Estonia;2021;12.30953615;12819.69
Estonia;2022;12.58815637;12380.8
Ethiopia;1990;2.186123504;52175.5
Ethiopia;1991;2.165353941;52984.76
Ethiopia;1992;1.695728009;53794.02
Ethiopia;1993;2.158780711;48930.97
Ethiopia;1994;2.496108795;1269.743
Ethiopia;1995;2.826158296;1278.049
Ethiopia;1996;3.186803207;1439.585
Ethiopia;1997;3.332859305;1415.216
Ethiopia;1998;3.541451165;1279.786
Ethiopia;1999;3.495606277;1407.782
Ethiopia;2000;3.875971752;957.7412
Ethiopia;2001;4.786984946;1491.739
Ethiopia;2002;4.920840444;1556.976
Ethiopia;2003;5.259560747;1585.241
Ethiopia;2004;5.730118047;1731.578
Ethiopia;2005;5.471389049;2045.627
Ethiopia;2006;5.79287304;2419.532
Ethiopia;2007;6.348477787;2588.673
Ethiopia;2008;6.862059553;3073.344
Ethiopia;2009;6.905779698;3219.489
Ethiopia;2010;6.876515553;3270.92
Ethiopia;2011;7.95915793;3378.628
Ethiopia;2012;8.986762809;3593.739
Ethiopia;2013;10.44222132;3524.737
Ethiopia;2014;12.40459821;3131.752
Ethiopia;2015;13.5096315;3275.389
Ethiopia;2016;16.03158005;17147.08
Ethiopia;2017;15.86879124;27321.94
Ethiopia;2018;17.46516072;16521.43
Chile;2023;83.99923167;
Ethiopia;2019;18.82944164;18841.12
China;1970;909.9762417;
Ethiopia;2020;16.87735751;16171.91
China;1971;913.4193571;
Ethiopia;2021;17.27708185;16688.24
China;1972;973.9098745;
Ethiopia;2022;16.53906439;15463.53
China;1973;1013.66137;
Fiji;1990;1.015033248;2587.055
China;1974;1031.209355;
Fiji;1991;0.891407484;2550.591
China;1975;1182.598584;
Fiji;1992;1.000478637;2514.126
China;1976;1230.625731;
Fiji;1993;1.083587536;2556.166
China;1977;1383.52221;
Fiji;1994;1.133412087;2620.272
China;1978;1559.421164;
Fiji;1995;1.123745852;2616.324
China;1979;1597.352797;
Fiji;1996;1.178020734;2601.853
China;1980;1563.21618;
Fiji;1997;1.216675497;2492.486
China;1981;1549.103375;
Fiji;1998;1.20619843;2279.035
China;1982;1619.324515;
Fiji;1999;1.292591902;2380.468
China;1983;1704.076593;
Fiji;2000;1.460587415;2243.663
China;1984;1858.547907;
Fiji;2001;1.582051262;2550.118
China;1985;1878.475241;
Fiji;2002;1.307614446;2393.507
China;1986;1994.733636;
Fiji;2003;1.52106958;2649.145
China;1987;2133.278226;
Fiji;2004;1.978566132;3126.271
China;1988;2293.58259;
Fiji;2005;1.730399821;2916.205
China;1989;2372.094593;
Fiji;2006;1.860294127;3215.886
Fiji;2007;1.723567951;3133.613
Fiji;2008;1.291235693;3108.201
Fiji;2009;1.062927118;2742.602
Fiji;2010;1.695862871;3083.848
Fiji;2011;1.244804253;3082.535
Fiji;2012;1.204449308;2943.35
Fiji;2013;1.372477574;3485.926
Fiji;2014;1.559034877;3196.708
Fiji;2015;1.616440919;3655.533
Fiji;2016;1.591797988;2714.783
Fiji;2017;1.749797276;2739.881
Fiji;2018;1.845059246;3067.348
Fiji;2019;1.918148504;3402.164
Fiji;2020;1.934759466;3387.657
Fiji;2021;2.028129117;3312.492
Fiji;2022;2.13861214;3433.959
Finland;1990;56.22152851;88280.33
Finland;1991;56.90687976;82092.62
Finland;1992;54.0902387;75904.91
Finland;1993;55.36457692;73174.77
Finland;1994;62.09061324;79549.45
Finland;1995;58.74900481;78964.85
Finland;1996;64.93441595;83914.52
Finland;1997;62.74064427;79153.94
Finland;1998;59.53906983;82880.59
Finland;1999;58.89448011;81848.93
Finland;2000;57.52516974;78918.1
Finland;2001;63.57146185;81176.65
Finland;2002;65.72163778;83439.61
Finland;2003;74.0901789;90907.39
Finland;2004;70.44944198;88066.91
Finland;2005;58.24091031;80811.23
Finland;2006;69.84984205;88141.84
China;2023;13259.63895;
Finland;2007;68.06446461;87569.57
Côte d’Ivoire;1970;2.615793703;
Finland;2008;59.82370252;83278.08
Côte d’Ivoire;1971;2.667636658;
Finland;2009;57.07548155;79497.39
Côte d’Ivoire;1972;2.964846584;
Finland;2010;65.84245318;82405.24
Côte d’Ivoire;1973;3.049881625;
Finland;2011;58.21707622;77556.05
Côte d’Ivoire;1974;3.133220276;
Finland;2012;52.32010238;73496.91
Côte d’Ivoire;1975;3.402904548;
Finland;2013;53.32723649;73472.45
Côte d’Ivoire;1976;3.888649668;
Finland;2014;49.43736208;68736.27
Côte d’Ivoire;1977;3.857025725;
Finland;2015;45.97095021;67418.14
Côte d’Ivoire;1978;4.463101377;
Finland;2016;48.80347077;67513.62
Côte d’Ivoire;1979;4.162925484;
Finland;2017;46.0729875;67120.29
Côte d’Ivoire;1980;3.960129063;
Finland;2018;47.4347961;74379.97
Côte d’Ivoire;1981;3.624639041;
Finland;2019;44.1406308;69947.68
Côte d’Ivoire;1982;3.445519974;
Finland;2020;39.46487693;68051.82
Côte d’Ivoire;1983;4.055516664;
Finland;2021;39.4363641;67280.05
Côte d’Ivoire;1984;3.614571503;
Finland;2022;36.15368243;64984.9
Côte d’Ivoire;1985;3.312410029;
Côte d’Ivoire;1986;3.459081629;
Côte d’Ivoire;1987;3.375541446;
Côte d’Ivoire;1988;3.413225349;
Côte d’Ivoire;1989;3.279138315;
Côte d’Ivoire;1990;2.972071594;
Côte d’Ivoire;1991;3.064801621;
Côte d’Ivoire;1992;3.052035907;
Côte d’Ivoire;1993;3.238264203;
Côte d’Ivoire;1994;3.384454446;
Côte d’Ivoire;1995;3.702821958;
Côte d’Ivoire;1996;4.631987821;
Côte d’Ivoire;1997;5.638920646;
Côte d’Ivoire;1998;5.464605766;
Côte d’Ivoire;1999;7.297056772;
Côte d’Ivoire;2000;6.967123587;
Côte d’Ivoire;2001;6.986894012;
Côte d’Ivoire;2002;7.387323319;
Côte d’Ivoire;2003;5.814333508;
Côte d’Ivoire;2004;5.995655884;
Côte d’Ivoire;2005;6.395466607;
Côte d’Ivoire;2006;6.278608751;
Côte d’Ivoire;2007;6.234845824;
Côte d’Ivoire;2008;6.918449728;
Côte d’Ivoire;2009;6.411240082;
Côte d’Ivoire;2010;7.314830306;
Côte d’Ivoire;2011;7.078360135;
Côte d’Ivoire;2012;9.020131273;
Côte d’Ivoire;2013;9.80098661;
Côte d’Ivoire;2014;10.45907361;
Côte d’Ivoire;2015;11.26501373;
Côte d’Ivoire;2016;11.40345411;
Côte d’Ivoire;2017;12.32980333;
Côte d’Ivoire;2018;12.34289052;
Côte d’Ivoire;2019;13.19028696;
Côte d’Ivoire;2020;13.08058152;
Côte d’Ivoire;2021;14.51340757;
Côte d’Ivoire;2022;14.76333479;
Côte d’Ivoire;2023;14.41245478;
Cameroon;1970;0.871089927;
Cameroon;1971;0.927354873;
Cameroon;1972;0.9673096;
Cameroon;1973;1.010031703;
Cameroon;1974;0.984697874;
Cameroon;1975;1.248318661;
Cameroon;1976;1.162083095;
Cameroon;1977;1.623642354;
Cameroon;1978;1.758800777;
Cameroon;1979;1.910417635;
Cameroon;1980;2.036287715;
Cameroon;1981;2.174595657;
Cameroon;1982;2.305491004;
Cameroon;1983;4.656101445;
Cameroon;1984;4.866637743;
Cameroon;1985;4.777318422;
Cameroon;1986;5.785057433;
Cameroon;1987;5.259666487;
Cameroon;1988;3.313794162;
Cameroon;1989;4.7609207;
Gabon;1990;6.171130063;17504.1
Gabon;1991;4.933928084;17421.71
Gabon;1992;4.971906681;17339.32
Gabon;1993;5.082684656;17048.42
Gabon;1994;5.045827531;15026
Gabon;1995;5.670622535;16617.51
Gabon;1996;6.332551955;18184.72
Gabon;1997;6.048750772;16275.26
Gabon;1998;6.922952145;19268.2
Gabon;1999;6.589983251;17085.32
Gabon;2000;6.603547739;15619.12
Gabon;2001;6.740604248;16688.73
Gabon;2002;6.471797448;16614.43
Gabon;2003;7.341978016;18761.84
Gabon;2004;6.624841217;16945.6
Gabon;2005;6.391143251;15460.25
Gabon;2006;5.706502498;13295.08
Gabon;2007;5.17494796;11965.38
Gabon;2008;5.518541753;12441.17
Gabon;2009;5.448279761;13089.17
Gabon;2010;5.957310551;12464.57
Gabon;2011;5.819022098;15985.76
Gabon;2012;5.889124883;15648.93
Gabon;2013;6.076642917;16235.69
Gabon;2014;6.266098126;16547.3
Gabon;2015;6.440117925;17712.42
Cameroon;2023;10.75563149;
Gabon;2016;6.500026127;17097.28
Democratic Republic of the Congo;1970;2.926446569;
Gabon;2017;5.626704169;15507.98
Democratic Republic of the Congo;1971;2.956675308;
Gabon;2018;5.257678551;14406.43
Democratic Republic of the Congo;1972;3.041257198;
Gabon;2019;5.438903866;15555.42
Democratic Republic of the Congo;1973;3.059926556;
Gabon;2020;5.30964359;15248.93
Democratic Republic of the Congo;1974;3.214599309;
Gabon;2021;5.137745989;14442.92
Democratic Republic of the Congo;1975;3.159559223;
Gabon;2022;5.395034865;14309.98
Democratic Republic of the Congo;1976;3.100470136;
Democratic Republic of the Congo;1977;3.209751926;
Democratic Republic of the Congo;1978;3.232395363;
Democratic Republic of the Congo;1979;3.575856282;
Democratic Republic of the Congo;1980;3.539178201;
Democratic Republic of the Congo;1981;3.784636321;
Democratic Republic of the Congo;1982;3.043814252;
Democratic Republic of the Congo;1983;3.979307848;
Democratic Republic of the Congo;1984;3.887112285;
Democratic Republic of the Congo;1985;3.631596483;
Democratic Republic of the Congo;1986;3.399950892;
Democratic Republic of the Congo;1987;3.734632293;
Democratic Republic of the Congo;1988;3.876854503;
Democratic Republic of the Congo;1989;3.68496246;
Democratic Republic of the Congo;1990;3.369236496;
Democratic Republic of the Congo;1991;1.894451588;
Democratic Republic of the Congo;1992;1.628104595;
Democratic Republic of the Congo;1993;1.569838322;
Democratic Republic of the Congo;1994;2.482802051;
Democratic Republic of the Congo;1995;2.315091841;
Democratic Republic of the Congo;1996;2.559536783;
Democratic Republic of the Congo;1997;2.566622085;
Democratic Republic of the Congo;1998;2.55537004;
Democratic Republic of the Congo;1999;2.361253415;
Democratic Republic of the Congo;2000;1.876321383;
Democratic Republic of the Congo;2001;1.823951397;
Democratic Republic of the Congo;2002;1.913611641;
Democratic Republic of the Congo;2003;2.318177031;
Democratic Republic of the Congo;2004;2.214124976;
Democratic Republic of the Congo;2005;2.482129279;
Democratic Republic of the Congo;2006;2.550922165;
Democratic Republic of the Congo;2007;2.817973123;
Democratic Republic of the Congo;2008;2.891445501;
Democratic Republic of the Congo;2009;2.809267292;
Georgia;1990;34.48835472;64858.61
Democratic Republic of the Congo;2010;2.944381348;
Georgia;1991;26.60997863;56406.12
Democratic Republic of the Congo;2011;3.36780367;
Georgia;1992;20.92097065;47953.62
Democratic Republic of the Congo;2012;3.015202385;
Georgia;1993;16.7463491;31632.4
Democratic Republic of the Congo;2013;4.193613904;
Georgia;1994;10.91967185;30465.23
Democratic Republic of the Congo;2014;5.385998957;
Georgia;1995;8.519545531;16804.42
Democratic Republic of the Congo;2015;3.490859279;
Georgia;1996;6.896939463;19817.71
Democratic Republic of the Congo;2016;2.689883706;
Georgia;1997;6.048158005;20107.44
Democratic Republic of the Congo;2017;3.129221135;
Georgia;1998;5.485516641;17730.87
Democratic Republic of the Congo;2018;3.102673032;
Georgia;1999;4.8879906;15579.11
Democratic Republic of the Congo;2019;3.354527156;
Georgia;2000;5.212091338;14138.39
Democratic Republic of the Congo;2020;3.458225604;
Georgia;2001;3.878700081;13353.95
Democratic Republic of the Congo;2021;3.510292037;
Georgia;2002;3.592242494;13325.13
Democratic Republic of the Congo;2022;3.891988706;
Georgia;2003;3.954878679;13761.19
Democratic Republic of the Congo;2023;3.799541205;
Georgia;2004;4.309039386;14732.27
Congo;1970;1.803247983;
Georgia;2005;4.977930956;15489.63
Congo;1971;2.06558136;
Georgia;2006;5.680392062;18439.62
Congo;1972;1.978164735;
Georgia;2007;6.594702362;19217.24
Congo;1973;8.95883502;
Georgia;2008;5.679683196;19331.9
Congo;1974;12.88431875;
Georgia;2009;6.469541734;17171.19
Congo;1975;7.96505796;
Georgia;2010;6.292364111;16940.04
Congo;1976;7.69688045;
Georgia;2011;7.582588214;19980.03
Congo;1977;2.46936967;
Georgia;2012;8.271273757;21154.25
Congo;1978;1.52936174;
Georgia;2013;9.1459316;20001.24
Congo;1979;1.388821845;
Georgia;2014;9.83724672;20504.28
Congo;1980;1.823142168;
Georgia;2015;10.64552281;20892.44
Congo;1981;2.047958336;
Georgia;2016;11.02359874;18501.92
Congo;1982;2.375270859;
Georgia;2017;11.16901869;17584.43
Congo;1983;2.449503168;
Georgia;2018;11.13453727;18058.22
Congo;1984;2.417370228;
Georgia;2019;11.91983972;17861.56
Congo;1985;2.456459445;
Georgia;2020;11.54626127;17770.95
Congo;1986;2.39326463;
Georgia;2021;12.147213;17004.15
Congo;1987;2.444437736;
Georgia;2022;12.63394143;17821.2
Congo;1988;2.417144672;
Germany;1990;1013.031618;1329430
Congo;1989;2.419985354;
Germany;1991;992.035304;1309521
Germany;1992;938.1012735;1289612
Germany;1993;929.6470401;1286862
Germany;1994;915.6040557;1285044
Germany;1995;910.8205243;1284230
Germany;1996;939.695749;1296598
Germany;1997;907.8210428;1220942
Germany;1998;906.9508195;1219055
Germany;1999;871.0236324;1196977
Germany;2000;871.7356744;1170996
Germany;2001;885.8183408;1154449
Germany;2002;870.311638;1128848
Germany;2003;878.2763013;1164806
Germany;2004;863.7247474;1144639
Germany;2005;842.099331;1115493
Germany;2006;855.8554528;1097355
Germany;2007;826.9926186;1059197
Germany;2008;830.3550777;1051062
Germany;2009;768.5530635;1004876
Germany;2010;815.378388;996144.1
Germany;2011;788.5477043;974428.5
Germany;2012;800.4647518;973021.4
Germany;2013;818.2783726;985404
Germany;2014;779.2231199;962039.7
Germany;2015;785.3871812;970108.8
Germany;2016;789.7137865;882645.5
Germany;2017;774.9481794;890814.4
Germany;2018;747.2144765;975097.5
Germany;2019;697.0084883;913073
Germany;2020;642.5520468;882503.4
Germany;2021;677.803873;883336.9
Germany;2022;659.5018471;872121
Ghana;1990;3.131029043;12169.34
Ghana;1991;2.902883215;12273.11
Congo;2023;7.250789807;
Ghana;1992;3.427229248;12376.89
Cook Islands;1970;0.018764313;
Ghana;1993;3.535754076;12639.41
Cook Islands;1971;0.018764572;
Ghana;1994;3.763617958;12533.48
Cook Islands;1972;0.020009351;
Ghana;1995;4.044241432;12776.68
Cook Islands;1973;0.024079614;
Ghana;1996;4.388873091;13530.7
Cook Islands;1974;0.029561549;
Ghana;1997;4.616879034;14040.08
Cook Islands;1975;0.024405475;
Ghana;1998;6.269792901;14221.53
Cook Islands;1976;0.024042921;
Ghana;1999;6.842524971;15518.63
Cook Islands;1977;0.025387575;
Ghana;2000;6.085899553;15942.98
Cook Islands;1978;0.025190227;
Ghana;2001;6.573167089;16463.69
Cook Islands;1979;0.027071367;
Ghana;2002;7.751493847;16848.4
Cook Islands;1980;0.029153804;
Ghana;2003;7.279127594;18514.78
Cook Islands;1981;0.057674188;
Ghana;2004;6.800599458;18866.95
Cook Islands;1982;0.056808134;
Ghana;2005;7.187702702;20014.51
Cook Islands;1983;0.056167015;
Ghana;2006;8.721369726;22496.64
Cook Islands;1984;0.050126913;
Ghana;2007;9.21131362;22944.98
Cook Islands;1985;0.05545716;
Ghana;2008;8.746407747;24488.61
Cook Islands;1986;0.03592148;
Ghana;2009;10.04715718;22221.7
Cook Islands;1987;0.040901817;
Ghana;2010;11.2481355;24731.52
Cook Islands;1988;0.041253012;
Ghana;2011;12.13165164;29446.11
Cook Islands;1989;0.039716897;
Ghana;2012;14.64020705;30864.42
Cook Islands;1990;0.041106887;
Ghana;2013;15.56312196;32517.92
Cook Islands;1991;0.029572059;
Ghana;2014;14.99773303;33064.42
Cook Islands;1992;0.046874179;
Ghana;2015;15.78847547;35406.98
Cook Islands;1993;0.04749118;
Ghana;2016;16.1935294;44073.37
Cook Islands;1994;0.048806357;
Ghana;2017;16.96410664;43461.89
Cook Islands;1995;0.04428311;
Ghana;2018;19.13239264;46207.27
Cook Islands;1996;0.044788495;
Ghana;2019;20.2013964;48476.36
Cook Islands;1997;0.046132573;
Ghana;2020;22.14902112;56182.91
Cook Islands;1998;0.047474903;
Ghana;2021;25.00952302;65320.11
Cook Islands;1999;0.047457443;
Ghana;2022;24.78873912;54335.66
Cook Islands;2000;0.060920723;
Greece;1990;77.90224664;136477.3
Cook Islands;2001;0.061415654;
Greece;1991;77.92859317;138734.8
Cook Islands;2002;0.033996755;
Greece;1992;80.05657599;140992.3
Cook Islands;2003;0.03074241;
Greece;1993;79.58350114;141888.2
Cook Islands;2004;0.049623068;
Greece;1994;81.20565646;145611.5
Cook Islands;2005;0.081077146;
Greece;1995;84.25341467;150672.9
Cook Islands;2006;0.083937515;
Greece;1996;84.24185883;161356
Cook Islands;2007;0.071880956;
Greece;1997;85.19124099;157413.3
Cook Islands;2008;0.073661061;
Greece;1998;88.64339151;171330.1
Cook Islands;2009;0.065696306;
Greece;1999;88.89362461;176092.5
Cook Islands;2010;0.082630543;
Greece;2000;96.05458039;181156.9
Cook Islands;2011;0.093252912;
Greece;2001;98.10937398;179857.9
Cook Islands;2012;0.098092823;
Greece;2002;98.0738433;181259.4
Cook Islands;2013;0.10358742;
Greece;2003;101.8317227;194072.2
Cook Islands;2014;0.110548735;
Greece;2004;101.5758785;195477.9
Cook Islands;2015;0.099966057;
Greece;2005;103.6244215;198176.5
Cook Islands;2016;0.105425067;
Greece;2006;102.378388;195495.7
Cook Islands;2017;0.114933476;
Greece;2007;105.9982199;203205.8
Cook Islands;2018;0.116938739;
Greece;2008;101.8303618;201989.1
Cook Islands;2019;0.122166777;
Greece;2009;96.21410874;186796.3
Cook Islands;2020;0.124218435;
Greece;2010;89.09191574;176685.8
Cook Islands;2021;0.130258828;
Greece;2011;86.13566957;165557.8
Cook Islands;2022;0.137498164;
Greece;2012;81.54619637;156828.2
Cook Islands;2023;0.142210829;
Greece;2013;73.86585763;145263.4
Colombia;1970;28.85177737;
Greece;2014;71.00420071;136228.9
Colombia;1971;29.15816809;
Greece;2015;69.44755198;136007.9
Colombia;1972;29.87907142;
Greece;2016;68.15603477;89834.13
Colombia;1973;30.82854868;
Greece;2017;68.37891123;94647.43
Colombia;1974;31.93460711;
Greece;2018;66.58230566;95664.95
Colombia;1975;34.33321;
Greece;2019;61.61906064;89960.76
Colombia;1976;36.63307777;
Greece;2020;52.37293812;85762.73
Colombia;1977;37.61843572;
Greece;2021;54.19844111;84950.39
Colombia;1978;40.11982124;
Greece;2022;54.93229796;83419.89
Colombia;1979;40.34476095;
Greenland;1990;0.001142585;0
Colombia;1980;41.08847046;
Greenland;1991;0.001163833;0
Colombia;1981;41.5973072;
Greenland;1992;0.001182658;0
Colombia;1982;42.19106225;
Greenland;1993;0.001199373;0
Colombia;1983;44.27903726;
Greenland;1994;0.001216872;0
Colombia;1984;45.01876143;
Greenland;1995;0.001235578;0
Colombia;1985;46.56359537;
Greenland;1996;0.001255066;0
Colombia;1986;47.08171513;
Greenland;1997;0.001270105;0
Colombia;1987;49.10704937;
Greenland;1998;0.001289065;0
Colombia;1988;49.61871408;
Greenland;1999;0.001309906;0
Colombia;1989;51.15493094;
Greenland;2000;0.001339405;0
Greenland;2001;0.001365709;0
Greenland;2002;0.00138835;0
Greenland;2003;0.001414077;0
Greenland;2004;0.61284925;0
Greenland;2005;0.619235937;0
Greenland;2006;0.634873796;0
Greenland;2007;0.625381963;0
Greenland;2008;0.644435848;0
Greenland;2009;0.558755918;0
Greenland;2010;0.650727602;0
Greenland;2011;0.691907249;0
Greenland;2012;0.545857634;0
Greenland;2013;0.547052983;0
Greenland;2014;0.489055541;0
Greenland;2015;0.526112489;0
Greenland;2016;0.525688356;0
Greenland;2017;0.514005355;0
Greenland;2018;0.519255904;0
Greenland;2019;0.523845291;0
Greenland;2020;0.527502211;0
Greenland;2021;0.548379867;0
Greenland;2022;0.575769049;0
Guatemala;1990;3.914302627;16756.97
Guatemala;1991;4.137444174;17834.74
Guatemala;1992;4.850265973;18912.51
Guatemala;1993;5.385318078;18750.16
Guatemala;1994;5.820801345;20469.71
Guatemala;1995;6.792845023;20848.26
Guatemala;1996;6.671415729;19804.56
Guatemala;1997;6.976846626;20681.21
Guatemala;1998;8.702939681;21339.58
Guatemala;1999;8.666417422;21533.73
Guatemala;2000;9.685370829;21970.14
Colombia;2023;100.8627109;
Guatemala;2001;10.17458535;23099.54
Comoros;1970;0.021866959;
Guatemala;2002;10.69286615;23995.29
Comoros;1971;0.021878964;
Guatemala;2003;10.64633403;24443.95
Comoros;1972;0.021780486;
Guatemala;2004;10.85147833;25475
Comoros;1973;0.022535114;
Guatemala;2005;11.77187486;26886.77
Comoros;1974;0.02430562;
Guatemala;2006;11.91544778;27503.5
Comoros;1975;0.025247339;
Guatemala;2007;12.70093189;28390.11
Comoros;1976;0.02617921;
Guatemala;2008;11.56893231;27463.58
Comoros;1977;0.027111421;
Guatemala;2009;12.19714716;28179.44
Comoros;1978;0.027561542;
Guatemala;2010;11.77676688;28960.7
Comoros;1979;0.031762311;
Guatemala;2011;12.1462498;29990.91
Comoros;1980;0.031203319;
Guatemala;2012;12.58173012;30644.59
Comoros;1981;0.029906622;
Guatemala;2013;13.53526584;32305.94
Comoros;1982;0.02780753;
Guatemala;2014;14.53316019;33106.03
Comoros;1983;0.030420797;
Guatemala;2015;16.97461163;35295.48
Comoros;1984;0.029405701;
Guatemala;2016;18.03974574;38954.25
Comoros;1985;0.029325024;
Guatemala;2017;17.15243818;41095
Comoros;1986;0.016984611;
Guatemala;2018;18.7548403;39672.58
Comoros;1987;0.050260656;
Guatemala;2019;19.67937385;39591.58
Comoros;1988;0.046148439;
Guatemala;2020;17.64223052;37952.54
Comoros;1989;0.04265329;
Guatemala;2021;20.24316213;39290.26
Comoros;1990;0.039264239;
Guatemala;2022;19.97732562;40880.83
Comoros;1991;0.047351582;
Guinea;1990;0.945592776;9732.126
Comoros;1992;0.040307806;
Guinea;1991;0.917838751;9928.493
Comoros;1993;0.039366747;
Guinea;1992;0.822829465;10124.86
Comoros;1994;0.039252223;
Guinea;1993;0.848100732;10466.49
Comoros;1995;0.040298246;
Guinea;1994;0.861645768;10859.55
Comoros;1996;0.041809092;
Guinea;1995;0.877611149;11427.7
Comoros;1997;0.041868694;
Guinea;1996;0.909277499;11071.38
Comoros;1998;0.052881894;
Guinea;1997;0.919563009;10619.69
Comoros;1999;0.054459644;
Guinea;1998;0.952107025;10926.07
Comoros;2000;0.090860458;
Guinea;1999;0.984980705;11286.98
Comoros;2001;0.096447817;
Guinea;2000;1.471015084;11557.31
Comoros;2002;0.099780683;
Guinea;2001;1.566187993;11984.61
Comoros;2003;0.129378097;
Guinea;2002;1.688876869;13026.78
Comoros;2004;0.140132273;
Guinea;2003;1.784638203;13432.93
Comoros;2005;0.135828621;
Guinea;2004;1.829331457;13441.5
Comoros;2006;0.163268234;
Guinea;2005;1.753895772;13742.26
Comoros;2007;0.10685592;
Guinea;2006;1.874554051;12906.69
Comoros;2008;0.107062413;
Guinea;2007;1.935642944;14513.04
Comoros;2009;0.133027894;
Guinea;2008;2.070274729;14780.75
Comoros;2010;0.156633221;
Guinea;2009;2.193228188;16008.87
Comoros;2011;0.14209689;
Guinea;2010;2.521446634;16735.76
Comoros;2012;0.14743698;
Guinea;2011;2.676273808;16914.65
Comoros;2013;0.176844851;
Guinea;2012;2.543946718;18447.77
Comoros;2014;0.154952243;
Guinea;2013;2.297154983;19237.93
Comoros;2015;0.169770785;
Guinea;2014;2.379142173;19169.06
Comoros;2016;0.198426277;
Guinea;2015;2.845213027;19366.11
Comoros;2017;0.255209431;
Guinea;2016;3.202914817;24402.63
Comoros;2018;0.278680307;
Guinea;2017;3.212703755;21860.66
Comoros;2019;0.318483022;
Guinea;2018;3.246666022;23507.26
Comoros;2020;0.334445429;
Guinea;2019;3.446163208;24592.8
Comoros;2021;0.340258079;
Guinea;2020;3.601072762;24687.35
Comoros;2022;0.317237361;
Guinea;2021;3.672964134;25324.8
Comoros;2023;0.317695012;
Guinea;2022;3.808831551;25793.36
Cabo Verde;1970;0.149966247;
Guyana;1990;1.173656757;29053.76
Cabo Verde;1971;0.149973021;
Guyana;1991;1.145931154;32360.23
Cabo Verde;1972;0.149206275;
Guyana;1992;1.082456341;35666.7
Cabo Verde;1973;0.154402009;
Guyana;1993;1.088755982;39574.23
Cabo Verde;1974;0.166689893;
Guyana;1994;1.414863963;38780.76
Cabo Verde;1975;0.173158936;
Guyana;1995;1.532382422;38905.26
Cabo Verde;1976;0.17953619;
Guyana;1996;1.581829888;39923.96
Cabo Verde;1977;0.185900089;
Guyana;1997;1.723966375;35254.95
Cabo Verde;1978;0.188877166;
Guyana;1998;1.749370794;33701.92
Cabo Verde;1979;0.218139015;
Guyana;1999;1.737600352;32935.83
Cabo Verde;1980;0.214067234;
Guyana;2000;1.66206712;40671.43
Cabo Verde;1981;0.204841998;
Guyana;2001;1.645588767;34888.39
Cabo Verde;1982;0.081814876;
Guyana;2002;1.623735477;38955.89
Cabo Verde;1983;0.089602095;
Guyana;2003;1.619652848;39088.77
Cabo Verde;1984;0.105571721;
Guyana;2004;1.673480426;40451.44
Cabo Verde;1985;0.105205887;
Guyana;2005;1.483397973;44271.19
Cabo Verde;1986;0.034041704;
Guyana;2006;1.334584553;49434.8
Cabo Verde;1987;0.050522436;
Guyana;2007;1.607035745;58137.43
Cabo Verde;1988;0.062495993;
Guyana;2008;1.605521904;66418.95
Cabo Verde;1989;0.069449049;
Guyana;2009;1.62900389;65599.03
Cabo Verde;1990;0.053716126;
Guyana;2010;1.761157851;78263.18
Cabo Verde;1991;0.067280752;
Guyana;2011;1.833377262;90792.79
Cabo Verde;1992;0.066856653;
Guyana;2012;2.002622435;69091.33
Cabo Verde;1993;0.065222775;
Guyana;2013;1.977400476;66574.22
Cabo Verde;1994;0.076387272;
Guyana;2014;2.065134716;65759.63
Cabo Verde;1995;0.07640735;
Guyana;2015;2.074603197;66903.2
Cabo Verde;1996;0.091414095;
Guyana;2016;2.457182628;6483.641
Cabo Verde;1997;0.091467015;
Guyana;2017;2.468842147;7305.057
Cabo Verde;1998;0.09320816;
Guyana;2018;2.580788967;5940.102
Cabo Verde;1999;0.095984126;
Guyana;2019;2.793429772;4426.803
Cabo Verde;2000;0.282558437;
Guyana;2020;3.329847557;3871.134
Cabo Verde;2001;0.32278766;
Guyana;2021;3.269761285;3784.186
Cabo Verde;2002;0.359206748;
Guyana;2022;3.32222187;3330.323
Cabo Verde;2003;0.36024716;
Haiti;1990;1.141401301;6208.012
Cabo Verde;2004;0.38933663;
Haiti;1991;1.113964168;6404.695
Cabo Verde;2005;0.607964999;
Haiti;1992;1.036502304;6601.378
Cabo Verde;2006;0.667218355;
Haiti;1993;0.877428236;6343.512
Cabo Verde;2007;0.74752826;
Haiti;1994;0.414036288;6369.619
Cabo Verde;2008;0.728741868;
Haiti;1995;1.126449697;7650.959
Cabo Verde;2009;0.710112128;
Haiti;1996;1.280291632;8389.686
Cabo Verde;2010;0.753478865;
Haiti;1997;1.495444487;8732.292
Cabo Verde;2011;0.879866952;
Haiti;1998;1.532244673;8716.607
Cabo Verde;2012;0.75860065;
Haiti;1999;1.602566033;8924.964
Cabo Verde;2013;0.741299448;
Haiti;2000;1.69464159;8570.478
Cabo Verde;2014;0.776343012;
Haiti;2001;1.727638651;9100.184
Cabo Verde;2015;0.784056087;
Haiti;2002;1.951044674;9381.707
Cabo Verde;2016;0.822431023;
Haiti;2003;1.936916461;9134.028
Cabo Verde;2017;0.869477033;
Haiti;2004;1.790288778;9700.471
Cabo Verde;2018;0.875113306;
Haiti;2005;1.828596473;9992.704
Cabo Verde;2019;0.928056447;
Haiti;2006;1.850895358;10181.64
Cabo Verde;2020;0.975804839;
Haiti;2007;2.18326717;10759.27
Cabo Verde;2021;0.992744032;
Haiti;2008;2.162516413;11007.21
Cabo Verde;2022;1.037082531;
Haiti;2009;2.122537258;11126.87
Cabo Verde;2023;1.006330128;
Haiti;2010;2.597740179;11672.15
Costa Rica;1970;1.43342854;
Haiti;2011;2.943441817;11573.79
Costa Rica;1971;1.446515395;
Haiti;2012;2.75763946;11745.53
Costa Rica;1972;1.621356817;
Haiti;2013;2.976891192;11920.61
Costa Rica;1973;1.831875514;
Haiti;2014;3.227849079;12408.35
Costa Rica;1974;1.79804143;
Haiti;2015;3.493540291;12900.95
Costa Rica;1975;1.971092636;
Haiti;2016;3.577529036;13122.44
Costa Rica;1976;2.028497725;
Haiti;2017;3.585961137;13707.61
Costa Rica;1977;2.556312853;
Haiti;2018;3.556963899;14297.84
Costa Rica;1978;2.762171223;
Haiti;2019;3.594147856;14429.04
Costa Rica;1979;2.755008841;
Haiti;2020;3.462386671;14055.64
Costa Rica;1980;2.490498503;
Haiti;2021;3.409808313;14388.11
Costa Rica;1981;2.306169761;
Haiti;2022;3.392062097;14318.72
Costa Rica;1982;1.971579179;
Honduras;1990;2.355342883;11299.25
Costa Rica;1983;2.001410953;
Honduras;1991;2.373734066;10907.8
Costa Rica;1984;2.077832766;
Honduras;1992;2.667823449;10516.36
Costa Rica;1985;2.190520259;
Honduras;1993;2.796414124;10575.11
Costa Rica;1986;2.286039667;
Honduras;1994;3.195611932;10903.65
Costa Rica;1987;2.410253766;
Honduras;1995;3.773407139;11437.89
Costa Rica;1988;2.551726428;
Honduras;1996;4.001364858;11153.26
Costa Rica;1989;2.882394411;
Honduras;1997;4.11010408;10911.55
Honduras;1998;4.764299413;11198.48
Honduras;1999;4.828771014;10834.79
Honduras;2000;4.995445683;11108.07
Honduras;2001;5.885507566;11488.57
Honduras;2002;6.215687631;11636.42
Honduras;2003;6.880226276;12837.39
Honduras;2004;7.826407701;13053.75
Honduras;2005;7.091428402;13455.54
Honduras;2006;8.142392469;13197.87
Honduras;2007;8.661150771;14886.69
Honduras;2008;8.659420814;15201.17
Honduras;2009;8.1653852;15060.4
Honduras;2010;7.976887748;14991.13
Honduras;2011;9.484146278;15873.92
Honduras;2012;9.921728162;16223.57
Honduras;2013;9.697229564;16489.51
Honduras;2014;9.926386253;16572.94
Honduras;2015;10.52595841;17057.4
Honduras;2016;10.36649701;15487.32
Honduras;2017;9.338239159;16002.35
Honduras;2018;8.996439166;16609.64
Honduras;2019;10.16080014;16563.13
Honduras;2020;8.814126817;15505.88
Honduras;2021;9.882245923;16225.26
Honduras;2022;10.32839931;16618.26
Hong Kong;1990;35.04475919;152489.7
Hong Kong;1991;38.49679801;168778
Hong Kong;1992;43.49258771;185066.3
Hong Kong;1993;44.46369548;226024.8
Hong Kong;1994;38.13871845;281000.8
Hong Kong;1995;38.62744755;294427
Hong Kong;1996;36.09615733;269725.4
Hong Kong;1997;34.40997141;269793.1
Costa Rica;2023;8.573344504;
Hong Kong;1998;42.57279842;263538.1
Cuba;1970;21.8917389;
Hong Kong;1999;45.53989511;256209.6
Cuba;1971;22.06933041;
Hong Kong;2000;41.90092951;277849.3
Cuba;1972;21.69277315;
Hong Kong;2001;41.85682121;267549.9
Cuba;1973;23.38197301;
Hong Kong;2002;40.95125429;276765.7
Cuba;1974;25.36066458;
Hong Kong;2003;44.51732496;314519.6
Cuba;1975;26.0753911;
Hong Kong;2004;40.75154183;360817.6
Cuba;1976;27.51408381;
Hong Kong;2005;43.00537348;379824.8
Cuba;1977;29.99886135;
Hong Kong;2006;42.4321682;426405.1
Cuba;1978;32.15890089;
Hong Kong;2007;44.43107865;448891.3
Cuba;1979;32.56773728;
Hong Kong;2008;43.13037266;440712.2
Cuba;1980;33.40336057;
Hong Kong;2009;45.14545628;402279.4
Cuba;1981;33.65319948;
Hong Kong;2010;42.22769422;453697.5
Cuba;1982;33.4652271;
Hong Kong;2011;45.18217709;488197.6
Cuba;1983;36.03570217;
Hong Kong;2012;44.64690136;484892.8
Cuba;1984;38.0274565;
Hong Kong;2013;46.18577245;485668.5
Cuba;1985;35.39222619;
Hong Kong;2014;47.55425525;475176.5
Cuba;1986;36.0300143;
Hong Kong;2015;44.24540794;456920
Cuba;1987;39.24552299;
Hong Kong;2016;45.07931606;200868.2
Cuba;1988;40.92478691;
Hong Kong;2017;44.13472341;202570.1
Cuba;1989;41.7151991;
Hong Kong;2018;44.05904577;207094.9
Hong Kong;2019;43.50816022;199305.8
Hong Kong;2020;35.15598867;196148.3
Hong Kong;2021;35.07514539;196731
Hong Kong;2022;32.62689889;199647.2
Hungary;1990;72.32111118;80262.31
Hungary;1991;68.42742521;75895.94
Hungary;1992;61.71307082;71529.58
Hungary;1993;62.70523242;77341.9
Hungary;1994;62.45058025;75247.85
Hungary;1995;62.35876522;68397.32
Hungary;1996;63.58727326;68449.21
Hungary;1997;62.31693265;65816.82
Hungary;1998;62.21841543;66842.32
Hungary;1999;62.62435525;67673.46
Hungary;2000;59.4776912;64145.86
Hungary;2001;61.00162352;67806.59
Hungary;2002;59.97336097;71099.21
Hungary;2003;62.67143047;77215.33
Hungary;2004;60.80859088;77739.34
Hungary;2005;61.20465286;77674.56
Hungary;2006;60.66700279;74247.99
Hungary;2007;59.13280663;74717.11
Hungary;2008;57.82511452;73616.31
Hungary;2009;51.68917074;66450.88
Hungary;2010;52.33496614;65032.88
Hungary;2011;51.42741259;62909.04
Hungary;2012;47.64374674;59245.05
Hungary;2013;44.78804111;57083.85
Hungary;2014;44.82225632;55843.11
Hungary;2015;47.53503232;58250.93
Hungary;2016;48.26644651;54111.09
Hungary;2017;51.16288758;57748.45
Hungary;2018;50.90781831;63592.39
Cuba;2023;22.06698748;
Hungary;2019;50.77551785;60832.29
Cayman Islands;1970;0.025521111;
Hungary;2020;49.00367129;59699.02
Cayman Islands;1971;0.027318737;
Hungary;2021;50.25347989;59876.5
Cayman Islands;1972;0.035511047;
Hungary;2022;47.60121165;60087.14
Cayman Islands;1973;0.038065129;
Iceland;1990;2.341671842;4937.035
Cayman Islands;1974;0.035896178;
Iceland;1991;2.293536395;4849.557
Cayman Islands;1975;0.045900246;
Iceland;1992;2.308003398;4762.078
Cayman Islands;1976;0.04379051;
Iceland;1993;2.408927139;4574.822
Cayman Islands;1977;0.050782411;
Iceland;1994;2.522611374;4581.876
Cayman Islands;1978;0.053211849;
Iceland;1995;2.442298761;4756.042
Cayman Islands;1979;0.055017449;
Iceland;1996;2.710425189;5018.229
Cayman Islands;1980;0.056752091;
Iceland;1997;2.626348871;5086.608
Cayman Islands;1981;0.057992196;
Iceland;1998;2.7097587;5457.238
Cayman Islands;1982;0.058528986;
Iceland;1999;2.742404048;5701.786
Cayman Islands;1983;0.061593214;
Iceland;2000;2.854056707;5750.049
Cayman Islands;1984;0.07322747;
Iceland;2001;2.958960708;5424.767
Cayman Islands;1985;0.075852391;
Iceland;2002;3.13018607;5513.438
Cayman Islands;1986;0.083841586;
Iceland;2003;3.101262557;5905.295
Cayman Islands;1987;0.09433555;
Iceland;2004;3.176806301;6381.236
Cayman Islands;1988;0.107470356;
Iceland;2005;3.128441218;6824.352
Cayman Islands;1989;0.110184399;
Iceland;2006;3.242706238;7740.315
Iceland;2007;3.476068583;8045.908
Iceland;2008;3.780733937;7354.33
Iceland;2009;3.828280317;6071.942
Iceland;2010;3.737238523;5991.896
Iceland;2011;3.604618355;5984.103
Iceland;2012;3.645902137;5972.553
Iceland;2013;3.71137327;5997.879
Iceland;2014;3.464602714;5800.737
Iceland;2015;3.629921016;5825.029
Iceland;2016;3.179596759;5850.896
Iceland;2017;3.330655197;6164.901
Iceland;2018;3.313931153;7123.92
Iceland;2019;3.174701225;6819.725
Iceland;2020;3.028983455;6724.564
Iceland;2021;3.22677902;6683.912
Iceland;2022;3.250115154;6905.605
India;1990;600.6872986;1118419
India;1991;646.3888434;1149527
India;1992;669.6642223;1180636
India;1993;699.7562362;1189614
India;1994;743.8583463;1250292
India;1995;796.4638741;1297820
India;1996;833.5119894;1356059
India;1997;877.7065468;1386097
India;1998;900.6254785;1422142
India;1999;961.6310906;1489000
India;2000;995.6525627;1488372
India;2001;1011.804667;1500443
India;2002;1049.880121;1485607
India;2003;1081.78523;1536918
India;2004;1166.816611;1585423
India;2005;1216.533938;1647550
India;2006;1298.395103;1703527
Cayman Islands;2023;0.358014712;
India;2007;1413.864788;1805524
Cyprus;1970;2.167528941;
India;2008;1503.611066;1884600
Cyprus;1971;2.184266587;
India;2009;1643.064747;2076845
Cyprus;1972;2.663431358;
India;2010;1743.692891;2094204
Cyprus;1973;2.771585228;
India;2011;1850.331854;2191527
Cyprus;1974;2.122186764;
India;2012;2022.764782;2332729
Cyprus;1975;2.163576557;
India;2013;2083.210927;2323622
Cyprus;1976;2.631473779;
India;2014;2242.840938;2498210
Cyprus;1977;2.793804261;
India;2015;2260.13142;2598752
Cyprus;1978;2.903714938;
India;2016;2303.361907;2610984
Cyprus;1979;3.098403506;
India;2017;2433.783081;2703988
Cyprus;1980;3.269900139;
India;2018;2573.119402;2824068
Cyprus;1981;3.131310151;
India;2019;2542.035076;2873138
Cyprus;1982;3.164957305;
India;2020;2318.947665;2680997
Cyprus;1983;3.150692314;
India;2021;2548.483265;2881364
Cyprus;1984;3.202722069;
India;2022;2740.820631;2949414
Cyprus;1985;3.146376368;
Indonesia;1990;161.7782452;286767.7
Cyprus;1986;3.497542821;
Indonesia;1991;174.6641888;303922
Cyprus;1987;4.059311623;
Indonesia;1992;182.5564162;321076.3
Cyprus;1988;4.114173743;
Indonesia;1993;199.8533312;340674.9
Cyprus;1989;4.350866069;
Indonesia;1994;212.7451291;362364.2
Indonesia;1995;239.1030236;383999.5
Indonesia;1996;252.0193192;409821.4
Indonesia;1997;275.5372886;415217.2
Indonesia;1998;278.2585367;358915.4
Indonesia;1999;295.2732029;428602.8
Indonesia;2000;299.0922978;419485.6
Indonesia;2001;319.5838125;449130.1
Indonesia;2002;324.9648138;473467.6
Indonesia;2003;353.6387058;517244.9
Indonesia;2004;360.1650006;516344.4
Indonesia;2005;362.6075337;513966.8
Indonesia;2006;383.4339069;533650.6
Indonesia;2007;401.8816189;558130.6
Indonesia;2008;397.2765722;559151.2
Indonesia;2009;411.3743836;599363.5
Indonesia;2010;443.705529;651457.4
Indonesia;2011;499.9680407;695010.6
Indonesia;2012;504.2718084;733598.6
Indonesia;2013;474.9792608;703271.3
Indonesia;2014;505.1546899;726720.5
Indonesia;2015;512.4073752;752046
Indonesia;2016;507.0767685;806412.4
Indonesia;2017;535.7171613;838142.5
Indonesia;2018;597.4766919;859314.6
Indonesia;2019;637.3100725;867943.6
Indonesia;2020;594.2633827;820371.8
Indonesia;2021;619.327412;818438
Indonesia;2022;656.6692023;847164.2
Iran;1990;208.4631784;318407.9
Iran;1991;230.2087132;329578.1
Iran;1992;244.5127745;340748.3
Iran;1993;243.299758;340070
Iran;1994;277.5401831;357363.7
Cyprus;2023;7.183299498;
Iran;1995;283.3597321;365276.5
Czechia;1970;188.2861138;
Iran;1996;294.1590224;373304.1
Czechia;1971;188.5453784;
Iran;1997;307.2842758;365891.2
Czechia;1972;188.4772515;
Iran;1998;307.0435571;394238.3
Czechia;1973;186.5225336;
Iran;1999;335.8470055;443610.3
Czechia;1974;169.7647159;
Iran;2000;353.9292537;428779.3
Czechia;1975;177.0443627;
Iran;2001;368.153994;453758.1
Czechia;1976;182.4480228;
Iran;2002;384.3144664;466480.9
Czechia;1977;192.9387869;
Iran;2003;405.5848074;506611.1
Czechia;1978;190.7715456;
Iran;2004;434.9631932;549719.8
Czechia;1979;200.516008;
Iran;2005;468.9812767;572720.2
Czechia;1980;193.5132673;
Iran;2006;506.0410716;626840.9
Czechia;1981;194.1664337;
Iran;2007;538.507939;640266
Czechia;1982;196.1481907;
Iran;2008;554.9708596;668697
Czechia;1983;196.8016101;
Iran;2009;573.0247722;700172.3
Czechia;1984;199.3563246;
Iran;2010;576.5595846;722087
Czechia;1985;196.7488148;
Iran;2011;585.7790972;744337.1
Czechia;1986;194.7943079;
Iran;2012;592.3345678;765128.9
Czechia;1987;194.638352;
Iran;2013;612.4888255;735268.3
Czechia;1988;190.6226612;
Iran;2014;636.3798508;749297.4
Czechia;1989;183.0856154;
Iran;2015;629.340727;769102.3
Czechia;1990;165.4919831;
Iran;2016;642.1631979;746956.3
Czechia;1991;150.1519344;
Iran;2017;666.2404616;771488.3
Czechia;1992;144.3736511;
Iran;2018;661.2495042;789608.2
Czechia;1993;139.845051;
Iran;2019;696.7767639;804345.8
Czechia;1994;134.3608096;
Iran;2020;712.3625022;827315
Czechia;1995;133.589829;
Iran;2021;738.5829096;862452.8
Czechia;1996;137.3959288;
Iran;2022;760.5536907;817650.5
Czechia;1997;134.0098662;
Iraq;1990;69.44376816;142885.9
Czechia;1998;127.9637335;
Iraq;1991;54.45016162;115105.2
Czechia;1999;119.7127705;
Iraq;1992;75.77339848;87324.57
Czechia;2000;132.313165;
Iraq;1993;100.1703669;93853.41
Czechia;2001;132.2220204;
Iraq;1994;109.9538372;97692.47
Czechia;2002;127.3975658;
Iraq;1995;109.0990847;91473.89
Czechia;2003;130.6623325;
Iraq;1996;100.6640446;73315.29
Czechia;2004;131.5267087;
Iraq;1997;121.1201961;61395.99
Czechia;2005;129.0421269;
Iraq;1998;94.26690137;64978.15
Czechia;2006;130.7850166;
Iraq;1999;74.30213533;66748.64
Czechia;2007;132.3297187;
Iraq;2000;88.81044051;68278.5
Czechia;2008;126.1147916;
Iraq;2001;100.6518557;89943.78
Czechia;2009;119.70741;
Iraq;2002;95.05154336;89951.28
Czechia;2010;120.9891028;
Iraq;2003;82.88751133;110312.2
Czechia;2011;118.1129189;
Iraq;2004;90.32097159;140628.5
Czechia;2012;114.0231595;
Iraq;2005;87.23537876;144082.1
Czechia;2013;109.5259484;
Iraq;2006;84.863087;134963.5
Czechia;2014;107.2328218;
Iraq;2007;78.42887073;111875
Czechia;2015;108.2846692;
Iraq;2008;90.67029849;144474.1
Czechia;2016;109.8082302;
Iraq;2009;96.84944356;182366.1
Czechia;2017;110.3750086;
Iraq;2010;111.4927098;194695.1
Czechia;2018;109.3389385;
Iraq;2011;115.9057528;219884.7
Czechia;2019;103.3032474;
Iraq;2012;133.0441823;245758.3
Czechia;2020;94.3915667;
Iraq;2013;144.4096934;266944
Czechia;2021;99.14807759;
Iraq;2014;138.2875216;271267.5
Czechia;2022;99.43254513;
Iraq;2015;137.9038576;280565.7
Czechia;2023;90.51280348;
Iraq;2016;152.3036265;324187.3
Germany;1970;1084.657531;
Iraq;2017;165.6795131;346348
Germany;1971;1077.419205;
Iraq;2018;178.4709783;396669.7
Germany;1972;1105.290332;
Iraq;2019;193.6558825;383461
Germany;1973;1157.720284;
Iraq;2020;170.4464956;366909.6
Germany;1974;1122.506646;
Iraq;2021;174.8366057;369882.6
Germany;1975;1060.566106;
Iraq;2022;190.4753382;404602.7
Germany;1976;1122.934719;
Ireland;1990;32.33644919;48128.71
Germany;1977;1101.444127;
Ireland;1991;32.87155618;48673.62
Germany;1978;1139.316953;
Ireland;1992;32.76402242;49218.52
Germany;1979;1189.477081;
Ireland;1993;32.99840094;49274.39
Germany;1980;1135.598396;
Ireland;1994;34.21645413;51837.78
Germany;1981;1099.965314;
Ireland;1995;34.78520619;54616.33
Germany;1982;1054.040136;
Ireland;1996;36.10450145;57395.29
Germany;1983;1069.550522;
Ireland;1997;37.3649678;58205.21
Germany;1984;1085.737302;
Ireland;1998;39.78557493;60644.55
Germany;1985;1086.340214;
Ireland;1999;41.2165042;61966.87
Germany;1986;1080.19401;
Ireland;2000;43.82266899;63004.44
Germany;1987;1072.252383;
Ireland;2001;46.04538126;66085.64
Germany;1988;1065.979888;
Ireland;2002;44.97880705;66897.13
Germany;1989;1050.768962;
Ireland;2003;44.45258405;72156.8
Ireland;2004;44.98204087;74875.12
Ireland;2005;47.07086058;77021.87
Ireland;2006;47.68500284;80615.37
Ireland;2007;46.94777842;83170.76
Ireland;2008;46.2836848;81780.06
Ireland;2009;41.16867372;72887.87
Ireland;2010;40.92275239;69492.94
Ireland;2011;37.14343116;64805.51
Ireland;2012;37.59632987;64918.14
Ireland;2013;36.33097906;64824.13
Ireland;2014;36.1403422;62590.58
Ireland;2015;37.64501071;64002.18
Ireland;2016;39.52214691;75163.6
Ireland;2017;38.29136568;73067.98
Ireland;2018;37.16967445;64486.82
Ireland;2019;35.41916711;60500.89
Ireland;2020;33.50168498;59679.54
Ireland;2021;35.38173097;59466.04
Ireland;2022;34.733627;58805.73
Germany;2023;582.9505817;
Djibouti;1970;0.711588941;
Djibouti;1971;0.711609411;
Djibouti;1972;0.707963984;
Djibouti;1973;0.732726136;
Djibouti;1974;0.791272763;
Djibouti;1975;0.822106796;
Djibouti;1976;0.852511147;
Djibouti;1977;0.882844187;
Djibouti;1978;0.897050479;
Djibouti;1979;1.036418175;
Djibouti;1980;1.017041256;
Djibouti;1981;0.778609384;
Djibouti;1982;0.722056151;
Djibouti;1983;0.593586365;
Djibouti;1984;0.477530232;
Djibouti;1985;0.475843094;
Djibouti;1986;0.444904759;
Djibouti;1987;0.642739796;
Djibouti;1988;0.576940769;
Djibouti;1989;1.227001025;
Jamaica;1990;7.666705538;13475.91
Jamaica;1991;7.577632612;13036.99
Djibouti;2023;0.749204256;
Jamaica;1992;8.267872689;12598.08
Dominica;1970;0.00758801;
Jamaica;1993;8.416767964;14106.82
Dominica;1971;0.007584123;
Jamaica;1994;8.49985136;14262.07
Dominica;1972;0.009178486;
Jamaica;1995;8.7896238;15633.08
Dominica;1973;0.009259211;
Jamaica;1996;9.168672492;16144.29
Dominica;1974;0.0082815;
Jamaica;1997;9.383364484;16409.07
Dominica;1975;0.009968831;
Jamaica;1998;9.882033581;15707.87
Dominica;1976;0.009066564;
Jamaica;1999;10.1446581;15997.28
Dominica;1977;0.009985743;
Jamaica;2000;10.21236057;16569.5
Dominica;1978;0.009991068;
Jamaica;2001;10.27658679;16841.13
Dominica;1979;0.009887493;
Jamaica;2002;10.2248596;16707.84
Dominica;1980;0.009780256;
Jamaica;2003;10.53052114;17352.57
Dominica;1981;0.014228681;
Jamaica;2004;10.57714463;17220.33
Dominica;1982;0.01332056;
Jamaica;2005;10.61349273;17438.49
Dominica;1983;0.013059168;
Jamaica;2006;12.28194989;17806.01
Dominica;1984;0.014489855;
Jamaica;2007;12.20399108;17791.81
Dominica;1985;0.014538734;
Jamaica;2008;9.838641388;20573.41
Dominica;1986;0.012468647;
Jamaica;2009;8.01470796;17163.89
Dominica;1987;0.018459593;
Jamaica;2010;7.660595018;16567.06
Dominica;1988;0.021303748;
Jamaica;2011;7.568848578;17123.7
Dominica;1989;0.0218399;
Jamaica;2012;6.979384413;16902.41
Dominica;1990;0.021331678;
Jamaica;2013;7.449135772;17257.08
Dominica;1991;0.021422958;
Jamaica;2014;7.185674392;16550.78
Dominica;1992;0.021562964;
Jamaica;2015;7.072279037;16587.34
Dominica;1993;0.038785624;
Jamaica;2016;7.590582781;13724.22
Dominica;1994;0.051195243;
Jamaica;2017;7.277680695;13451.48
Dominica;1995;0.058901369;
Jamaica;2018;8.66079392;13286.86
Dominica;1996;0.06458729;
Jamaica;2019;8.43730481;13313.69
Dominica;1997;0.062872691;
Jamaica;2020;5.890156173;12895.75
Dominica;1998;0.036051204;
Jamaica;2021;6.439130757;13027.63
Dominica;1999;0.061890345;
Jamaica;2022;6.36899937;12769.53
Dominica;2000;0.055424643;
Japan;1990;1166.823707;1631010
Dominica;2001;0.055804105;
Japan;1991;1176.860426;1636695
Dominica;2002;0.050706037;
Japan;1992;1181.881229;1642380
Dominica;2003;0.057621851;
Japan;1993;1174.745544;1694589
Dominica;2004;0.061470314;
Japan;1994;1227.960951;1835546
Dominica;2005;0.060486642;
Japan;1995;1238.639846;1918360
Dominica;2006;0.064217055;
Japan;1996;1251.462375;1904933
Dominica;2007;0.07678661;
Japan;1997;1236.953854;1854600
Dominica;2008;0.073555672;
Japan;1998;1189.76373;1735725
Dominica;2009;0.075031986;
Japan;1999;1230.727461;1793952
Dominica;2010;0.077326121;
Japan;2000;1248.806757;1898995
Dominica;2011;0.059547062;
Japan;2001;1235.222143;1832687
Dominica;2012;0.054324831;
Japan;2002;1269.429487;1827919
Dominica;2013;0.05993489;
Japan;2003;1276.711259;1853446
Dominica;2014;0.066945177;
Japan;2004;1271.384113;1891822
Dominica;2015;0.072418993;
Japan;2005;1283.017649;1903625
Dominica;2016;0.07771027;
Japan;2006;1260.299181;1871211
Dominica;2017;0.069167346;
Japan;2007;1296.250717;1817552
Dominica;2018;0.07490099;
Japan;2008;1224.959279;1787257
Dominica;2019;0.084055077;
Japan;2009;1161.412059;1657958
Dominica;2020;0.068375191;
Japan;2010;1220.453499;1712956
Dominica;2021;0.075502048;
Japan;2011;1273.345496;1812173
Dominica;2022;0.075804247;
Japan;2012;1311.299788;1843326
Dominica;2023;0.079854811;
Japan;2013;1326.710105;1769556
Denmark;1970;61.95338088;
Japan;2014;1276.255487;1721875
Denmark;1971;57.68429012;
Japan;2015;1235.418674;1709526
Denmark;1972;59.73237415;
Japan;2016;1232.876857;1450583
Denmark;1973;58.78279423;
Japan;2017;1217.848429;1456493
Denmark;1974;52.38201993;
Japan;2018;1179.217637;1386219
Denmark;1975;54.66737734;
Japan;2019;1139.497426;1328025
Denmark;1976;60.37660254;
Japan;2020;1072.169518;1287772
Denmark;1977;62.08249931;
Japan;2021;1084.921641;1290317
Denmark;1978;62.0204464;
Japan;2022;1009.978727;1258371
Denmark;1979;65.44129415;
Jordan;1990;10.0711844;16314.46
Denmark;1980;64.86785272;
Jordan;1991;10.08827777;17616.22
Denmark;1981;54.55376836;
Jordan;1992;11.96827196;18917.97
Denmark;1982;56.84674308;
Jordan;1993;12.43418059;18881.11
Denmark;1983;53.30884718;
Jordan;1994;12.99441543;20219.94
Denmark;1984;54.94588198;
Jordan;1995;13.80565105;20475.76
Denmark;1985;62.74323919;
Jordan;1996;14.12782414;21810.2
Denmark;1986;63.37476856;
Jordan;1997;14.62029796;21296.79
Denmark;1987;61.40968895;
Jordan;1998;14.83568573;22462.42
Denmark;1988;57.48857324;
Jordan;1999;14.86308642;22648.34
Denmark;1989;51.80445824;
Jordan;2000;16.46529636;24370.11
Jordan;2001;16.50757862;25274.43
Jordan;2002;17.20650568;26282.91
Jordan;2003;17.64874521;27398.76
Jordan;2004;19.0204456;30324.43
Jordan;2005;20.31650708;33157.82
Jordan;2006;20.54495772;34241.28
Jordan;2007;21.34353651;35479.31
Jordan;2008;20.49323226;35405.11
Jordan;2009;21.06292743;35344.29
Jordan;2010;20.58731421;35049.51
Jordan;2011;21.01357736;36495.5
Jordan;2012;24.53340338;39202.69
Jordan;2013;24.10111999;38829.29
Jordan;2014;25.84142881;39303.85
Jordan;2015;25.63265838;39014.94
Jordan;2016;25.23444208;41428.62
Jordan;2017;26.54982887;43902.43
Jordan;2018;25.25690692;37662.54
Jordan;2019;23.67224329;35735.94
Jordan;2020;21.51769799;34121.26
Jordan;2021;22.30900504;34409.39
Jordan;2022;22.33579539;33455.01
Kazakhstan;1990;248.6267077;403251.2
Kazakhstan;1991;259.9273028;357804.3
Kazakhstan;1992;265.3081518;312357.4
Kazakhstan;1993;226.1225382;282441.7
Kazakhstan;1994;203.8205549;246836.4
Kazakhstan;1995;180.3208096;224193
Kazakhstan;1996;158.0191364;208528.7
Kazakhstan;1997;137.3051855;196809.1
Kazakhstan;1998;141.5811054;195050.4
Kazakhstan;1999;129.6482038;166748.7
Kazakhstan;2000;132.2189739;181987.2
Denmark;2023;26.77291179;
Kazakhstan;2001;130.4714279;184143.8
Dominican Republic;1970;3.882248656;
Kazakhstan;2002;145.5283602;197707.7
Dominican Republic;1971;3.930367898;
Kazakhstan;2003;162.1486667;210691.5
Dominican Republic;1972;5.059462303;
Kazakhstan;2004;174.5506143;215012.1
Dominican Republic;1973;5.075900543;
Kazakhstan;2005;187.591012;225229.7
Dominican Republic;1974;5.428103103;
Kazakhstan;2006;210.1864823;242218.4
Dominican Republic;1975;5.634373905;
Kazakhstan;2007;219.5977932;248479.1
Dominican Republic;1976;5.781889164;
Kazakhstan;2008;259.6125876;233687.3
Dominican Republic;1977;6.246504386;
Kazakhstan;2009;231.3649012;240609.9
Dominican Republic;1978;6.364113352;
Kazakhstan;2010;249.8918072;256063.4
Dominican Republic;1979;6.722530429;
Kazakhstan;2011;268.3283694;241528.5
Dominican Republic;1980;6.917622503;
Kazakhstan;2012;267.2795767;248829.7
Dominican Republic;1981;6.577261732;
Kazakhstan;2013;286.1995551;260467.4
Dominican Republic;1982;6.396953577;
Kazakhstan;2014;232.2970556;289753.4
Dominican Republic;1983;7.413112843;
Kazakhstan;2015;205.3863488;296826.2
Dominican Republic;1984;7.795228591;
Kazakhstan;2016;215.7308122;1508799
Dominican Republic;1985;6.851271411;
Kazakhstan;2017;227.6837669;1487115
Dominican Republic;1986;7.661148772;
Kazakhstan;2018;228.8930449;272912.9
Dominican Republic;1987;8.806561466;
Kazakhstan;2019;216.9354316;258111.3
Dominican Republic;1988;8.832540099;
Kazakhstan;2020;224.7304208;247792
Dominican Republic;1989;9.409281841;
Kazakhstan;2021;244.8642611;249406.5
Kazakhstan;2022;240.2204344;260460.4
Kenya;1990;6.46572671;41725.85
Kenya;1991;6.216112997;40706.34
Kenya;1992;6.295198347;39686.82
Kenya;1993;6.189838551;38720
Kenya;1994;6.283718031;40028.7
Kenya;1995;6.717428455;42319.31
Kenya;1996;7.396577701;42241.22
Kenya;1997;7.112826894;41246.54
Kenya;1998;7.780708962;46529.78
Kenya;1999;7.985978491;45153.21
Kenya;2000;8.905069769;43323.88
Kenya;2001;8.250791284;43937.13
Kenya;2002;8.007690173;43984.61
Kenya;2003;7.229343897;46173.24
Kenya;2004;8.05029668;47433.84
Kenya;2005;9.023752797;49427.98
Kenya;2006;10.05251271;49039.85
Kenya;2007;10.05217703;63070.72
Kenya;2008;10.61187943;61641.11
Kenya;2009;12.51085021;62593.06
Kenya;2010;13.55050983;61938.34
Kenya;2011;13.98475834;64513.71
Kenya;2012;12.98827907;69523.26
Kenya;2013;14.33785243;71317.46
Kenya;2014;16.39809732;71851.01
Kenya;2015;17.7396284;76191.01
Kenya;2016;19.23027758;75887.76
Kenya;2017;19.93880485;75663.23
Kenya;2018;19.11361016;78402.17
Kenya;2019;19.41345395;80397.38
Kenya;2020;19.20846858;79156.84
Kenya;2021;21.48780879;81060.97
Dominican Republic;2023;31.3508129;
Kenya;2022;21.38960598;79741.14
Algeria;1970;19.69062607;
Kuwait;1990;32.40764707;58858.86
Algeria;1971;23.01107187;
Kuwait;1991;38.4974412;54357.11
Algeria;1972;35.15110826;
Kuwait;1992;26.96281786;49855.36
Algeria;1973;47.29913495;
Kuwait;1993;34.27684682;69700.53
Algeria;1974;39.90042538;
Kuwait;1994;40.73311219;73254.42
Algeria;1975;36.40739337;
Kuwait;1995;40.31189356;69384.92
Algeria;1976;47.07414478;
Kuwait;1996;39.64594938;67868.46
Algeria;1977;52.14951958;
Kuwait;1997;41.74818156;70284.48
Algeria;1978;57.35407359;
Kuwait;1998;46.32658921;67731.47
Algeria;1979;57.42336299;
Kuwait;1999;49.88907691;66548.92
Algeria;1980;57.20357769;
Kuwait;2000;54.4772668;57146.29
Algeria;1981;54.0014982;
Kuwait;2001;57.50534805;67671.54
Algeria;1982;56.86308808;
Kuwait;2002;60.08191422;73092.74
Algeria;1983;59.19301575;
Kuwait;2003;63.17468056;79784.18
Algeria;1984;62.35849106;
Kuwait;2004;67.22925899;81966.6
Algeria;1985;71.68419505;
Kuwait;2005;75.4288332;88074.25
Algeria;1986;74.94876293;
Kuwait;2006;78.07004365;89229.02
Algeria;1987;72.23015037;
Kuwait;2007;76.31141121;94965.07
Algeria;1988;72.93922147;
Kuwait;2008;81.72774824;100498.4
Algeria;1989;73.19393398;
Kuwait;2009;83.51930062;104978.1
Kuwait;2010;86.49829878;105038.5
Kuwait;2011;89.87420242;101331.1
Kuwait;2012;90.77204693;113787.1
Kuwait;2013;93.17368919;117255.1
Kuwait;2014;91.27309359;114133.1
Kuwait;2015;94.685856;120745.1
Kuwait;2016;97.23528909;122915.2
Kuwait;2017;96.2003369;121912.7
Kuwait;2018;97.99861992;114428.6
Kuwait;2019;98.82198368;113234
Kuwait;2020;98.6103361;107232.4
Kuwait;2021;106.1440519;109601.3
Kuwait;2022;109.3973139;120129
Kyrgyzstan;1990;23.65687204;37891.93
Kyrgyzstan;1991;21.26155965;29744.94
Kyrgyzstan;1992;13.99886916;21597.94
Kyrgyzstan;1993;10.28714672;17895.9
Kyrgyzstan;1994;6.730284684;13800.4
Kyrgyzstan;1995;4.757979047;10951.16
Kyrgyzstan;1996;5.915621506;11749.06
Kyrgyzstan;1997;5.836762141;11017.93
Kyrgyzstan;1998;6.156822095;10347.44
Kyrgyzstan;1999;4.913881168;9462.357
Kyrgyzstan;2000;4.797754827;9242.984
Kyrgyzstan;2001;4.030654949;9508.523
Kyrgyzstan;2002;5.038320569;10289.36
Kyrgyzstan;2003;5.659782871;11125.2
Kyrgyzstan;2004;5.610458375;11803.57
Kyrgyzstan;2005;5.613029124;12465.13
Kyrgyzstan;2006;5.590054618;13279.6
Kyrgyzstan;2007;6.740922657;14184.25
Kyrgyzstan;2008;7.823173881;16312.58
Kyrgyzstan;2009;7.041249781;15194.45
Algeria;2023;180.3576499;
Kyrgyzstan;2010;6.605318291;14540.98
Ecuador;1970;5.019030335;
Kyrgyzstan;2011;7.903558961;16344.54
Ecuador;1971;4.4900913;
Kyrgyzstan;2012;10.44068818;18677.09
Ecuador;1972;4.480054816;
Kyrgyzstan;2013;9.686217664;18728.26
Ecuador;1973;5.665389451;
Kyrgyzstan;2014;9.94111277;18929.41
Ecuador;1974;6.917075714;
Kyrgyzstan;2015;10.3156806;19325.16
Ecuador;1975;7.496493273;
Kyrgyzstan;2016;9.740853507;20394.35
Ecuador;1976;8.585874221;
Kyrgyzstan;2017;9.636589561;20111.49
Ecuador;1977;9.978270386;
Kyrgyzstan;2018;11.47114527;24650.99
Ecuador;1978;11.21403785;
Kyrgyzstan;2019;10.22596513;23574.01
Ecuador;1979;12.15271662;
Kyrgyzstan;2020;9.307726833;23362.48
Ecuador;1980;12.79335002;
Kyrgyzstan;2021;10.50496531;23760.84
Ecuador;1981;14.08702197;
Kyrgyzstan;2022;10.31097819;24121.1
Ecuador;1982;14.18211132;
Laos;1990;0.257587743;6841.328
Ecuador;1983;13.33040954;
Laos;1991;0.314977001;6945.163
Ecuador;1984;13.99811598;
Laos;1992;0.347381699;7048.999
Ecuador;1985;15.05802247;
Laos;1993;0.366138537;7091.937
Ecuador;1986;15.74795891;
Laos;1994;0.403797298;7529.266
Ecuador;1987;14.49081589;
Laos;1995;0.396509303;7738.856
Ecuador;1988;16.27086593;
Laos;1996;0.465236354;7977.692
Ecuador;1989;16.33658462;
Laos;1997;0.514230368;8187.471
Laos;1998;0.551321175;7276.429
Laos;1999;0.534656687;7219.017
Laos;2000;0.934486662;7937.03
Laos;2001;1.029056468;8240.341
Laos;2002;1.154445899;8449.703
Laos;2003;1.200038446;8686.894
Laos;2004;1.25797201;8978.028
Laos;2005;1.302554977;8941.689
Laos;2006;1.708601263;9387.154
Laos;2007;1.805980013;9982.352
Laos;2008;2.109451533;10368.34
Laos;2009;2.640721843;11552.66
Laos;2010;2.961442611;12038.42
Laos;2011;3.126175043;12217.78
Laos;2012;3.335711391;13028.28
Laos;2013;3.944224424;14098.71
Laos;2014;4.387349726;14066.73
Laos;2015;8.927411611;17966.24
Laos;2016;15.8708821;29243.82
Laos;2017;19.24407554;31525.23
Laos;2018;19.8620784;34697.42
Laos;2019;19.3699184;36374.89
Laos;2020;19.43778385;36176.37
Laos;2021;23.81659411;36115.4
Laos;2022;24.55091086;35383.11
Ecuador;2023;45.3281604;
Egypt;1970;25.449945;
Egypt;1971;25.15769107;
Egypt;1972;27.3379284;
Egypt;1973;25.45371954;
Egypt;1974;29.42595126;
Egypt;1975;31.7244971;
Egypt;1976;36.67243902;
Egypt;1977;37.83256667;
Egypt;1978;38.31447479;
Egypt;1979;41.60942485;
Egypt;1980;45.70366464;
Egypt;1981;51.65817408;
Egypt;1982;55.81852368;
Egypt;1983;62.16004365;
Egypt;1984;68.43828693;
Egypt;1985;71.81678074;
Egypt;1986;74.98426715;
Egypt;1987;81.26086772;
Egypt;1988;83.42022486;
Egypt;1989;88.57229654;
Lebanon;1990;5.973177884;15227.91
Lebanon;1991;7.409309792;17135.84
Lebanon;1992;7.959085953;19043.77
Lebanon;1993;11.40233031;21778.22
Lebanon;1994;12.52620386;23571.16
Lebanon;1995;14.52200556;25848.05
Lebanon;1996;15.07999497;26391.8
Lebanon;1997;16.55979369;26543
Lebanon;1998;16.4435679;26756.15
Lebanon;1999;16.94457567;26343.01
Lebanon;2000;15.3064978;24707.72
Lebanon;2001;16.51643608;26548.97
Lebanon;2002;16.4638471;25463.31
Lebanon;2003;16.46865464;29177.36
Lebanon;2004;16.68831605;28754.27
Lebanon;2005;16.57383598;27738.62
Lebanon;2006;16.13208624;26578.57
Lebanon;2007;14.94613113;24783.21
Lebanon;2008;18.31023407;29467.63
Lebanon;2009;21.55768546;33455.27
Lebanon;2010;20.65721093;33699.81
Lebanon;2011;20.9802019;35060.9
Lebanon;2012;23.4349044;37201.49
Lebanon;2013;23.1025724;36619.56
Lebanon;2014;24.96745023;38273.33
Lebanon;2015;26.90335696;39755.48
Lebanon;2016;27.86375177;39140.23
Lebanon;2017;29.29470541;41808.92
Lebanon;2018;27.49176361;34244.05
Egypt;2023;249.3318513;
Lebanon;2019;27.00228399;34128.99
Eritrea;1970;0.341692603;
Lebanon;2020;21.81871627;34300.13
Eritrea;1971;0.339904341;
Lebanon;2021;16.85912358;34926.77
Eritrea;1972;0.32166997;
Lebanon;2022;16.871182;35637.68
Eritrea;1973;0.324555009;
Lesotho;1990;0.108658635;4404.94
Eritrea;1974;0.317204039;
Lesotho;1991;0.135374312;4541.797
Eritrea;1975;0.30171558;
Lesotho;1992;0.11522645;4678.654
Eritrea;1976;0.293964063;
Lesotho;1993;0.111375276;4462.811
Eritrea;1977;0.249014604;
Lesotho;1994;0.12136501;4298.226
Eritrea;1978;0.258639754;
Lesotho;1995;0.124633632;4143.791
Eritrea;1979;0.286817513;
Lesotho;1996;0.129239068;4085.364
Eritrea;1980;0.301099609;
Lesotho;1997;0.12929656;4392.476
Eritrea;1981;0.339525888;
Lesotho;1998;0.126614458;3957.244
Eritrea;1982;0.31761396;
Lesotho;1999;0.130332493;4531.545
Eritrea;1983;0.322494503;
Lesotho;2000;0.353719826;4382.217
Eritrea;1984;0.323791088;
Lesotho;2001;0.362796104;4341.638
Eritrea;1985;0.33320764;
Lesotho;2002;0.383170413;4168.565
Eritrea;1986;0.291425151;
Lesotho;2003;0.388790439;4443.954
Eritrea;1987;0.296542288;
Lesotho;2004;0.406806374;4508.908
Eritrea;1988;0.305565622;
Lesotho;2005;0.408383863;4724.187
Eritrea;1989;0.312955266;
Lesotho;2006;0.418481728;4694.58
Lesotho;2007;0.534747773;4858.882
Lesotho;2008;0.438470332;4905.161
Lesotho;2009;0.513660319;5435.505
Lesotho;2010;0.52479583;6115.171
Lesotho;2011;0.549275454;6429.555
Lesotho;2012;0.584546785;6310.682
Lesotho;2013;0.588785824;6105.013
Lesotho;2014;0.600788285;5827.818
Lesotho;2015;0.591552752;5843.187
Lesotho;2016;0.651154359;3745.085
Lesotho;2017;0.704305335;3969.751
Lesotho;2018;0.689890473;4417.07
Lesotho;2019;0.73883376;4430.206
Lesotho;2020;0.775917636;4454.299
Lesotho;2021;0.789365488;4369.432
Lesotho;2022;0.851828831;4251.056
Liberia;1990;0.374661418;1214.915
Liberia;1991;0.256589093;1057.869
Liberia;1992;0.230622029;900.8224
Liberia;1993;0.247088394;861.0592
Liberia;1994;0.246426717;792.2805
Liberia;1995;0.253270622;607.5143
Liberia;1996;0.275301248;767.154
Liberia;1997;0.272355773;991.921
Liberia;1998;0.289288215;1156.562
Liberia;1999;0.300124003;1234.149
Liberia;2000;0.402435068;1153.182
Liberia;2001;0.45753605;1362.558
Liberia;2002;0.463111939;1424.963
Liberia;2003;0.500239739;1188.977
Liberia;2004;0.544949197;1278.995
Liberia;2005;0.681900021;1354.141
Liberia;2006;0.72347772;1835.743
Eritrea;2023;0.668500259;
Liberia;2007;0.668124636;1867.906
Western Sahara;1970;0.08683008;
Liberia;2008;0.562995745;1882.539
Western Sahara;1971;0.086829107;
Liberia;2009;0.523980022;2292.85
Western Sahara;1972;0.085648263;
Liberia;2010;0.798001318;2337.3
Western Sahara;1973;0.088005336;
Liberia;2011;0.893438906;2405.311
Western Sahara;1974;0.09428958;
Liberia;2012;0.990290211;2773.962
Western Sahara;1975;0.099434073;
Liberia;2013;0.918524182;2957.21
Western Sahara;1976;0.099860896;
Liberia;2014;1.185333422;3307.204
Western Sahara;1977;0.10338803;
Liberia;2015;1.223410464;3536.372
Western Sahara;1978;0.100587358;
Liberia;2016;1.372862188;3887.034
Western Sahara;1979;0.111410871;
Liberia;2017;1.207447479;3663.514
Western Sahara;1980;0.122452094;
Liberia;2018;1.375672613;4041.512
Western Sahara;1981;0.112440211;
Liberia;2019;1.452538495;4682.143
Western Sahara;1982;0.115600348;
Liberia;2020;1.546633256;4624.347
Western Sahara;1983;0.118510233;
Liberia;2021;1.617262689;4744.644
Western Sahara;1984;0.115404381;
Liberia;2022;1.68001558;4860.882
Western Sahara;1985;0.129228547;
Libya;1990;32.63919438;59797.66
Western Sahara;1986;0.133589481;
Libya;1991;32.85952014;59273.87
Western Sahara;1987;0.174862784;
Libya;1992;34.26305081;58750.08
Western Sahara;1988;0.163187875;
Libya;1993;36.48980889;59102.25
Western Sahara;1989;0.150954088;
Libya;1994;42.47611614;67107.42
Western Sahara;1990;0.149702918;
Libya;1995;48.14080654;65725.69
Western Sahara;1991;0.181064513;
Libya;1996;50.61916478;66889.45
Western Sahara;1992;0.160348716;
Libya;1997;46.87325792;63975.42
Western Sahara;1993;0.149784402;
Libya;1998;46.41525571;64365.51
Western Sahara;1994;0.150999159;
Libya;1999;47.75307099;59560.95
Western Sahara;1995;0.175654064;
Libya;2000;49.28388007;56241.54
Western Sahara;1996;0.17904292;
Libya;2001;48.74797056;52180.32
Western Sahara;1997;0.187718233;
Libya;2002;49.89545506;46988.53
Western Sahara;1998;0.190311544;
Libya;2003;53.78709746;37405.7
Western Sahara;1999;0.197819602;
Libya;2004;53.22678765;33339.02
Western Sahara;2000;0.255333722;
Libya;2005;57.72238194;34700.79
Western Sahara;2001;0.258850812;
Libya;2006;57.4743355;38241.75
Western Sahara;2002;0.258235443;
Libya;2007;53.74366715;34195.49
Western Sahara;2003;0.264146534;
Libya;2008;57.14107388;39191.61
Western Sahara;2004;0.263241085;
Libya;2009;60.26407757;38794.42
Western Sahara;2005;0.259564021;
Libya;2010;63.66763655;41622.76
Western Sahara;2006;0.260021666;
Libya;2011;44.23517994;24947.31
Western Sahara;2007;0.256063997;
Libya;2012;62.8541888;41875.81
Western Sahara;2008;0.257509432;
Libya;2013;62.60756853;40598.89
Western Sahara;2009;0.255593073;
Libya;2014;61.79876823;33916.06
Western Sahara;2010;0.252954449;
Libya;2015;54.69070995;30206.04
Western Sahara;2011;0.23890153;
Libya;2016;51.32671501;61107.24
Western Sahara;2012;0.239483782;
Libya;2017;55.51583015;69824.29
Western Sahara;2013;0.238093037;
Libya;2018;57.39926136;77042.45
Western Sahara;2014;0.233442439;
Libya;2019;57.81851808;76559.19
Western Sahara;2015;0.238077573;
Libya;2020;45.81666241;62363.95
Western Sahara;2016;0.240047032;
Libya;2021;56.00404537;79823.91
Western Sahara;2017;0.214772471;
Libya;2022;57.04660173;56034.2
Western Sahara;2018;0.225724993;
Western Sahara;2019;0.233008541;
Western Sahara;2020;0.197393426;
Western Sahara;2021;0.2408665;
Western Sahara;2022;0.265975561;
Western Sahara;2023;0.264759859;
Spain and Andorra;1970;144.2627982;
Spain and Andorra;1971;140.8824552;
Spain and Andorra;1972;153.2387209;
Spain and Andorra;1973;166.1213971;
Spain and Andorra;1974;178.5505917;
Spain and Andorra;1975;184.4173013;
Spain and Andorra;1976;202.6223971;
Spain and Andorra;1977;194.5748701;
Spain and Andorra;1978;193.4080075;
Spain and Andorra;1979;205.1614666;
Spain and Andorra;1980;214.933285;
Spain and Andorra;1981;220.6067413;
Spain and Andorra;1982;214.1535159;
Spain and Andorra;1983;217.3048852;
Spain and Andorra;1984;206.4321598;
Spain and Andorra;1985;199.7004276;
Spain and Andorra;1986;203.5719573;
Spain and Andorra;1987;204.7612737;
Spain and Andorra;1988;208.9370701;
Spain and Andorra;1989;227.2505305;
Spain and Andorra;1990;231.8185414;
Spain and Andorra;1991;239.5207263;
Spain and Andorra;1992;247.7516744;
Spain and Andorra;1993;233.1051429;
Spain and Andorra;1994;243.9678838;
Spain and Andorra;1995;256.4463954;
Spain and Andorra;1996;247.453714;
Spain and Andorra;1997;267.1065573;
Lithuania;1990;35.12183736;61435.12
Spain and Andorra;1998;275.1191087;
Lithuania;1991;36.97594996;44205.5
Spain and Andorra;1999;297.101967;
Lithuania;1992;20.88750748;26975.87
Spain and Andorra;2000;313.2399025;
Lithuania;1993;16.21728464;24633.63
Spain and Andorra;2001;313.915496;
Lithuania;1994;15.73365946;23204.22
Spain and Andorra;2002;331.3246142;
Lithuania;1995;15.11615444;22927.39
Spain and Andorra;2003;339.7314664;
Lithuania;1996;15.59639853;25136.44
Spain and Andorra;2004;355.4423558;
Lithuania;1997;15.06572913;25067.69
Spain and Andorra;2005;370.4277714;
Lithuania;1998;15.92387312;27398.14
Spain and Andorra;2006;361.5215205;
Lithuania;1999;13.33093338;25078.43
Spain and Andorra;2007;374.6869236;
Lithuania;2000;11.65589384;23126.95
Spain and Andorra;2008;343.0930673;
Lithuania;2001;12.39052036;24148.83
Spain and Andorra;2009;303.7758472;
Lithuania;2002;12.46977935;25186.38
Spain and Andorra;2010;291.2431108;
Lithuania;2003;12.49151155;26658.69
Spain and Andorra;2011;293.1617808;
Lithuania;2004;13.06474128;27697.37
Spain and Andorra;2012;287.3970887;
Lithuania;2005;13.95676465;28916.52
Spain and Andorra;2013;260.5978291;
Lithuania;2006;14.19275864;30442.16
Spain and Andorra;2014;258.0154687;
Lithuania;2007;15.56536707;33725.48
Spain and Andorra;2015;275.0785905;
Lithuania;2008;15.82830485;33976.29
Spain and Andorra;2016;266.5311057;
Lithuania;2009;13.2074334;28335.24
Spain and Andorra;2017;281.6954093;
Lithuania;2010;14.03904708;29130.85
Spain and Andorra;2018;275.1300605;
Lithuania;2011;14.31800437;30197.69
Spain and Andorra;2019;257.7258505;
Lithuania;2012;14.48830537;29409.85
Spain and Andorra;2020;218.7442183;
Lithuania;2013;13.36142678;28698.96
Spain and Andorra;2021;237.5868759;
Lithuania;2014;13.2087077;27402.08
Spain and Andorra;2022;235.4711512;
Lithuania;2015;13.65758059;27786.07
Spain and Andorra;2023;217.2617218;
Lithuania;2016;13.51649456;26387.99
Estonia;1970;21.26405636;
Lithuania;2017;13.96085186;26194.38
Estonia;1971;21.28937711;
Lithuania;2018;14.01594346;28606.54
Estonia;1972;23.15576476;
Lithuania;2019;14.29389633;27593.57
Estonia;1973;26.46463245;
Lithuania;2020;14.25123063;27745.13
Estonia;1974;29.48672524;
Lithuania;2021;14.32901879;27667.44
Estonia;1975;32.07394837;
Lithuania;2022;13.15013622;26374.68
Estonia;1976;33.67295684;
Estonia;1977;35.04782956;
Estonia;1978;37.32264606;
Estonia;1979;38.81929808;
Estonia;1980;40.28559757;
Estonia;1981;41.3507809;
Estonia;1982;41.51582255;
Estonia;1983;41.25218472;
Estonia;1984;40.21422947;
Estonia;1985;39.37944266;
Estonia;1986;38.36142084;
Estonia;1987;37.73350416;
Estonia;1988;35.80688396;
Estonia;1989;32.55755933;
Estonia;2023;11.43636893;
Ethiopia;1970;1.167052028;
Ethiopia;1971;1.170817617;
Ethiopia;1972;1.087010532;
Ethiopia;1973;1.187202621;
Ethiopia;1974;1.201757118;
Ethiopia;1975;1.069122937;
Ethiopia;1976;1.064379424;
Ethiopia;1977;1.135638936;
Ethiopia;1978;1.171844274;
Ethiopia;1979;1.217516123;
Ethiopia;1980;1.252676345;
Ethiopia;1981;1.361889727;
Ethiopia;1982;1.249394839;
Ethiopia;1983;1.33414284;
Ethiopia;1984;1.241666935;
Ethiopia;1985;1.291150397;
Ethiopia;1986;1.622008166;
Ethiopia;1987;1.899228741;
Ethiopia;1988;1.983249351;
Ethiopia;1989;2.091530227;
Ethiopia;2023;16.7076921;
Finland;1970;41.24220898;
Finland;1971;40.65544119;
Finland;1972;44.34785687;
Finland;1973;48.42089299;
Finland;1974;44.60827588;
Finland;1975;44.76103109;
Finland;1976;51.00030508;
Finland;1977;50.67664624;
Finland;1978;57.12546261;
Finland;1979;56.89075814;
Finland;1980;57.41756863;
Finland;1981;48.00917969;
Finland;1982;46.26309131;
Finland;1983;44.67723296;
Finland;1984;46.02117805;
Finland;1985;50.45578289;
Finland;1986;50.56120548;
Finland;1987;55.22315759;
Finland;1988;53.86736207;
Finland;1989;53.88854274;
Finland;2023;32.26887724;
Fiji;1970;0.7126752;
Fiji;1971;0.721613543;
Fiji;1972;0.770051662;
Fiji;1973;0.916522134;
Fiji;1974;1.108613542;
Fiji;1975;0.921268745;
Fiji;1976;0.906478557;
Fiji;1977;0.960768723;
Fiji;1978;0.959407198;
Fiji;1979;1.027470705;
Fiji;1980;1.102417261;
Fiji;1981;1.125303032;
Fiji;1982;1.095733406;
Fiji;1983;0.906857699;
Fiji;1984;0.756571054;
Fiji;1985;0.84897344;
Fiji;1986;0.873372872;
Fiji;1987;0.79286511;
Fiji;1988;0.78374687;
Fiji;1989;0.906927806;
Fiji;2023;2.210537892;
Falkland Islands;1970;0.002933862;
Falkland Islands;1971;0.002931193;
Falkland Islands;1972;0.003568225;
Falkland Islands;1973;0.003599522;
Falkland Islands;1974;0.003207488;
Falkland Islands;1975;0.00388173;
Falkland Islands;1976;0.003519393;
Falkland Islands;1977;0.003884986;
Falkland Islands;1978;0.003885518;
Falkland Islands;1979;0.003842637;
Falkland Islands;1980;0.003798645;
Falkland Islands;1981;0.003726634;
Falkland Islands;1982;0.003483913;
Falkland Islands;1983;0.003414164;
Falkland Islands;1984;0.003795768;
Falkland Islands;1985;0.004754857;
Falkland Islands;1986;0.003832195;
Falkland Islands;1987;0.004071543;
Falkland Islands;1988;0.007729613;
Falkland Islands;1989;0.011605926;
Falkland Islands;1990;0.005681297;
Falkland Islands;1991;0.005706656;
Falkland Islands;1992;0.005747654;
Falkland Islands;1993;0.005602995;
Falkland Islands;1994;0.005709364;
Falkland Islands;1995;0.011191027;
Falkland Islands;1996;0.006738431;
Falkland Islands;1997;0.012603107;
Falkland Islands;1998;0.007087708;
Falkland Islands;1999;0.007181872;
Falkland Islands;2000;0.007198393;
Falkland Islands;2001;0.007798715;
Falkland Islands;2002;0.009072245;
Falkland Islands;2003;0.010269199;
Falkland Islands;2004;0.010920253;
Falkland Islands;2005;0.011159762;
Falkland Islands;2006;0.014187793;
Falkland Islands;2007;0.014858866;
Falkland Islands;2008;0.01563725;
Falkland Islands;2009;0.017239329;
Falkland Islands;2010;0.017080024;
Falkland Islands;2011;0.012662581;
Falkland Islands;2012;0.013442698;
Falkland Islands;2013;0.015404753;
Falkland Islands;2014;0.016257349;
Falkland Islands;2015;0.017324516;
Falkland Islands;2016;0.019192543;
Falkland Islands;2017;0.017085701;
Falkland Islands;2018;0.01848507;
Falkland Islands;2019;0.021234137;
Falkland Islands;2020;0.017225063;
Falkland Islands;2021;0.01905516;
Falkland Islands;2022;0.018500872;
Falkland Islands;2023;0.01945408;
France and Monaco;1970;469.4413568;
France and Monaco;1971;481.5544969;
France and Monaco;1972;499.1042967;
France and Monaco;1973;535.7473182;
France and Monaco;1974;517.0075673;
France and Monaco;1975;476.495436;
France and Monaco;1976;521.9985081;
France and Monaco;1977;503.432955;
France and Monaco;1978;521.4465316;
France and Monaco;1979;529.0211302;
France and Monaco;1980;507.0500431;
France and Monaco;1981;456.7116474;
France and Monaco;1982;435.6641947;
France and Monaco;1983;416.5338732;
France and Monaco;1984;404.9673183;
France and Monaco;1985;394.7067723;
France and Monaco;1986;382.6010081;
France and Monaco;1987;375.7727062;
France and Monaco;1988;375.8439202;
France and Monaco;1989;390.3599802;
France and Monaco;1990;385.2720254;
France and Monaco;1991;410.3360977;
France and Monaco;1992;396.9290138;
France and Monaco;1993;377.2829746;
France and Monaco;1994;373.0042061;
France and Monaco;1995;382.0537016;
France and Monaco;1996;396.7419119;
France and Monaco;1997;388.4739272;
France and Monaco;1998;410.4712819;
France and Monaco;1999;404.1642307;
France and Monaco;2000;401.2111512;
France and Monaco;2001;405.3435043;
France and Monaco;2002;399.9106069;
France and Monaco;2003;404.8425696;
France and Monaco;2004;405.9174935;
France and Monaco;2005;408.1656488;
France and Monaco;2006;397.4259028;
France and Monaco;2007;390.2733738;
France and Monaco;2008;383.0040674;
France and Monaco;2009;370.3758925;
France and Monaco;2010;377.7598295;
France and Monaco;2011;364.3138653;
France and Monaco;2012;366.1387775;
France and Monaco;2013;360.9924294;
France and Monaco;2014;328.0878918;
France and Monaco;2015;332.9748732;
France and Monaco;2016;335.767833;
France and Monaco;2017;339.3458022;
France and Monaco;2018;328.6301754;
France and Monaco;2019;322.752334;
France and Monaco;2020;287.3243179;
France and Monaco;2021;319.4248074;
France and Monaco;2022;310.4579348;
France and Monaco;2023;282.4274667;
Faroes;1970;0.000877991;
Faroes;1971;0.000919529;
Faroes;1972;0.000961719;
Faroes;1973;0.001004572;
Faroes;1974;0.001049783;
Faroes;1975;0.001094547;
Faroes;1976;0.001130181;
Faroes;1977;0.001167618;
Faroes;1978;0.001202668;
Faroes;1979;0.00124156;
Faroes;1980;0.001279564;
Faroes;1981;0.001307378;
Faroes;1982;0.001336633;
Faroes;1983;0.001364156;
Faroes;1984;0.001394263;
Faroes;1985;0.00142589;
Faroes;1986;0.001460937;
Faroes;1987;0.001498053;
Faroes;1988;0.00153234;
Faroes;1989;0.001563554;
Faroes;1990;0.001588283;
Faroes;1991;0.001599839;
Faroes;1992;0.001605756;
Faroes;1993;0.001606181;
Faroes;1994;0.001609502;
Faroes;1995;0.001624093;
Faroes;1996;0.001639397;
Faroes;1997;0.001658875;
Faroes;1998;0.001681629;
Faroes;1999;0.001708079;
Faroes;2000;0.00175666;
Faroes;2001;0.001790822;
Faroes;2002;0.00182146;
Faroes;2003;0.001850793;
Faroes;2004;0.00189047;
Faroes;2005;0.00192214;
Faroes;2006;0.001935538;
Faroes;2007;0.001943083;
Faroes;2008;0.001953806;
Faroes;2009;0.001965024;
Faroes;2010;0.001976094;
Faroes;2011;0.001987457;
Faroes;2012;0.00199868;
Faroes;2013;0.001999058;
Faroes;2014;0.001998823;
Faroes;2015;0.001999183;
Faroes;2016;0.001999482;
Faroes;2017;0.002013383;
Faroes;2018;0.002029306;
Faroes;2019;0.002044929;
Faroes;2020;0.002058977;
Faroes;2021;0.002072657;
Faroes;2022;0.002088992;
Faroes;2023;0.002103472;
Gabon;1970;0.603670024;
Gabon;1971;1.116739779;
Gabon;1972;1.203541185;
Gabon;1973;3.85536959;
Gabon;1974;3.957368755;
Gabon;1975;5.097269506;
Gabon;1976;5.913081955;
Gabon;1977;5.844324384;
Gabon;1978;6.495943832;
Gabon;1979;6.399331835;
Gabon;1980;6.151876731;
Gabon;1981;6.475088259;
Gabon;1982;6.45809674;
Gabon;1983;5.931205874;
Gabon;1984;6.860124045;
Gabon;1985;7.840516239;
Gabon;1986;5.628305934;
Gabon;1987;4.799206774;
Gabon;1988;4.960001661;
Gabon;1989;6.258507104;
Gabon;2023;4.926896005;
United Kingdom;1970;673.4201505;
United Kingdom;1971;668.6713931;
United Kingdom;1972;657.7171531;
United Kingdom;1973;690.0309905;
United Kingdom;1974;644.6401903;
United Kingdom;1975;623.6572376;
United Kingdom;1976;629.8113453;
United Kingdom;1977;638.3124783;
United Kingdom;1978;636.4771186;
United Kingdom;1979;672.6635652;
United Kingdom;1980;608.325396;
United Kingdom;1981;589.0209909;
United Kingdom;1982;573.1009705;
United Kingdom;1983;566.2652719;
United Kingdom;1984;549.9603004;
United Kingdom;1985;576.5427021;
United Kingdom;1986;590.5337047;
United Kingdom;1987;595.1846859;
United Kingdom;1988;592.8904476;
United Kingdom;1989;579.2873921;
United Kingdom;1990;582.3489842;
United Kingdom;1991;591.4813009;
United Kingdom;1992;578.1824001;
United Kingdom;1993;562.1317312;
United Kingdom;1994;554.6245327;
United Kingdom;1995;548.0822956;
United Kingdom;1996;567.3641979;
United Kingdom;1997;546.4920484;
United Kingdom;1998;547.1040831;
United Kingdom;1999;543.7185785;
United Kingdom;2000;551.6797142;
United Kingdom;2001;562.9084714;
United Kingdom;2002;546.9058771;
United Kingdom;2003;560.4270026;
United Kingdom;2004;560.9378502;
United Kingdom;2005;559.3282643;
United Kingdom;2006;559.7568249;
United Kingdom;2007;550.2286605;
United Kingdom;2008;533.7478529;
United Kingdom;2009;483.361403;
United Kingdom;2010;500.6284967;
United Kingdom;2011;459.0174108;
United Kingdom;2012;481.1899557;
United Kingdom;2013;470.1718268;
United Kingdom;2014;430.4962349;
United Kingdom;2015;415.8560477;
United Kingdom;2016;393.3439008;
United Kingdom;2017;381.2854154;
United Kingdom;2018;373.2205491;
United Kingdom;2019;357.3325782;
United Kingdom;2020;319.0146677;
United Kingdom;2021;339.4952583;
United Kingdom;2022;327.4606652;
United Kingdom;2023;302.1032807;
Georgia;1970;23.93045612;
Georgia;1971;23.65332982;
Georgia;1972;25.12700224;
Georgia;1973;26.6421656;
Georgia;1974;27.92544994;
Georgia;1975;29.93271957;
Georgia;1976;30.43217394;
Georgia;1977;30.73586522;
Georgia;1978;31.5327488;
Georgia;1979;32.62033184;
Georgia;1980;33.50197946;
Georgia;1981;33.90254117;
Georgia;1982;33.49778641;
Georgia;1983;32.92074099;
Georgia;1984;32.63527764;
Georgia;1985;32.19733677;
Georgia;1986;31.91205577;
Georgia;1987;32.32198582;
Georgia;1988;31.83701251;
Georgia;1989;30.65116578;
Georgia;2023;12.8635951;
Ghana;1970;2.344604577;
Ghana;1971;2.384277519;
Ghana;1972;2.496215818;
Ghana;1973;2.550738594;
Ghana;1974;2.718561499;
Ghana;1975;2.894093382;
Ghana;1976;2.959879183;
Ghana;1977;3.055169684;
Ghana;1978;2.971200509;
Ghana;1979;2.634979903;
Ghana;1980;2.663078087;
Ghana;1981;3.174390944;
Ghana;1982;2.733366902;
Ghana;1983;1.726830021;
Ghana;1984;2.000856074;
Ghana;1985;2.341109551;
Ghana;1986;2.538740423;
Ghana;1987;2.707662135;
Ghana;1988;2.842504039;
Ghana;1989;3.171452818;
Ghana;2023;24.16378619;
Gibraltar;1970;0.069483655;
Gibraltar;1971;0.069493138;
Gibraltar;1972;0.059581799;
Gibraltar;1973;0.059977723;
Gibraltar;1974;0.060032589;
Gibraltar;1975;0.063028208;
Gibraltar;1976;0.062464906;
Gibraltar;1977;0.059377377;
Gibraltar;1978;0.056228265;
Gibraltar;1979;0.078781418;
Gibraltar;1980;0.093954503;
Gibraltar;1981;0.087586293;
Gibraltar;1982;0.097620422;
Gibraltar;1983;0.088156366;
Gibraltar;1984;0.084943213;
Gibraltar;1985;0.091153102;
Gibraltar;1986;0.117133469;
Gibraltar;1987;0.12859345;
Gibraltar;1988;0.143888376;
Gibraltar;1989;0.13745603;
Gibraltar;1990;0.143833892;
Gibraltar;1991;0.203022773;
Gibraltar;1992;0.240975027;
Gibraltar;1993;0.244078807;
Gibraltar;1994;0.288217635;
Gibraltar;1995;0.28191201;
Gibraltar;1996;0.2881743;
Gibraltar;1997;0.297549909;
Gibraltar;1998;0.313179584;
Gibraltar;1999;0.325651596;
Gibraltar;2000;0.341221345;
Gibraltar;2001;0.349978721;
Gibraltar;2002;0.356241695;
Gibraltar;2003;0.362506643;
Gibraltar;2004;0.393764957;
Gibraltar;2005;0.406282353;
Gibraltar;2006;0.425103371;
Gibraltar;2007;0.422035278;
Gibraltar;2008;0.431319325;
Gibraltar;2009;0.471906887;
Gibraltar;2010;0.475054481;
Gibraltar;2011;0.459445157;
Gibraltar;2012;0.468848908;
Gibraltar;2013;0.49995722;
Gibraltar;2014;0.537340164;
Gibraltar;2015;0.58724624;
Gibraltar;2016;0.612355492;
Gibraltar;2017;0.649826455;
Gibraltar;2018;0.689732511;
Gibraltar;2019;0.71739068;
Gibraltar;2020;0.639415704;
Gibraltar;2021;0.646666898;
Gibraltar;2022;0.674972413;
Gibraltar;2023;0.688587903;
Guinea;1970;0.4593615;
Guinea;1971;0.462098552;
Guinea;1972;0.464671548;
Guinea;1973;0.48066001;
Guinea;1974;0.513614036;
Guinea;1975;0.530440333;
Guinea;1976;0.550008749;
Guinea;1977;0.569986336;
Guinea;1978;0.581850263;
Guinea;1979;0.661438727;
Guinea;1980;0.650283605;
Guinea;1981;0.615987918;
Guinea;1982;0.5859005;
Guinea;1983;0.646082123;
Guinea;1984;0.628447111;
Guinea;1985;0.589019288;
Guinea;1986;0.737047203;
Guinea;1987;1.072138259;
Guinea;1988;1.006197164;
Guinea;1989;0.906362824;
Guinea;2023;3.715383288;
Guadeloupe;1970;0.185141965;
Guadeloupe;1971;0.1881536;
Guadeloupe;1972;0.221564271;
Guadeloupe;1973;0.225304672;
Guadeloupe;1974;0.208467628;
Guadeloupe;1975;0.237208573;
Guadeloupe;1976;0.224056708;
Guadeloupe;1977;0.24358879;
Guadeloupe;1978;0.247042994;
Guadeloupe;1979;0.247372463;
Guadeloupe;1980;0.244611961;
Guadeloupe;1981;0.306086918;
Guadeloupe;1982;0.346750117;
Guadeloupe;1983;0.376982329;
Guadeloupe;1984;0.425286873;
Guadeloupe;1985;0.400368968;
Guadeloupe;1986;0.418926795;
Guadeloupe;1987;0.497140233;
Guadeloupe;1988;0.576410435;
Guadeloupe;1989;0.627383656;
Guadeloupe;1990;0.687364899;
Guadeloupe;1991;0.731954774;
Guadeloupe;1992;0.685501493;
Guadeloupe;1993;0.735507498;
Guadeloupe;1994;0.771340395;
Guadeloupe;1995;0.753464065;
Guadeloupe;1996;0.741561026;
Guadeloupe;1997;0.774614694;
Guadeloupe;1998;0.789612591;
Guadeloupe;1999;0.797544555;
Guadeloupe;2000;0.617038158;
Guadeloupe;2001;0.643147879;
Guadeloupe;2002;0.672459212;
Guadeloupe;2003;0.6964482;
Guadeloupe;2004;0.669275487;
Guadeloupe;2005;0.68142747;
Guadeloupe;2006;0.761860681;
Guadeloupe;2007;0.819182084;
Guadeloupe;2008;0.829891107;
Guadeloupe;2009;0.893187631;
Guadeloupe;2010;1.015810873;
Guadeloupe;2011;1.11141079;
Guadeloupe;2012;1.110002023;
Guadeloupe;2013;1.113122311;
Guadeloupe;2014;1.11348161;
Guadeloupe;2015;1.115669342;
Guadeloupe;2016;1.114120074;
Guadeloupe;2017;1.11415359;
Guadeloupe;2018;1.116784556;
Guadeloupe;2019;1.115620579;
Guadeloupe;2020;1.114766799;
Guadeloupe;2021;1.114768998;
Guadeloupe;2022;1.114768974;
Guadeloupe;2023;1.167141168;
The Gambia;1970;0.079221207;
The Gambia;1971;0.079250985;
The Gambia;1972;0.07888073;
The Gambia;1973;0.081636478;
The Gambia;1974;0.088107714;
The Gambia;1975;0.091529841;
The Gambia;1976;0.094905484;
The Gambia;1977;0.098272561;
The Gambia;1978;0.099862577;
The Gambia;1979;0.115225033;
The Gambia;1980;0.113130879;
The Gambia;1981;0.108342647;
The Gambia;1982;0.100610777;
The Gambia;1983;0.110156433;
The Gambia;1984;0.115952448;
The Gambia;1985;0.115602291;
The Gambia;1986;0.108692817;
The Gambia;1987;0.185653748;
The Gambia;1988;0.170520692;
The Gambia;1989;0.15729559;
The Gambia;1990;0.122282537;
The Gambia;1991;0.152452945;
The Gambia;1992;0.129669536;
The Gambia;1993;0.1359338;
The Gambia;1994;0.155996486;
The Gambia;1995;0.148849435;
The Gambia;1996;0.154442403;
The Gambia;1997;0.154523127;
The Gambia;1998;0.167693022;
The Gambia;1999;0.172706578;
The Gambia;2000;0.268188745;
The Gambia;2001;0.296109961;
The Gambia;2002;0.307665537;
The Gambia;2003;0.312625396;
The Gambia;2004;0.325966479;
The Gambia;2005;0.331258454;
The Gambia;2006;0.370514226;
The Gambia;2007;0.385857084;
The Gambia;2008;0.392323893;
The Gambia;2009;0.435095095;
The Gambia;2010;0.442716355;
The Gambia;2011;0.467659787;
The Gambia;2012;0.450277714;
The Gambia;2013;0.451834338;
The Gambia;2014;0.48484491;
The Gambia;2015;0.504308497;
The Gambia;2016;0.508431801;
The Gambia;2017;0.512287761;
The Gambia;2018;0.517130325;
The Gambia;2019;0.559376108;
The Gambia;2020;0.587271138;
The Gambia;2021;0.597509605;
The Gambia;2022;0.624145174;
The Gambia;2023;0.60583061;
Guinea-Bissau;1970;0.044174788;
Guinea-Bissau;1971;0.04420261;
Guinea-Bissau;1972;0.044014055;
Guinea-Bissau;1973;0.045529438;
Guinea-Bissau;1974;0.049070531;
Guinea-Bissau;1975;0.050948406;
Guinea-Bissau;1976;0.052796187;
Guinea-Bissau;1977;0.054639384;
Guinea-Bissau;1978;0.055513508;
Guinea-Bissau;1979;0.063899838;
Guinea-Bissau;1980;0.062781544;
Guinea-Bissau;1981;0.060185193;
Guinea-Bissau;1982;0.055987979;
Guinea-Bissau;1983;0.061206097;
Guinea-Bissau;1984;0.078256094;
Guinea-Bissau;1985;0.087526475;
Guinea-Bissau;1986;0.078456996;
Guinea-Bissau;1987;0.182838962;
Guinea-Bissau;1988;0.193504087;
Guinea-Bissau;1989;0.180980139;
Guinea-Bissau;1990;0.168696129;
Guinea-Bissau;1991;0.211350033;
Guinea-Bissau;1992;0.189316311;
Guinea-Bissau;1993;0.203508809;
Guinea-Bissau;1994;0.202814453;
Guinea-Bissau;1995;0.208355156;
Guinea-Bissau;1996;0.206152217;
Guinea-Bissau;1997;0.216238765;
Guinea-Bissau;1998;0.220355628;
Guinea-Bissau;1999;0.226914453;
Guinea-Bissau;2000;0.202706437;
Guinea-Bissau;2001;0.210146944;
Guinea-Bissau;2002;0.221999012;
Guinea-Bissau;2003;0.262337221;
Guinea-Bissau;2004;0.269608092;
Guinea-Bissau;2005;0.275627195;
Guinea-Bissau;2006;0.2919183;
Guinea-Bissau;2007;0.306675203;
Guinea-Bissau;2008;0.292868591;
Guinea-Bissau;2009;0.309960666;
Guinea-Bissau;2010;0.315250875;
Guinea-Bissau;2011;0.321282602;
Guinea-Bissau;2012;0.32468922;
Guinea-Bissau;2013;0.333774834;
Guinea-Bissau;2014;0.342167614;
Guinea-Bissau;2015;0.359426328;
Guinea-Bissau;2016;0.375123055;
Guinea-Bissau;2017;0.300253175;
Guinea-Bissau;2018;0.302079584;
Guinea-Bissau;2019;0.320202387;
Guinea-Bissau;2020;0.335466956;
Guinea-Bissau;2021;0.341308846;
Guinea-Bissau;2022;0.356451236;
Guinea-Bissau;2023;0.346017421;
Equatorial Guinea;1970;0.041611328;
Equatorial Guinea;1971;0.041598135;
Equatorial Guinea;1972;0.047873478;
Equatorial Guinea;1973;0.028889784;
Equatorial Guinea;1974;0.035219097;
Equatorial Guinea;1975;0.038240573;
Equatorial Guinea;1976;0.038326425;
Equatorial Guinea;1977;0.038313488;
Equatorial Guinea;1978;0.073438949;
Equatorial Guinea;1979;0.070399011;
Equatorial Guinea;1980;0.064163137;
Equatorial Guinea;1981;0.083223572;
Equatorial Guinea;1982;0.064016928;
Equatorial Guinea;1983;0.041935156;
Equatorial Guinea;1984;0.04503062;
Equatorial Guinea;1985;0.042191855;
Equatorial Guinea;1986;0.048421292;
Equatorial Guinea;1987;0.051508667;
Equatorial Guinea;1988;0.057888736;
Equatorial Guinea;1989;0.077161464;
Equatorial Guinea;1990;0.071086334;
Equatorial Guinea;1991;0.074097249;
Equatorial Guinea;1992;0.074124991;
Equatorial Guinea;1993;0.077157348;
Equatorial Guinea;1994;1.211709295;
Equatorial Guinea;1995;1.287283503;
Equatorial Guinea;1996;1.40786427;
Equatorial Guinea;1997;1.936229844;
Equatorial Guinea;1998;2.354203211;
Equatorial Guinea;1999;2.572774357;
Equatorial Guinea;2000;2.744625904;
Equatorial Guinea;2001;3.600605608;
Equatorial Guinea;2002;3.212236624;
Equatorial Guinea;2003;3.590569753;
Equatorial Guinea;2004;6.279860644;
Equatorial Guinea;2005;6.395675071;
Equatorial Guinea;2006;6.386334482;
Equatorial Guinea;2007;7.136403956;
Equatorial Guinea;2008;6.606718751;
Equatorial Guinea;2009;5.477848384;
Equatorial Guinea;2010;5.715902913;
Equatorial Guinea;2011;5.95399244;
Equatorial Guinea;2012;5.595088849;
Equatorial Guinea;2013;5.723319791;
Equatorial Guinea;2014;5.717868683;
Equatorial Guinea;2015;5.406875291;
Equatorial Guinea;2016;5.389252823;
Equatorial Guinea;2017;4.887037333;
Equatorial Guinea;2018;4.682641095;
Equatorial Guinea;2019;4.555088885;
Equatorial Guinea;2020;4.468988328;
Equatorial Guinea;2021;4.358191248;
Equatorial Guinea;2022;4.161193244;
Equatorial Guinea;2023;3.776752854;
Greece;1970;28.85805745;
Greece;1971;29.90743568;
Greece;1972;36.72887309;
Greece;1973;39.2982914;
Greece;1974;38.51037606;
Greece;1975;40.51226209;
Greece;1976;45.46456249;
Greece;1977;47.68658611;
Greece;1978;50.30371226;
Greece;1979;53.21607005;
Greece;1980;53.32805174;
Greece;1981;53.00844922;
Greece;1982;54.14761381;
Greece;1983;57.63205661;
Greece;1984;59.03342117;
Greece;1985;62.44689224;
Greece;1986;62.03994455;
Greece;1987;67.22963952;
Greece;1988;71.73624614;
Greece;1989;76.4173846;
Greece;2023;51.67400117;
Grenada;1970;0.011217802;
Grenada;1971;0.011207532;
Grenada;1972;0.013595837;
Grenada;1973;0.013712628;
Grenada;1974;0.012241428;
Grenada;1975;0.014768231;
Grenada;1976;0.013407369;
Grenada;1977;0.014775872;
Grenada;1978;0.014775915;
Grenada;1979;0.014614046;
Grenada;1980;0.01444996;
Grenada;1981;0.018809786;
Grenada;1982;0.017601127;
Grenada;1983;0.017258093;
Grenada;1984;0.019171174;
Grenada;1985;0.019240175;
Grenada;1986;0.023145901;
Grenada;1987;0.030517689;
Grenada;1988;0.033947282;
Grenada;1989;0.034803975;
Grenada;1990;0.050773112;
Grenada;1991;0.050992673;
Grenada;1992;0.05271183;
Grenada;1993;0.059371388;
Grenada;1994;0.069351284;
Grenada;1995;0.062304265;
Grenada;1996;0.066515783;
Grenada;1997;0.090747864;
Grenada;1998;0.07915161;
Grenada;1999;0.080185682;
Grenada;2000;0.057310716;
Grenada;2001;0.05824028;
Grenada;2002;0.063255031;
Grenada;2003;0.069551483;
Grenada;2004;0.06624208;
Grenada;2005;0.071162317;
Grenada;2006;0.081172809;
Grenada;2007;0.090243715;
Grenada;2008;0.0986463;
Grenada;2009;0.10608089;
Grenada;2010;0.118734502;
Grenada;2011;0.091859836;
Grenada;2012;0.094973614;
Grenada;2013;0.122463931;
Grenada;2014;0.10992331;
Grenada;2015;0.116982379;
Grenada;2016;0.127435137;
Grenada;2017;0.127865275;
Grenada;2018;0.13077198;
Grenada;2019;0.150150971;
Grenada;2020;0.121855023;
Grenada;2021;0.134787027;
Grenada;2022;0.135345136;
Grenada;2023;0.142698104;
Greenland;1970;0.000781308;
Greenland;1971;0.00080788;
Greenland;1972;0.000830486;
Greenland;1973;0.000849107;
Greenland;1974;0.000866382;
Greenland;1975;0.000880137;
Greenland;1976;0.00089265;
Greenland;1977;0.000902815;
Greenland;1978;0.000912674;
Greenland;1979;0.000923285;
Greenland;1980;0.000936735;
Greenland;1981;0.000953401;
Greenland;1982;0.00097315;
Greenland;1983;0.000995517;
Greenland;1984;0.001019829;
Greenland;1985;0.001042587;
Greenland;1986;0.001063673;
Greenland;1987;0.001086147;
Greenland;1988;0.001106734;
Greenland;1989;0.001125107;
Greenland;2023;0.582223982;
Guatemala;1970;2.500017647;
Guatemala;1971;2.498876852;
Guatemala;1972;2.741199764;
Guatemala;1973;2.910755507;
Guatemala;1974;3.019470592;
Guatemala;1975;3.320486585;
Guatemala;1976;3.291362615;
Guatemala;1977;3.773274439;
Guatemala;1978;4.172280366;
Guatemala;1979;4.651536272;
Guatemala;1980;4.666370768;
Guatemala;1981;4.032723498;
Guatemala;1982;3.685625281;
Guatemala;1983;3.129971012;
Guatemala;1984;3.513212006;
Guatemala;1985;3.692017513;
Guatemala;1986;3.206004678;
Guatemala;1987;3.585966592;
Guatemala;1988;3.523395876;
Guatemala;1989;3.755630261;
Guatemala;2023;21.34940527;
French Guiana;1970;0.09101601;
French Guiana;1971;0.090943768;
French Guiana;1972;0.110863831;
French Guiana;1973;0.111854685;
French Guiana;1974;0.099614302;
French Guiana;1975;0.120696844;
French Guiana;1976;0.109386274;
French Guiana;1977;0.12082612;
French Guiana;1978;0.120855689;
French Guiana;1979;0.119530927;
French Guiana;1980;0.11817226;
French Guiana;1981;0.102055126;
French Guiana;1982;0.117011292;
French Guiana;1983;0.118908094;
French Guiana;1984;0.103998718;
French Guiana;1985;0.10437614;
French Guiana;1986;0.127199717;
French Guiana;1987;0.151195088;
French Guiana;1988;0.186569918;
French Guiana;1989;0.220719254;
French Guiana;1990;0.257458258;
French Guiana;1991;0.28313251;
French Guiana;1992;0.233387076;
French Guiana;1993;0.29928699;
French Guiana;1994;0.304937486;
French Guiana;1995;0.349902285;
French Guiana;1996;0.361282878;
French Guiana;1997;0.375567392;
French Guiana;1998;0.397637357;
French Guiana;1999;0.402077801;
French Guiana;2000;0.17426675;
French Guiana;2001;0.175909006;
French Guiana;2002;0.165562637;
French Guiana;2003;0.207316992;
French Guiana;2004;0.200553347;
French Guiana;2005;0.199903772;
French Guiana;2006;0.195078706;
French Guiana;2007;0.226579085;
French Guiana;2008;0.239365386;
French Guiana;2009;0.325879695;
French Guiana;2010;0.328655804;
French Guiana;2011;0.357870785;
French Guiana;2012;0.362409888;
French Guiana;2013;0.357340016;
French Guiana;2014;0.35382163;
French Guiana;2015;0.350731178;
French Guiana;2016;0.359093973;
French Guiana;2017;0.356460838;
French Guiana;2018;0.361127274;
French Guiana;2019;0.362736795;
French Guiana;2020;0.360427687;
French Guiana;2021;0.36427449;
French Guiana;2022;0.364289233;
French Guiana;2023;0.381634202;
Guyana;1970;1.502505377;
Guyana;1971;1.502528385;
Guyana;1972;1.524579546;
Guyana;1973;1.766122998;
Guyana;1974;1.558104974;
Guyana;1975;1.840307095;
Guyana;1976;1.865527369;
Guyana;1977;1.868520714;
Guyana;1978;1.760623116;
Guyana;1979;1.681169875;
Guyana;1980;1.773094747;
Guyana;1981;1.772772623;
Guyana;1982;1.4425583;
Guyana;1983;1.294100021;
Guyana;1984;1.402610924;
Guyana;1985;1.44068062;
Guyana;1986;1.364462139;
Guyana;1987;1.345423994;
Guyana;1988;1.395388342;
Guyana;1989;1.234043796;
Guyana;2023;3.304156195;
Hong Kong;1970;9.526805646;
Hong Kong;1971;9.565442719;
Hong Kong;1972;9.851336998;
Hong Kong;1973;9.938387908;
Hong Kong;1974;11.3883795;
Hong Kong;1975;11.26936676;
Hong Kong;1976;13.08301948;
Hong Kong;1977;15.16859957;
Hong Kong;1978;16.17128749;
Hong Kong;1979;15.12087636;
Hong Kong;1980;15.55711181;
Hong Kong;1981;16.74071322;
Hong Kong;1982;19.05456595;
Hong Kong;1983;22.55826487;
Hong Kong;1984;24.92227365;
Hong Kong;1985;25.94378641;
Hong Kong;1986;29.79408397;
Hong Kong;1987;29.81178688;
Hong Kong;1988;33.3548072;
South Korea;1990;272.1236693;331788.5
Hong Kong;1989;34.27429066;
South Korea;1991;299.1141524;360379.9
South Korea;1992;318.9315496;388971.3
South Korea;1993;346.4258868;421272.4
South Korea;1994;373.3352307;487375
South Korea;1995;404.7418294;521675.3
South Korea;1996;431.6152302;499896.5
South Korea;1997;455.5124761;537618.6
South Korea;1998;389.4260553;446607.4
South Korea;1999;424.3853096;519681.6
South Korea;2000;474.1579347;565776.9
South Korea;2001;482.4925158;584365.5
South Korea;2002;491.2709756;607123.1
South Korea;2003;495.4967813;569073.4
South Korea;2004;515.7024983;592989.7
South Korea;2005;515.3954189;595497.2
South Korea;2006;521.9082621;606824.9
South Korea;2007;532.9918471;620163.6
South Korea;2008;543.3167431;618612.3
South Korea;2009;551.3671782;588603.7
South Korea;2010;598.1277172;644882.9
South Korea;2011;628.9048698;660791.8
South Korea;2012;632.1470818;667983.4
South Korea;2013;628.8749478;675127.7
South Korea;2014;623.523208;663534.9
South Korea;2015;642.6905827;668427.6
South Korea;2016;659.8855677;679355.8
South Korea;2017;667.8612997;708150.7
South Korea;2018;670.5627108;722461.8
South Korea;2019;651.1218148;698269.4
South Korea;2020;614.2016622;664087.5
South Korea;2021;631.0712499;672899.4
South Korea;2022;587.8176264;653858.2
Hong Kong;2023;34.67284259;
Honduras;1970;1.21785748;
Honduras;1971;1.218560285;
Honduras;1972;1.27033076;
Honduras;1973;1.39813422;
Honduras;1974;1.371291086;
Honduras;1975;1.477122345;
Honduras;1976;1.552781742;
Honduras;1977;1.686260153;
Honduras;1978;1.703284854;
Honduras;1979;1.803744689;
Honduras;1980;1.864500557;
Honduras;1981;1.778688698;
Honduras;1982;1.749124235;
Honduras;1983;2.011680312;
Honduras;1984;2.05970647;
Honduras;1985;1.857918125;
Honduras;1986;1.89319313;
Honduras;1987;2.099302597;
Honduras;1988;2.246851372;
Honduras;1989;2.494395419;
Honduras;2023;10.94576269;
Croatia;1970;21.812449;
Croatia;1971;21.4411586;
Croatia;1972;21.30326504;
Croatia;1973;22.50232994;
Croatia;1974;23.12982087;
Croatia;1975;23.66829657;
Croatia;1976;22.90185898;
Croatia;1977;22.5200514;
Croatia;1978;23.58409356;
Croatia;1979;25.17155575;
Croatia;1980;22.7185922;
Croatia;1981;24.52339856;
Croatia;1982;24.79353233;
Croatia;1983;27.88076744;
Croatia;1984;28.68207472;
Croatia;1985;29.44077378;
Croatia;1986;31.8373267;
Croatia;1987;31.11447455;
Croatia;1988;34.20538054;
Croatia;1989;32.90815809;
Croatia;2023;17.45650159;
Haiti;1970;0.533381791;
Haiti;1971;0.538285874;
Haiti;1972;0.52256693;
Haiti;1973;0.549881127;
Haiti;1974;0.599023056;
Haiti;1975;0.605763309;
Haiti;1976;0.810911912;
Haiti;1977;0.846695948;
Haiti;1978;0.886221517;
Haiti;1979;0.868365887;
Haiti;1980;0.858917406;
Haiti;1981;0.753149745;
Haiti;1982;0.892801182;
Haiti;1983;0.983035661;
Haiti;1984;1.012626021;
Haiti;1985;1.046757946;
Haiti;1986;0.978915164;
Haiti;1987;1.056602853;
Haiti;1988;1.131881528;
Haiti;1989;1.161412143;
Haiti;2023;3.536478127;
Hungary;1970;66.27267589;
Hungary;1971;67.9232424;
Hungary;1972;70.05063486;
Hungary;1973;74.87009395;
Hungary;1974;76.91692165;
Hungary;1975;78.4105938;
Hungary;1976;82.38241888;
Hungary;1977;86.27954961;
Hungary;1978;93.69456351;
Hungary;1979;92.33545301;
Hungary;1980;91.60381419;
Hungary;1981;90.36020528;
Hungary;1982;90.5546035;
Hungary;1983;86.84103444;
Hungary;1984;88.4072036;
Hungary;1985;88.34818312;
Hungary;1986;86.95634494;
Hungary;1987;88.0629623;
Hungary;1988;83.35667838;
Hungary;1989;81.10782942;
Hungary;2023;43.82523189;
Indonesia;1970;31.09906999;
Indonesia;1971;31.47274143;
Indonesia;1972;37.24013418;
Indonesia;1973;42.01022886;
Indonesia;1974;46.93887425;
Indonesia;1975;48.77196894;
Indonesia;1976;52.50451732;
Indonesia;1977;71.77626043;
Indonesia;1978;84.44430977;
Indonesia;1979;90.89357579;
Indonesia;1980;90.57355268;
Indonesia;1981;95.6329652;
Indonesia;1982;96.37643025;
Indonesia;1983;95.39672078;
Indonesia;1984;97.61953589;
Indonesia;1985;106.0172179;
Indonesia;1986;117.0826689;
Indonesia;1987;120.1942423;
Indonesia;1988;128.6474581;
Indonesia;1989;134.4942308;
Indonesia;2023;674.5359386;
India;1970;213.9344478;
India;1971;214.4281204;
India;1972;222.9632363;
India;1973;221.9373139;
India;1974;237.6409388;
India;1975;253.2017023;
India;1976;270.6935777;
India;1977;276.0218264;
India;1978;271.3470437;
India;1979;291.7332086;
India;1980;303.5764949;
India;1981;333.9884747;
India;1982;351.9037543;
India;1983;374.5973353;
India;1984;412.8617033;
India;1985;431.4117848;
India;1986;468.5978998;
India;1987;501.4340692;
India;1988;532.2985793;
India;1989;570.1243484;
India;2023;2955.181684;
Ireland;1970;20.65953828;
Ireland;1971;23.1397557;
Ireland;1972;22.76833573;
Ireland;1973;22.33645995;
Ireland;1974;24.16940313;
Ireland;1975;22.70664913;
Ireland;1976;23.27534668;
Ireland;1977;24.86627411;
Ireland;1978;24.66595592;
Ireland;1979;29.0126296;
Ireland;1980;27.8914725;
Ireland;1981;27.66393614;
Ireland;1982;27.37439674;
Ireland;1983;26.96876359;
Ireland;1984;26.9845118;
Ireland;1985;28.58819973;
Ireland;1986;29.54987461;
Ireland;1987;31.11086395;
Ireland;1988;30.22824827;
Ireland;1989;31.27107058;
Ireland;2023;32.4825757;
Iran;1970;80.349752;
Iran;1971;86.13575662;
Iran;1972;96.18163749;
Iran;1973;114.6713943;
Iran;1974;121.7701671;
Iran;1975;124.0501648;
Iran;1976;143.1403219;
Iran;1977;150.1029583;
Iran;1978;146.2427247;
Iran;1979;136.2376767;
Iran;1980;116.3434725;
Iran;1981;115.1641257;
Iran;1982;141.3108417;
Iran;1983;159.6115364;
Iran;1984;157.021781;
Iran;1985;167.182591;
Iran;1986;155.9709321;
Iran;1987;164.9019815;
Iran;1988;166.3907398;
Iran;1989;178.6440397;
Iran;2023;778.8022987;
Iraq;1970;23.32672569;
Iraq;1971;27.30377553;
Iraq;1972;27.15960875;
Iraq;1973;29.82924477;
Iraq;1974;32.12150678;
Iraq;1975;36.79254128;
Iraq;1976;46.22525213;
Iraq;1977;42.39942281;
Iraq;1978;46.67495074;
Iraq;1979;57.85764601;
Iraq;1980;52.00037819;
Iraq;1981;36.06826081;
Iraq;1982;38.28685578;
Iraq;1983;42.14515862;
Iraq;1984;47.48330547;
Iraq;1985;54.71891069;
Iraq;1986;61.41593804;
Iraq;1987;61.14492501;
Iraq;1988;65.81033007;
Iraq;1989;73.49263729;
Iraq;2023;192.9082428;
Iceland;1970;1.934935926;
Iceland;1971;2.033354511;
Iceland;1972;2.246690628;
Iceland;1973;2.583411372;
Iceland;1974;2.528626556;
Iceland;1975;2.373588923;
Iceland;1976;2.396021287;
Iceland;1977;2.465755674;
Iceland;1978;2.54086107;
Iceland;1979;2.627949919;
Iceland;1980;2.432692228;
Iceland;1981;2.340145288;
Iceland;1982;1.979754049;
Iceland;1983;2.02110541;
Iceland;1984;2.24591868;
Iceland;1985;2.135109705;
Iceland;1986;2.142219707;
Iceland;1987;2.180192685;
Iceland;1988;2.301142382;
Iceland;1989;2.30134791;
Iceland;2023;3.086232416;
Israel and Palestine, State of;1970;14.91491578;
Israel and Palestine, State of;1971;14.93214105;
Israel and Palestine, State of;1972;15.73627514;
Israel and Palestine, State of;1973;16.84692594;
Israel and Palestine, State of;1974;17.30254315;
Israel and Palestine, State of;1975;18.19613928;
Israel and Palestine, State of;1976;18.17304397;
Israel and Palestine, State of;1977;18.96415527;
Israel and Palestine, State of;1978;20.19203756;
Israel and Palestine, State of;1979;20.56510936;
Israel and Palestine, State of;1980;20.42460798;
Israel and Palestine, State of;1981;21.27002686;
Israel and Palestine, State of;1982;22.46775056;
Israel and Palestine, State of;1983;23.29353937;
Israel and Palestine, State of;1984;24.1394667;
Israel and Palestine, State of;1985;25.81053503;
Israel and Palestine, State of;1986;28.12076927;
Israel and Palestine, State of;1987;30.68441273;
Israel and Palestine, State of;1988;32.56111714;
Israel and Palestine, State of;1989;33.79218857;
Israel and Palestine, State of;1990;35.22340591;
Israel and Palestine, State of;1991;35.8734335;
Israel and Palestine, State of;1992;38.40965074;
Israel and Palestine, State of;1993;42.11813063;
Israel and Palestine, State of;1994;45.08482882;
Israel and Palestine, State of;1995;48.20468979;
Israel and Palestine, State of;1996;51.27488957;
Israel and Palestine, State of;1997;52.946882;
Israel and Palestine, State of;1998;53.51378183;
Israel and Palestine, State of;1999;54.95675505;
Israel and Palestine, State of;2000;59.30110682;
Israel and Palestine, State of;2001;59.26613693;
Israel and Palestine, State of;2002;62.52688167;
Israel and Palestine, State of;2003;64.28482342;
Israel and Palestine, State of;2004;64.10551588;
Israel and Palestine, State of;2005;61.97462909;
Israel and Palestine, State of;2006;65.14465009;
Israel and Palestine, State of;2007;67.53040523;
Israel and Palestine, State of;2008;67.88962361;
Israel and Palestine, State of;2009;67.11929163;
Israel and Palestine, State of;2010;72.03371081;
Israel and Palestine, State of;2011;71.21827395;
Israel and Palestine, State of;2012;77.66190218;
Israel and Palestine, State of;2013;68.35643158;
Israel and Palestine, State of;2014;66.01676758;
Israel and Palestine, State of;2015;68.0735109;
Israel and Palestine, State of;2016;67.66181663;
Israel and Palestine, State of;2017;67.92768835;
Israel and Palestine, State of;2018;63.57768593;
Israel and Palestine, State of;2019;65.45752042;
Israel and Palestine, State of;2020;61.52770361;
Israel and Palestine, State of;2021;61.09070765;
Israel and Palestine, State of;2022;62.85410388;
Israel and Palestine, State of;2023;61.25498856;
Italy, San Marino and the Holy See;1970;314.930743;
Italy, San Marino and the Holy See;1971;329.6017783;
Italy, San Marino and the Holy See;1972;347.7052909;
Italy, San Marino and the Holy See;1973;369.8678394;
Italy, San Marino and the Holy See;1974;372.3977757;
Italy, San Marino and the Holy See;1975;356.223596;
Italy, San Marino and the Holy See;1976;382.8951357;
Italy, San Marino and the Holy See;1977;371.9078584;
Italy, San Marino and the Holy See;1978;379.3009867;
Italy, San Marino and the Holy See;1979;395.252101;
Italy, San Marino and the Holy See;1980;398.0159064;
Italy, San Marino and the Holy See;1981;386.2295835;
Italy, San Marino and the Holy See;1982;378.0528184;
Italy, San Marino and the Holy See;1983;373.7159225;
Italy, San Marino and the Holy See;1984;379.1908187;
Italy, San Marino and the Holy See;1985;378.9265223;
Italy, San Marino and the Holy See;1986;380.7771551;
Italy, San Marino and the Holy See;1987;400.3348889;
Italy, San Marino and the Holy See;1988;405.0966836;
Italy, San Marino and the Holy See;1989;423.2296896;
Italy, San Marino and the Holy See;1990;426.4168562;
Italy, San Marino and the Holy See;1991;425.3421315;
Italy, San Marino and the Holy See;1992;423.4565782;
Italy, San Marino and the Holy See;1993;416.6943003;
Italy, San Marino and the Holy See;1994;411.1559812;
Italy, San Marino and the Holy See;1995;435.3015972;
Italy, San Marino and the Holy See;1996;430.2620812;
Italy, San Marino and the Holy See;1997;433.6943512;
Italy, San Marino and the Holy See;1998;442.9226727;
Italy, San Marino and the Holy See;1999;449.7456589;
Italy, San Marino and the Holy See;2000;454.7176582;
Sri Lanka;1990;4.23730464;15376.93
Italy, San Marino and the Holy See;2001;454.0742054;
Sri Lanka;1991;4.423768798;16053.76
Italy, San Marino and the Holy See;2002;461.3674809;
Sri Lanka;1992;5.510083085;16730.59
Italy, San Marino and the Holy See;2003;481.1552883;
Sri Lanka;1993;5.3942851;17324.45
Italy, San Marino and the Holy See;2004;492.650955;
Sri Lanka;1994;6.221210209;18514.36
Italy, San Marino and the Holy See;2005;493.4929816;
Sri Lanka;1995;6.241478686;18684.61
Italy, San Marino and the Holy See;2006;487.9313617;
Sri Lanka;1996;8.808796825;19205.88
Italy, San Marino and the Holy See;2007;480.7201486;
Sri Lanka;1997;8.786047499;19369.66
Italy, San Marino and the Holy See;2008;465.3969487;
Sri Lanka;1998;9.073034068;18916.63
Italy, San Marino and the Holy See;2009;414.2127033;
Sri Lanka;1999;10.02614032;19753.31
Italy, San Marino and the Holy See;2010;424.040278;
Sri Lanka;2000;11.46484039;21345.9
Italy, San Marino and the Holy See;2011;414.907024;
Sri Lanka;2001;11.37228868;20734.9
Italy, San Marino and the Holy See;2012;394.857325;
Sri Lanka;2002;11.89685778;21365.47
Italy, San Marino and the Holy See;2013;362.0993952;
Sri Lanka;2003;12.85727376;22130.92
Italy, San Marino and the Holy See;2014;343.3523451;
Sri Lanka;2004;13.27683157;23285.93
Italy, San Marino and the Holy See;2015;354.0205147;
Sri Lanka;2005;14.42814151;24236.27
Italy, San Marino and the Holy See;2016;349.4470707;
Sri Lanka;2006;13.19247947;25767.19
Italy, San Marino and the Holy See;2017;345.9340111;
Sri Lanka;2007;14.12244958;26491.6
Italy, San Marino and the Holy See;2018;340.6089043;
Sri Lanka;2008;13.3031689;29477.63
Italy, San Marino and the Holy See;2019;332.487739;
Sri Lanka;2009;12.77588625;29532.54
Italy, San Marino and the Holy See;2020;295.8747476;
Sri Lanka;2010;13.51680659;31138.89
Italy, San Marino and the Holy See;2021;334.276606;
Sri Lanka;2011;15.90654705;35506.69
Italy, San Marino and the Holy See;2022;332.7657623;
Sri Lanka;2012;17.892888;36882.17
Italy, San Marino and the Holy See;2023;305.4901807;
Sri Lanka;2013;14.83562401;35643.6
Jamaica;1970;8.049851542;
Sri Lanka;2014;17.87912237;37938.07
Jamaica;1971;8.037462043;
Sri Lanka;2015;19.70826439;40533.14
Jamaica;1972;8.005982139;
Sri Lanka;2016;23.48387597;53014.49
Jamaica;1973;8.547597025;
Sri Lanka;2017;23.40786432;51530.04
Jamaica;1974;8.85031395;
Sri Lanka;2018;21.97989292;51998.35
Jamaica;1975;7.440716357;
Sri Lanka;2019;23.97140063;54214.2
Jamaica;1976;6.612407796;
Sri Lanka;2020;22.15938699;53025.39
Jamaica;1977;7.236735765;
Sri Lanka;2021;22.72308512;52851.65
Jamaica;1978;7.405800959;
Sri Lanka;2022;19.98018203;52344.35
Jamaica;1979;7.131920514;
Jamaica;1980;6.877307525;
Jamaica;1981;6.802848138;
Jamaica;1982;5.799063634;
Jamaica;1983;5.868933613;
Jamaica;1984;5.471842827;
Jamaica;1985;4.87285828;
Jamaica;1986;4.655557964;
Jamaica;1987;4.816384293;
Jamaica;1988;5.056369694;
Jamaica;1989;6.470138732;
Jamaica;2023;6.864732681;
Jordan;1970;2.740468066;
Jordan;1971;2.761106893;
Jordan;1972;2.315361155;
Jordan;1973;2.613627862;
Jordan;1974;2.841097546;
Jordan;1975;3.150991282;
Jordan;1976;3.771093097;
Jordan;1977;3.904191107;
Jordan;1978;4.733452104;
Jordan;1979;5.048025926;
Jordan;1980;6.419434879;
Jordan;1981;7.409142557;
Jordan;1982;7.839812501;
Jordan;1983;9.055426947;
Jordan;1984;9.918339023;
Jordan;1985;10.14177532;
Jordan;1986;10.77527463;
Jordan;1987;12.02500501;
Jordan;1988;11.58727186;
Jordan;1989;9.510508472;
Jordan;2023;23.57898146;
Japan;1970;848.7515695;
Japan;1971;846.4520909;
Japan;1972;893.0015699;
Japan;1973;1006.624484;
Japan;1974;1003.188156;
Japan;1975;948.6801429;
Japan;1976;980.7331501;
Japan;1977;1005.778875;
Japan;1978;1006.374062;
Japan;1979;1030.144046;
Japan;1980;1003.143378;
Japan;1981;981.5855389;
Japan;1982;939.7607266;
Japan;1983;943.2447069;
Japan;1984;1011.048755;
Japan;1985;983.4576311;
Japan;1986;980.4800308;
Japan;1987;987.784011;
Japan;1988;1060.66808;
Japan;1989;1090.494256;
Japan;2023;944.7586103;
Kazakhstan;1970;185.0483524;
Kazakhstan;1971;184.7902029;
Kazakhstan;1972;196.7203394;
Kazakhstan;1973;210.1773796;
Kazakhstan;1974;218.3223022;
Kazakhstan;1975;227.9043425;
Kazakhstan;1976;233.9973695;
Kazakhstan;1977;237.5530424;
Kazakhstan;1978;250.3337291;
Kazakhstan;1979;255.0040917;
Kazakhstan;1980;263.8378019;
Kazakhstan;1981;249.834517;
Kazakhstan;1982;239.5357247;
Kazakhstan;1983;235.0245414;
Kazakhstan;1984;227.5385706;
Kazakhstan;1985;220.7291754;
Kazakhstan;1986;221.3695835;
Kazakhstan;1987;236.0521559;
Kazakhstan;1988;244.1273803;
Kazakhstan;1989;241.1786995;
Kazakhstan;2023;239.8671134;
Kenya;1970;3.748038459;
Kenya;1971;3.747825075;
Kenya;1972;3.913243432;
Kenya;1973;4.053505337;
Kenya;1974;4.092583852;
Kenya;1975;4.029114022;
Kenya;1976;4.586078271;
Kenya;1977;4.904878759;
Kenya;1978;4.90707002;
Kenya;1979;4.846126711;
Kenya;1980;5.19739688;
Kenya;1981;5.166127948;
Kenya;1982;4.839402981;
Kenya;1983;4.520189618;
Kenya;1984;5.235793257;
Kenya;1985;5.382639882;
Kenya;1986;6.011908448;
Kenya;1987;6.253976954;
Kenya;1988;6.220805556;
Kenya;1989;6.56571439;
Kenya;2023;21.7336726;
Kyrgyzstan;1970;15.45257372;
Kyrgyzstan;1971;15.47338493;
Kyrgyzstan;1972;16.43118633;
Kyrgyzstan;1973;17.30331091;
Kyrgyzstan;1974;18.07298573;
Kyrgyzstan;1975;19.138377;
Kyrgyzstan;1976;19.81997227;
Kyrgyzstan;1977;20.34687443;
Kyrgyzstan;1978;21.313618;
Kyrgyzstan;1979;21.84485971;
Kyrgyzstan;1980;22.96469688;
Kyrgyzstan;1981;22.0344843;
Kyrgyzstan;1982;20.88494949;
Kyrgyzstan;1983;19.7800971;
Kyrgyzstan;1984;18.81911877;
Kyrgyzstan;1985;18.27025821;
Kyrgyzstan;1986;18.17674524;
Kyrgyzstan;1987;19.86651653;
Kyrgyzstan;1988;20.56649534;
Kyrgyzstan;1989;20.62605686;
Kyrgyzstan;2023;10.46398685;
Cambodia;1970;0.213194316;
Cambodia;1971;0.216117778;
Cambodia;1972;0.232398976;
Cambodia;1973;0.283366833;
Cambodia;1974;0.321418518;
Cambodia;1975;0.271988151;
Cambodia;1976;0.26842724;
Cambodia;1977;0.280921683;
Cambodia;1978;0.258948902;
Cambodia;1979;0.271635796;
Cambodia;1980;0.291454173;
Cambodia;1981;0.303296961;
Cambodia;1982;0.327918302;
Cambodia;1983;0.367242827;
Cambodia;1984;0.367886104;
Cambodia;1985;0.406047648;
Cambodia;1986;0.353707431;
Cambodia;1987;0.400881136;
Cambodia;1988;0.43226267;
Cambodia;1989;0.417653434;
Cambodia;2023;17.97008245;
Kiribati;1970;0.018840485;
Kiribati;1971;0.018842482;
Kiribati;1972;0.020089357;
Kiribati;1973;0.024161808;
Kiribati;1974;0.029646087;
Kiribati;1975;0.024492627;
Kiribati;1976;0.024132914;
Kiribati;1977;0.025480615;
Kiribati;1978;0.025286439;
Kiribati;1979;0.027170666;
Kiribati;1980;0.02925596;
Kiribati;1981;0.028955529;
Kiribati;1982;0.028524784;
Kiribati;1983;0.028206548;
Kiribati;1984;0.012664273;
Kiribati;1985;0.013999876;
Kiribati;1986;0.012525773;
Kiribati;1987;0.016733887;
Kiribati;1988;0.01687222;
Kiribati;1989;0.016261157;
Kiribati;1990;0.016828693;
Kiribati;1991;0.017635267;
Kiribati;1992;0.01916507;
Kiribati;1993;0.019427331;
Kiribati;1994;0.019966373;
Kiribati;1995;0.018131102;
Kiribati;1996;0.018330338;
Kiribati;1997;0.018888016;
Kiribati;1998;0.019436182;
Kiribati;1999;0.019433672;
Kiribati;2000;0.03286088;
Kiribati;2001;0.029546009;
Kiribati;2002;0.043730337;
Kiribati;2003;0.04473165;
Kiribati;2004;0.046426728;
Kiribati;2005;0.061616336;
Kiribati;2006;0.066165182;
Kiribati;2007;0.061624406;
Kiribati;2008;0.068624387;
Kiribati;2009;0.05804246;
Kiribati;2010;0.061062832;
Kiribati;2011;0.056981552;
Kiribati;2012;0.055822023;
Kiribati;2013;0.060098163;
Kiribati;2014;0.060651368;
Kiribati;2015;0.062297585;
Kiribati;2016;0.067824012;
Kiribati;2017;0.078871894;
Kiribati;2018;0.080625235;
Kiribati;2019;0.083770747;
Kiribati;2020;0.0851244;
Kiribati;2021;0.089257869;
Kiribati;2022;0.094215263;
Kiribati;2023;0.097443556;
Saint Kitts and Nevis;1970;0.014695545;
Saint Kitts and Nevis;1971;0.014681938;
Saint Kitts and Nevis;1972;0.017867611;
Saint Kitts and Nevis;1973;0.018025402;
Saint Kitts and Nevis;1974;0.016066214;
Saint Kitts and Nevis;1975;0.019438428;
Saint Kitts and Nevis;1976;0.017627344;
Saint Kitts and Nevis;1977;0.019455187;
Saint Kitts and Nevis;1978;0.019457628;
Saint Kitts and Nevis;1979;0.019242811;
Saint Kitts and Nevis;1980;0.019022682;
Saint Kitts and Nevis;1981;0.018662206;
Saint Kitts and Nevis;1982;0.01744793;
Saint Kitts and Nevis;1983;0.017098436;
Saint Kitts and Nevis;1984;0.019005253;
Saint Kitts and Nevis;1985;0.01906968;
Saint Kitts and Nevis;1986;0.016996847;
Saint Kitts and Nevis;1987;0.018053964;
Saint Kitts and Nevis;1988;0.020671697;
Saint Kitts and Nevis;1989;0.021194854;
Saint Kitts and Nevis;1990;0.020695988;
Saint Kitts and Nevis;1991;0.027664156;
Saint Kitts and Nevis;1992;0.027844657;
Saint Kitts and Nevis;1993;0.033573818;
Saint Kitts and Nevis;1994;0.039880666;
Saint Kitts and Nevis;1995;0.033617869;
Saint Kitts and Nevis;1996;0.038883756;
Saint Kitts and Nevis;1997;0.039918906999999997;
Saint Kitts and Nevis;1998;0.040868475;
Saint Kitts and Nevis;1999;0.041402953;
Saint Kitts and Nevis;2000;0.049516178;
Saint Kitts and Nevis;2001;0.050456802;
Saint Kitts and Nevis;2002;0.057522874;
Saint Kitts and Nevis;2003;0.059941885;
Saint Kitts and Nevis;2004;0.06516012;
Saint Kitts and Nevis;2005;0.060658865;
Saint Kitts and Nevis;2006;0.069144682;
Saint Kitts and Nevis;2007;0.076398958;
Saint Kitts and Nevis;2008;0.080344079;
Saint Kitts and Nevis;2009;0.090413695;
Saint Kitts and Nevis;2010;0.098644204;
Saint Kitts and Nevis;2011;0.077674317;
Saint Kitts and Nevis;2012;0.079721206;
Saint Kitts and Nevis;2013;0.090898224;
Saint Kitts and Nevis;2014;0.097186264;
Saint Kitts and Nevis;2015;0.101756948;
Saint Kitts and Nevis;2016;0.111405222;
Saint Kitts and Nevis;2017;0.103861083;
Saint Kitts and Nevis;2018;0.108746449;
Saint Kitts and Nevis;2019;0.124932329;
Saint Kitts and Nevis;2020;0.10142842;
Saint Kitts and Nevis;2021;0.112201195;
Saint Kitts and Nevis;2022;0.112661137;
Saint Kitts and Nevis;2023;0.118782358;
South Korea;1970;62.02201987;
South Korea;1971;62.68103598;
South Korea;1972;64.5678898;
South Korea;1973;79.57986281;
South Korea;1974;83.69975728;
South Korea;1975;90.77213653;
South Korea;1976;101.4655017;
South Korea;1977;115.5534895;
South Korea;1978;122.194346;
South Korea;1979;138.9696024;
South Korea;1980;141.426114;
South Korea;1981;147.3654002;
South Korea;1982;147.2232379;
South Korea;1983;160.3249528;
South Korea;1984;180.4627763;
South Korea;1985;188.9029017;
South Korea;1986;196.7499195;
South Korea;1987;202.5340019;
South Korea;1988;228.6543468;
South Korea;1989;240.7456394;
South Korea;2023;573.5356594;
Kuwait;1970;38.6332808;
Kuwait;1971;40.99539107;
Kuwait;1972;41.6429491;
Kuwait;1973;37.27415014;
Kuwait;1974;30.34985696;
Kuwait;1975;25.96475312;
Kuwait;1976;26.59154867;
Kuwait;1977;26.20181586;
Kuwait;1978;30.21152718;
Kuwait;1979;34.69551781;
Kuwait;1980;32.47137413;
Kuwait;1981;30.73985358;
Kuwait;1982;32.83541018;
Kuwait;1983;35.44492518;
Kuwait;1984;36.11893268;
Kuwait;1985;40.83733341;
Kuwait;1986;43.94226649;
Kuwait;1987;47.20807224;
Kuwait;1988;56.73061021;
Kuwait;1989;66.27026889;
Kuwait;2023;111.633539;
Laos;1970;0.28831477;
Laos;1971;0.288553103;
Laos;1972;0.307455231;
Laos;1973;0.368757819;
Laos;1974;0.451225283;
Laos;1975;0.374091095;
Laos;1976;0.368837602;
Laos;1977;0.389171539;
Laos;1978;0.386341109;
Laos;1979;0.414749321;
Laos;1980;0.446228625;
Laos;1981;0.182518798;
Laos;1982;0.165999357;
Laos;1983;0.178571199;
Laos;1984;0.148264177;
Laos;1985;0.177099118;
Laos;1986;0.190655552;
Laos;1987;0.215967793;
Laos;1988;0.218105933;
Laos;1989;0.237310441;
Laos;2023;26.02083544;
Lebanon;1970;5.430333527;
Lebanon;1971;5.502765437;
Lebanon;1972;6.011555289;
Lebanon;1973;7.411696293;
Lebanon;1974;7.530891741;
Lebanon;1975;6.70961109;
Lebanon;1976;6.300213259;
Lebanon;1977;5.475698137;
Lebanon;1978;6.626373915;
Lebanon;1979;7.449230367;
Lebanon;1980;7.53328104;
Lebanon;1981;7.623071092;
Lebanon;1982;5.614143737;
Lebanon;1983;5.989016848;
Lebanon;1984;6.119620426;
Lebanon;1985;7.12239228;
Lebanon;1986;7.520552292;
Lebanon;1987;7.690510237;
Lebanon;1988;5.932063544;
Lebanon;1989;5.973160531;
Lebanon;2023;17.33205484;
Liberia;1970;0.97159733;
Liberia;1971;0.966026815;
Liberia;1972;0.967959021;
Liberia;1973;0.998976812;
Liberia;1974;1.073434799;
Liberia;1975;1.115625775;
Liberia;1976;1.161577599;
Liberia;1977;1.200272291;
Liberia;1978;1.231604202;
Liberia;1979;1.437139852;
Liberia;1980;1.375810641;
Liberia;1981;1.217456154;
Liberia;1982;1.116980412;
Liberia;1983;1.230490174;
Liberia;1984;1.092629018;
Liberia;1985;1.096573988;
Liberia;1986;0.853053606;
Liberia;1987;0.892927813;
Liberia;1988;1.072840851;
Liberia;1989;0.800001898;
Liberia;2023;1.636886782;
Libya;1970;39.56180622;
Libya;1971;27.65048828;
Libya;1972;20.71004092;
Libya;1973;19.37659645;
Libya;1974;12.99417678;
Libya;1975;16.23939444;
Libya;1976;20.919627469999998;
Libya;1977;22.6080394;
Libya;1978;24.28668137;
Libya;1979;27.13004776;
Libya;1980;28.06101333;
Libya;1981;25.07495377;
Libya;1982;28.13151706;
Libya;1983;26.54718183;
Libya;1984;27.02028114;
Libya;1985;25.19674793;
Libya;1986;28.62234826;
Libya;1987;28.04596417;
Libya;1988;29.49902593;
Libya;1989;28.7825406;
Libya;2023;61.25859526;
Saint Lucia;1970;0.029495899;
Saint Lucia;1971;0.029477462;
Saint Lucia;1972;0.035853949;
Saint Lucia;1973;0.036173346;
Saint Lucia;1974;0.03226006;
Saint Lucia;1975;0.039009406;
Saint Lucia;1976;0.035395443;
Saint Lucia;1977;0.039059558;
Saint Lucia;1978;0.039074555;
Saint Lucia;1979;0.0386549;
Saint Lucia;1980;0.038222945;
Saint Lucia;1981;0.028257575;
Saint Lucia;1982;0.035091908;
Saint Lucia;1983;0.030164438;
Saint Lucia;1984;0.033510972;
Saint Lucia;1985;0.043093041;
Saint Lucia;1986;0.044968783;
Saint Lucia;1987;0.05178441;
Saint Lucia;1988;0.070661879;
Saint Lucia;1989;0.072450979;
Saint Lucia;1990;0.070758507;
Saint Lucia;1991;0.071070188;
Saint Lucia;1992;0.071551078;
Saint Lucia;1993;0.069771429;
Saint Lucia;1994;0.084236847;
Saint Lucia;1995;0.082800656;
Saint Lucia;1996;0.082122458;
Saint Lucia;1997;0.084333677;
Saint Lucia;1998;0.086337426;
Saint Lucia;1999;0.087466993;
Saint Lucia;2000;0.096479607;
Saint Lucia;2001;0.10335544;
Saint Lucia;2002;0.097225706;
Saint Lucia;2003;0.113187174;
Saint Lucia;2004;0.109606421;
Saint Lucia;2005;0.115137448;
Saint Lucia;2006;0.127782335;
Saint Lucia;2007;0.138203309;
Saint Lucia;2008;0.149364681;
Saint Lucia;2009;0.161043511;
Saint Lucia;2010;0.18203448;
Saint Lucia;2011;0.140920038;
Saint Lucia;2012;0.145648996;
Saint Lucia;2013;0.166472536;
Saint Lucia;2014;0.177514399;
Saint Lucia;2015;0.182115032;
Saint Lucia;2016;0.196071013;
Saint Lucia;2017;0.196020603;
Saint Lucia;2018;0.187128568;
Saint Lucia;2019;0.311995704;
Saint Lucia;2020;0.253176068;
Saint Lucia;2021;0.280049266;
Saint Lucia;2022;0.281241996;
Saint Lucia;2023;0.296559408;
Sri Lanka;1970;3.11976301;
Sri Lanka;1971;3.149968505;
Sri Lanka;1972;3.782097314;
Sri Lanka;1973;3.944844179;
Sri Lanka;1974;3.396496637;
Sri Lanka;1975;2.986060071;
Sri Lanka;1976;3.0530967;
Sri Lanka;1977;3.295045277;
Sri Lanka;1978;3.892482916;
Sri Lanka;1979;4.209179306;
Sri Lanka;1980;4.206840195;
Sri Lanka;1981;4.335137308;
Sri Lanka;1982;4.935340582;
Sri Lanka;1983;5.037816422;
Sri Lanka;1984;4.417899939;
Sri Lanka;1985;4.018762401;
Sri Lanka;1986;3.976062266;
Sri Lanka;1987;4.559293533;
Sri Lanka;1988;4.389251607;
Sri Lanka;1989;4.174697033;
Sri Lanka;2023;20.51799691;
Lesotho;1970;0.07362941;
Lesotho;1971;0.073680583;
Lesotho;1972;0.073367994;
Lesotho;1973;0.075901223;
Lesotho;1974;0.081814048;
Lesotho;1975;0.084950755;
Lesotho;1976;0.088039495;
Lesotho;1977;0.091141584;
Lesotho;1978;0.092640215;
Lesotho;1979;0.10665867;
Lesotho;1980;0.104799357;
Lesotho;1981;0.100480492;
Lesotho;1982;0.093501574;
Lesotho;1983;0.102223261;
Lesotho;1984;0.098842806;
Lesotho;1985;0.108073258;
Lesotho;1986;0.117481184;
Lesotho;1987;0.164671284;
Lesotho;1988;0.104948349;
Lesotho;1989;0.139807402;
Lesotho;2023;0.878312664;
Lithuania;1970;19.9276885;
Lithuania;1971;19.99298655;
Lithuania;1972;21.30605094;
Lithuania;1973;22.89474006;
Lithuania;1974;24.48887408;
Lithuania;1975;26.10640453;
Lithuania;1976;27.26138589;
Lithuania;1977;28.22743399;
Lithuania;1978;29.3338879;
Lithuania;1979;30.32137308;
Lithuania;1980;31.58413641;
Lithuania;1981;31.91051179;
Lithuania;1982;32.02303542;
Lithuania;1983;32.18536517;
Lithuania;1984;32.77450572;
Lithuania;1985;32.74111242;
Lithuania;1986;33.26935593;
Lithuania;1987;33.61542515;
Lithuania;1988;33.59662167;
Lithuania;1989;33.11760014;
Lithuania;2023;13.11462075;
Luxembourg;1970;19.68012287;
Luxembourg;1971;18.28216999;
Luxembourg;1972;17.91192771;
Luxembourg;1973;19.34483532;
Luxembourg;1974;17.80867142;
Luxembourg;1975;14.08984836;
Luxembourg;1976;15.02287329;
Luxembourg;1977;14.28797126;
Luxembourg;1978;15.47269862;
Luxembourg;1979;14.6539404;
Luxembourg;1980;13.67211468;
Luxembourg;1981;11.68259378;
Luxembourg;1982;10.92426395;
Luxembourg;1983;10.15055524;
Luxembourg;1984;11.19341661;
Luxembourg;1985;11.31610147;
Luxembourg;1986;11.04763927;
Luxembourg;1987;10.44516415;
Luxembourg;1988;10.91593018;
Luxembourg;1989;11.71582081;
Luxembourg;1990;11.97842336;14865.51
Luxembourg;1991;12.45892142;15232.31
Luxembourg;1992;12.17267481;15599.1
Luxembourg;1993;12.39517428;15864.84
Luxembourg;1994;11.47205807;15697.22
Luxembourg;1995;9.078333318;14496.88
Luxembourg;1996;9.147783371;15255.59
Luxembourg;1997;8.548370649;14909.31
Luxembourg;1998;7.806186414;15104.44
Luxembourg;1999;8.166054567;15766.82
Luxembourg;2000;8.800669796;16862.54
Luxembourg;2001;9.334101963;16903.72
Luxembourg;2002;10.03214627;17510.92
Luxembourg;2003;10.45413724;18593.41
Luxembourg;2004;11.88017014;20415.23
Luxembourg;2005;12.11413656;20464.59
Luxembourg;2006;11.94199125;20788.92
Luxembourg;2007;11.34154879;21179.33
Luxembourg;2008;11.21247012;22164.61
Luxembourg;2009;10.60970592;21023.17
Luxembourg;2010;11.2132608;22134.43
Luxembourg;2011;11.08992965;23506.62
Luxembourg;2012;10.86762801;22463.43
Luxembourg;2013;10.32339113;22750.85
Luxembourg;2014;9.819789286;20931.17
Luxembourg;2015;9.309285336;20705.58
Luxembourg;2016;9.041289163;9286.343
Luxembourg;2017;9.188186738;9539.34
Luxembourg;2018;9.468765026;10052.63
Luxembourg;2019;9.618586772;9588.135
Luxembourg;2020;7.945875815;9039.327
Luxembourg;2021;8.325164121;9032.367
Luxembourg;2022;7.262959989;8842.451
Luxembourg;2023;7.007462613;
Latvia;1970;11.33969401;
Latvia;1971;11.35442042;
Latvia;1972;12.07861675;
Latvia;1973;13.03108294;
Latvia;1974;13.94350498;
Latvia;1975;14.92323184;
Latvia;1976;15.5467959;
Latvia;1977;16.0298183;
Latvia;1978;16.67706492;
Latvia;1979;17.1879913;
Latvia;1980;17.85333118;
Latvia;1981;18.05884913;
Latvia;1982;18.43827178;
Latvia;1983;18.65881393;
Latvia;1984;18.7293584;
Latvia;1985;18.77099543;
Latvia;1986;19.12403328;
Latvia;1987;19.37589711;
Latvia;1988;19.33391466;
Latvia;1989;18.98488787;
Latvia;1990;19.61832851;33797.19
Latvia;1991;17.99040944;23823.51
Latvia;1992;14.30431452;13849.83
Latvia;1993;12.05011516;13441.77
Latvia;1994;10.48642857;13464.91
Latvia;1995;9.234577953;12893.67
Latvia;1996;9.249788087;14009.45
Latvia;1997;8.813848426;13469.42
Latvia;1998;8.416757992;13790.83
Latvia;1999;7.865499149;13251.75
Latvia;2000;7.22976775;12471.69
Latvia;2001;7.667162947;13341.32
Latvia;2002;7.664435236;13530.31
Latvia;2003;7.914267894;14107.55
Latvia;2004;7.956767958;14628.39
Latvia;2005;8.028875731;14998.32
Latvia;2006;8.538080601;17060.68
Latvia;2007;8.91211127;18978.76
Latvia;2008;8.477226962;18473.86
Latvia;2009;7.750738498;15911.48
Latvia;2010;8.878573171;16787.42
Latvia;2011;8.231763325;16775.49
Latvia;2012;8.025566367;16507.74
Latvia;2013;7.777483708;16452.06
Latvia;2014;7.571765161;15589.16
Latvia;2015;7.646089254;15768.92
Latvia;2016;7.478487075;16113.31
Latvia;2017;7.43029479;16226.49
Latvia;2018;8.105916546;17911.32
Latvia;2019;7.854371449;17163.81
Latvia;2020;7.22279337;16930.5
Latvia;2021;7.427127754;16979.05
Latvia;2022;6.657923881;16481.73
Latvia;2023;6.551100159;
Macao;1970;0.303763625;
Macao;1971;0.303771743;
Macao;1972;0.323700184;
Macao;1973;0.38882081;
Macao;1974;0.476532087;
Macao;1975;0.394042727;
Macao;1976;0.388250852;
Macao;1977;0.409775099;
Macao;1978;0.406629766;
Macao;1979;0.436743632;
Macao;1980;0.470082812;
Macao;1981;0.450836162;
Macao;1982;0.472533078;
Macao;1983;0.649722587;
Macao;1984;0.630386427;
Macao;1985;0.572331;
Macao;1986;0.710116723;
Macao;1987;0.876081071;
Macao;1988;0.855629463;
Macao;1989;0.877265011;
Macao;1990;0.950628943;
Macao;1991;0.969335637;
Macao;1992;1.098480632;
Macao;1993;1.223249554;
Macao;1994;1.338050504;
Macao;1995;1.214431219;
Macao;1996;1.409717095;
Macao;1997;1.497485371;
Macao;1998;1.650466044;
Macao;1999;1.743604982;
Macao;2000;1.47806303;
Macao;2001;1.58082578;
Macao;2002;1.733857799;
Macao;2003;1.755678594;
Macao;2004;2.034165628;
Macao;2005;2.046906102;
Macao;2006;2.03380237;
Macao;2007;1.927274864;
Macao;2008;1.597365615;
Macao;2009;1.693588417;
Macao;2010;1.72010736;
Macao;2011;1.688796246;
Macao;2012;1.742869136;
Macao;2013;1.815070983;
Macao;2014;2.088960231;
Macao;2015;2.758795283;
Macao;2016;2.625711657;
Macao;2017;3.192458592;
Macao;2018;2.505521751;
Macao;2019;2.705993066;
Macao;2020;2.870467446;
Macao;2021;2.803733988;
Macao;2022;2.92034245;
Macao;2023;3.012355265;
Morocco;1970;6.9303918;
Morocco;1971;6.953976672;
Morocco;1972;7.759484064;
Morocco;1973;9.154005339;
Morocco;1974;10.11059394;
Morocco;1975;10.84667213;
Morocco;1976;11.90336;
Morocco;1977;13.12921002;
Morocco;1978;14.03499977;
Morocco;1979;15.21919777;
Morocco;1980;15.67979869;
Morocco;1981;15.77894912;
Morocco;1982;16.50224954;
Morocco;1983;17.35339352;
Morocco;1984;17.52455912;
Morocco;1985;18.25172327;
Morocco;1986;18.7454523;
Morocco;1987;19.20056861;
Morocco;1988;20.23618628;
Morocco;1989;21.86351252;
Morocco;1990;22.45262827;38617.9
Morocco;1991;23.53674284;38064.86
Morocco;1992;25.21539905;37511.83
Morocco;1993;25.97132876;37446.24
Morocco;1994;28.11845935;39861.33
Morocco;1995;29.26207078;41438.56
Morocco;1996;28.91128677;43504.12
Morocco;1997;30.45259894;43881.73
Morocco;1998;31.19501336;44931.05
Morocco;1999;32.84040287;46348.72
Morocco;2000;33.55654904;47447.09
Morocco;2001;36.98135739;48393.42
Morocco;2002;38.26136505;50303.1
Morocco;2003;38.08921333;52892.97
Morocco;2004;42.81238595;54845.02
Morocco;2005;44.6439674;56192.34
Morocco;2006;45.36701153;57428.78
Morocco;2007;46.00484497;59884.63
Morocco;2008;49.45653459;62819.08
Morocco;2009;48.94006304;67255.83
Morocco;2010;52.02670521;67900.33
Morocco;2011;56.26344765;74908.27
Morocco;2012;58.53462724;77509.72
Morocco;2013;58.47729267;78185.05
Morocco;2014;59.44753774;78061.83
Morocco;2015;61.13085027;80407.88
Morocco;2016;60.99598176;79208.71
Morocco;2017;63.84656189;80847.91
Morocco;2018;65.18269449;83628.37
Morocco;2019;71.85391255;85351.13
Morocco;2020;67.56637671;81570.03
Morocco;2021;73.12642795;84905.18
Morocco;2022;70.29693575;84545.53
Morocco;2023;69.858022;
Moldova;1970;19.29010015;
Moldova;1971;19.30706947;
Moldova;1972;20.42317167;
Moldova;1973;21.75391257;
Moldova;1974;22.97068312;
Moldova;1975;24.64683763;
Moldova;1976;25.47737926;
Moldova;1977;26.06760029;
Moldova;1978;27.0573822;
Moldova;1979;27.71749843;
Moldova;1980;28.83634344;
Moldova;1981;28.77430074;
Moldova;1982;29.09027875;
Moldova;1983;29.31477694;
Moldova;1984;29.55915605;
Moldova;1985;29.77054971;
Moldova;1986;30.60185766;
Moldova;1987;31.32911292;
Moldova;1988;31.53981085;
Moldova;1989;31.36235538;
Moldova;1990;31.81740175;574.2026
Moldova;1991;25.6522827;437.3161
Moldova;1992;20.40735363;300.4296
Moldova;1993;17.36268006;269.1967
Moldova;1994;14.08267466;243.1977
Moldova;1995;12.25938292;223.3306
Moldova;1996;10.56023129;255.079
Moldova;1997;9.630555061;236.8388
Moldova;1998;8.785499115;207.7606
Moldova;1999;7.449588575;143.4392
Moldova;2000;6.892462473;163.1381
Moldova;2001;7.17856405;178.4674
Moldova;2002;7.306434323;190.9271
Moldova;2003;7.867824207;226.3002
Moldova;2004;7.888494538;359.3727
Moldova;2005;8.328449614;448.1194
Moldova;2006;8.109258931;699.3693
Moldova;2007;8.022752287;1171.199
Moldova;2008;7.924331378;2109.406
Moldova;2009;7.805446782;2672.896
Moldova;2010;8.50214109;2762.078
Moldova;2011;8.532076675;3412.567
Moldova;2012;8.350281374;3564.994
Moldova;2013;7.491488127;4745.659
Moldova;2014;8.038137338;778.5929
Moldova;2015;8.296225455;979.6807
Moldova;2016;8.420070536;3564.51
Moldova;2017;8.302404254;4475.024
Moldova;2018;8.858759467;8754.593
Moldova;2019;9.106355141;4449.852
Moldova;2020;8.844809485;4044.612
Moldova;2021;9.647008364;4370.925
Moldova;2022;9.457079309;4721.352
Moldova;2023;9.928220045;
Madagascar;1970;0.768412938;
Madagascar;1971;0.769503872;
Madagascar;1972;0.788348318;
Madagascar;1973;0.729445733;
Madagascar;1974;0.720096564;
Madagascar;1975;0.800351341;
Madagascar;1976;0.744899716;
Madagascar;1977;0.7677506;
Madagascar;1978;0.837236545;
Madagascar;1979;0.903160004;
Madagascar;1980;0.997272449;
Madagascar;1981;0.800922511;
Madagascar;1982;0.740356777;
Madagascar;1983;0.670224337;
Madagascar;1984;0.863310655;
Madagascar;1985;0.788518507;
Madagascar;1986;0.745137339;
Madagascar;1987;0.808563832;
Madagascar;1988;0.746808011;
Madagascar;1989;0.775280722;
Madagascar;1990;0.907763854;21143.34
Madagascar;1991;0.970469361;20990.07
Madagascar;1992;0.982982053;20836.81
Madagascar;1993;1.019038262;21241.86
Madagascar;1994;1.255254344;20509.27
Madagascar;1995;1.414631942;21448.6
Madagascar;1996;1.358861124;23594.29
Madagascar;1997;1.490939761;24230.62
Madagascar;1998;1.664383861;24754.44
Madagascar;1999;1.707505273;24750.2
Madagascar;2000;1.694064519;23001.71
Madagascar;2001;1.710310659;22641.44
Madagascar;2002;1.165996289;22505.82
Madagascar;2003;1.549420761;23532.6
Madagascar;2004;1.675866805;20992.73
Madagascar;2005;1.788016819;23177.59
Madagascar;2006;1.714324423;25062.82
Madagascar;2007;1.803257634;26831.08
Madagascar;2008;1.86986677;27801.67
Madagascar;2009;1.775757949;28928.22
Madagascar;2010;1.968099453;28715.09
Madagascar;2011;2.29408641;28949.08
Madagascar;2012;2.850267931;29972.16
Madagascar;2013;3.049045428;30005.23
Madagascar;2014;3.133198236;30160.5
Madagascar;2015;3.417888424;30936.45
Madagascar;2016;3.250748328;33151.03
Madagascar;2017;3.552069874;32444.06
Madagascar;2018;3.376529958;31004.76
Madagascar;2019;4.000297967;31865.13
Madagascar;2020;3.108309955;31689.36
Madagascar;2021;4.08211803;31280.93
Madagascar;2022;3.989893768;31880.92
Madagascar;2023;4.099124436;
Maldives;1970;0.009856832;
Maldives;1971;0.009894701;
Maldives;1972;0.010555857;
Maldives;1973;0.012633578;
Maldives;1974;0.015419017;
Maldives;1975;0.012887167;
Maldives;1976;0.012752028;
Maldives;1977;0.013470588;
Maldives;1978;0.013420031;
Maldives;1979;0.014410897;
Maldives;1980;0.015507964;
Maldives;1981;0.015406709;
Maldives;1982;0.01524592;
Maldives;1983;0.015143621;
Maldives;1984;0.051268038;
Maldives;1985;0.056660114;
Maldives;1986;0.056736021;
Maldives;1987;0.064477434;
Maldives;1988;0.078784707;
Maldives;1989;0.07596742;
Maldives;1990;0.095217567;386.0467
Maldives;1991;0.098756049;406.8122
Maldives;1992;0.10842555;427.5776
Maldives;1993;0.128148959;424.5865
Maldives;1994;0.275417161;473.0706
Maldives;1995;0.338680802;536.3151
Maldives;1996;0.344865853;585.5405
Maldives;1997;0.307111292;693.5092
Maldives;1998;0.347687503;661.1442
Maldives;1999;0.347620146;795.3198
Maldives;2000;0.635826286;780.1434
Maldives;2001;0.562208861;839.536
Maldives;2002;0.681039904;906.5892
Maldives;2003;0.57743877;878.2539
Maldives;2004;0.738813167;1132.463
Maldives;2005;0.684662051;1189.767
Maldives;2006;0.836382999;1688.109
Maldives;2007;0.877814708;1772.552
Maldives;2008;0.955809115;1962.992
Maldives;2009;0.984124671;2044.171
Maldives;2010;1.053645842;2118.48
Maldives;2011;1.144194734;2167.496
Maldives;2012;1.44211324;2159.656
Maldives;2013;1.621221904;2352.202
Maldives;2014;2.192929116;2318.802
Maldives;2015;1.588252079;2348.804
Maldives;2016;1.733706672;1750.027
Maldives;2017;1.835241267;1805.293
Maldives;2018;2.129811289;2484.239
Maldives;2019;2.470794464;2705.94
Maldives;2020;2.51207352;2711.102
Maldives;2021;2.6341571;2668.955
Maldives;2022;2.780800081;2901.473
Maldives;2023;2.876314087;
Mexico;1970;120.8912396;
Mexico;1971;121.2910731;
Mexico;1972;133.37880379999999;
Mexico;1973;143.5012442;
Mexico;1974;158.3124205;
Mexico;1975;166.6150422;
Mexico;1976;177.7694008;
Mexico;1977;183.8224401;
Mexico;1978;206.0515908;
Mexico;1979;217.9589319;
Mexico;1980;241.0343161;
Mexico;1981;259.2088852;
Mexico;1982;277.7251708;
Mexico;1983;261.4059244;
Mexico;1984;265.1266422;
Mexico;1985;274.3545154;
Mexico;1986;269.9735467;
Mexico;1987;281.3598307;
Mexico;1988;280.0083384;
Mexico;1989;293.2986975;
Mexico;1990;289.6565162;462436.2
Mexico;1991;307.4663469;469086.8
Mexico;1992;311.1720719;475737.5
Mexico;1993;320.3369215;485301.3
Mexico;1994;346.149188;509859.5
Mexico;1995;326.2393544;448441.2
Mexico;1996;341.884896;480771.4
Mexico;1997;360.6982901;519368.8
Mexico;1998;383.9778985;540787.7
Mexico;1999;373.0690781;528039.1
Mexico;2000;396.7138441;554618.5
Mexico;2001;394.7601458;547826
Mexico;2002;400.9324865;561587.9
Mexico;2003;420.6919533;563416.5
Mexico;2004;430.4377014;556448.2
Mexico;2005;447.2891381;572481.9
Mexico;2006;463.9118409;592376.6
Mexico;2007;470.8420851;628967.1
Mexico;2008;472.2657569;687418.8
Mexico;2009;461.5462938;655046.7
Mexico;2010;476.9233096;646156.7
Mexico;2011;486.5189793;650721.8
Mexico;2012;506.2257802;632719.5
Mexico;2013;494.012642;647963.1
Mexico;2014;480.8159619;636095.4
Mexico;2015;490.3005238;660058
Mexico;2016;496.3348941;654481.1
Mexico;2017;500.5571177;641443
Mexico;2018;476.057005;630110
Mexico;2019;485.2646813;640807.6
Mexico;2020;427.8150865;596291.1
Mexico;2021;452.8786217;605108.6
Mexico;2022;465.9444428;597805.2
Mexico;2023;487.0939365;
North Macedonia;1970;9.101273488;
North Macedonia;1971;8.536494654;
North Macedonia;1972;8.614522777;
North Macedonia;1973;9.978333716;
North Macedonia;1974;10.25237254;
North Macedonia;1975;8.190077088;
North Macedonia;1976;8.614553401;
North Macedonia;1977;8.884824471;
North Macedonia;1978;8.598670335;
North Macedonia;1979;9.762624988;
North Macedonia;1980;8.957921031;
North Macedonia;1981;9.700237745;
North Macedonia;1982;8.320913146;
North Macedonia;1983;7.744836684;
North Macedonia;1984;9.07568971;
North Macedonia;1985;9.629144558;
North Macedonia;1986;9.915884906;
North Macedonia;1987;9.536281176;
North Macedonia;1988;9.678430969;
North Macedonia;1989;9.951998755;
North Macedonia;1990;11.18989464;
North Macedonia;1991;9.898261528;
North Macedonia;1992;8.804108642;
North Macedonia;1993;9.040928661;
North Macedonia;1994;8.770808192;
North Macedonia;1995;8.716359158;
North Macedonia;1996;10.27340054;
North Macedonia;1997;9.251251516;
North Macedonia;1998;10.16710746;
North Macedonia;1999;9.366255209;
North Macedonia;2000;9.037214859;
North Macedonia;2001;9.221176586;
North Macedonia;2002;8.689810359;
North Macedonia;2003;9.441839964;
North Macedonia;2004;9.200934126;
North Macedonia;2005;9.662889714;
North Macedonia;2006;9.647042597;
North Macedonia;2007;10.36108314;
North Macedonia;2008;10.14219081;
North Macedonia;2009;9.121312871;
North Macedonia;2010;9.17502174;
North Macedonia;2011;10.24383316;
North Macedonia;2012;9.620196542;
North Macedonia;2013;8.796576849;
North Macedonia;2014;8.351438375;
North Macedonia;2015;7.93751978;
North Macedonia;2016;7.624784089;
North Macedonia;2017;7.985403037;
North Macedonia;2018;7.547963226;
North Macedonia;2019;8.683448004;
North Macedonia;2020;7.586001828;
North Macedonia;2021;7.653754601;
North Macedonia;2022;8.384017493;
North Macedonia;2023;8.763655053;
Mali;1970;0.246903561;
Mali;1971;0.245635824;
Mali;1972;0.248000633;
Mali;1973;0.258796959;
Mali;1974;0.273287592;
Mali;1975;0.286417287;
Mali;1976;0.290616603;
Mali;1977;0.298497842;
Mali;1978;0.302639027;
Mali;1979;0.341490987;
Mali;1980;0.332492764;
Mali;1981;0.423728544;
Mali;1982;0.302094798;
Mali;1983;0.325196256;
Mali;1984;0.317438883;
Mali;1985;0.342643604;
Mali;1986;0.275672018;
Mali;1987;0.435832402;
Mali;1988;0.238934446;
Mali;1989;0.402730588;
Mali;1990;0.3185535;10470.39
Mali;1991;0.396709197;10483.36
Mali;1992;0.362338095;10496.33
Mali;1993;0.353359338;10601.1
Mali;1994;0.352942938;10688.08
Mali;1995;0.362431741;10951.68
Mali;1996;0.395452583;11627.62
Mali;1997;0.395579907;11797.62
Mali;1998;0.409343632;12906.65
Mali;1999;0.421207765;13836.4
Mali;2000;0.802432452;14111.74
Mali;2001;0.828168448;17348.36
Mali;2002;0.868189657;20508.32
Mali;2003;0.889809806;24257.01
Mali;2004;0.913746365;29620.5
Mali;2005;0.945838392;33449.07
Mali;2006;1.145623189;36710.76
Mali;2007;1.349535312;40514.26
Mali;2008;1.568471501;45993.42
Mali;2009;2.012876354;48352.96
Mali;2010;1.996365777;53663.41
Mali;2011;2.185549912;54719.37
Mali;2012;2.302843538;56190.95
Mali;2013;2.773295101;58662.35
Mali;2014;2.918317411;59445.98
Mali;2015;3.50426985;62221.96
Mali;2016;4.540162142;67227.87
Mali;2017;5.066859783;67818.24
Mali;2018;5.427299518;68409.31
Mali;2019;6.245321964;69280.09
Mali;2020;6.478709845;71882.05
Mali;2021;6.598642045;74205.76
Mali;2022;6.845114547;73555.06
Mali;2023;6.66068125;
Malta;1970;0.682873314;
Malta;1971;0.682874614;
Malta;1972;0.856094777;
Malta;1973;0.822199117;
Malta;1974;0.752846183;
Malta;1975;0.677737329;
Malta;1976;0.764710469;
Malta;1977;0.808926818;
Malta;1978;0.942380648;
Malta;1979;0.918718145;
Malta;1980;1.020834426;
Malta;1981;1.155593704;
Malta;1982;1.322935916;
Malta;1983;0.980784655;
Malta;1984;1.338033965;
Malta;1985;1.169074836;
Malta;1986;1.883442603;
Malta;1987;1.974489424;
Malta;1988;2.147519326;
Malta;1989;2.328167796;
Malta;1990;2.321800387;3826.617
Malta;1991;2.217869875;3809.746
Malta;1992;2.175710795;3792.875
Malta;1993;2.812932613;4125.886
Malta;1994;2.515073584;4103.017
Malta;1995;2.385700446;4162.218
Malta;1996;2.331061626;4281.574
Malta;1997;2.476793481;4116.826
Malta;1998;2.383664138;4289.464
Malta;1999;2.417583274;4453.422
Malta;2000;2.134785504;4538.781
Malta;2001;2.494789984;4396.075
Malta;2002;2.324105226;4436.702
Malta;2003;2.613413855;4585.334
Malta;2004;2.606715275;4527.683
Malta;2005;2.634717869;4411.276
Malta;2006;2.659904749;4575.601
Malta;2007;2.723923506;4676.59
Malta;2008;2.732521586;4665.275
Malta;2009;2.518406351;4379.501
Malta;2010;2.595201041;4474.005
Malta;2011;2.582334012;4494.806
Malta;2012;2.7248741929999998;5110.437
Malta;2013;2.382566234;4271.555
Malta;2014;2.36925754;4119.941
Malta;2015;1.672086829;3504.367
Malta;2016;1.365344097;3024.09
Malta;2017;1.558072584;3018.974
Malta;2018;1.567281501;3358.563
Malta;2019;1.67292777;3128.96
Malta;2020;1.620326743;3064.973
Malta;2021;1.627306754;3006.94
Malta;2022;1.759531584;2956.266
Malta;2023;1.684619297;
Myanmar/Burma;1970;4.726422418;
Myanmar/Burma;1971;4.749622205;
Myanmar/Burma;1972;4.639696229;
Myanmar/Burma;1973;3.680655118;
Myanmar/Burma;1974;4.256196423;
Myanmar/Burma;1975;4.172189169;
Myanmar/Burma;1976;4.465267259;
Myanmar/Burma;1977;4.787384026;
Myanmar/Burma;1978;4.963808848;
Myanmar/Burma;1979;5.169735488;
Myanmar/Burma;1980;5.467895874;
Myanmar/Burma;1981;5.418903879;
Myanmar/Burma;1982;5.61123557;
Myanmar/Burma;1983;5.438801228;
Myanmar/Burma;1984;5.951316532;
Myanmar/Burma;1985;6.277268338;
Myanmar/Burma;1986;6.580098979;
Myanmar/Burma;1987;4.975442904;
Myanmar/Burma;1988;4.681118683;
Myanmar/Burma;1989;4.710147117;
Myanmar/Burma;1990;4.432417455;
Myanmar/Burma;1991;4.291209281;
Myanmar/Burma;1992;4.549454701;
Myanmar/Burma;1993;5.087237541;
Myanmar/Burma;1994;6.099893469;
Myanmar/Burma;1995;7.399811415;
Myanmar/Burma;1996;7.781354874;
Myanmar/Burma;1997;7.746490486;
Myanmar/Burma;1998;8.425130745;
Myanmar/Burma;1999;9.244348772;
Myanmar/Burma;2000;10.04136728;
Myanmar/Burma;2001;8.774005762;
Myanmar/Burma;2002;8.843577522;
Myanmar/Burma;2003;10.95747741;
Myanmar/Burma;2004;10.62998864;
Myanmar/Burma;2005;11.24058721;
Myanmar/Burma;2006;10.45172985;
Myanmar/Burma;2007;10.91668655;
Myanmar/Burma;2008;8.354624325;
Myanmar/Burma;2009;7.784325489;
Myanmar/Burma;2010;8.628751285;
Myanmar/Burma;2011;9.172837515;
Myanmar/Burma;2012;12.55731384;
Myanmar/Burma;2013;14.22042221;
Myanmar/Burma;2014;17.73928549;
Myanmar/Burma;2015;19.7351421;
Myanmar/Burma;2016;22.96734332;
Myanmar/Burma;2017;33.73487565;
Myanmar/Burma;2018;33.50187625;
Myanmar/Burma;2019;34.37201342;
Myanmar/Burma;2020;34.70614729;
Myanmar/Burma;2021;31.82619568;
Myanmar/Burma;2022;32.39254944;
Myanmar/Burma;2023;33.36836845;
Mongolia;1970;5.580577866;
Mongolia;1971;5.57968384;
Mongolia;1972;5.132029502;
Mongolia;1973;5.516703431;
Mongolia;1974;6.135646328;
Mongolia;1975;6.312149202;
Mongolia;1976;6.510283514;
Mongolia;1977;7.417782834;
Mongolia;1978;8.002023679;
Mongolia;1979;8.509882888;
Mongolia;1980;9.34219743;
Mongolia;1981;8.753918385;
Mongolia;1982;9.437024452;
Mongolia;1983;9.686466247;
Mongolia;1984;10.32176963;
Mongolia;1985;11.92776989;
Mongolia;1986;13.06193899;
Mongolia;1987;13.8693024;
Mongolia;1988;14.70675947;
Mongolia;1989;13.96647791;
Mongolia;1990;13.14779657;25540.85
Mongolia;1991;14.85817487;23769.17
Mongolia;1992;12.95725351;21997.49
Mongolia;1993;11.93716762;18820.13
Mongolia;1994;10.40620199;18498.63
Mongolia;1995;10.34376952;18307.61
Mongolia;1996;8.742709474;16114.59
Mongolia;1997;8.569257973;11281.6
Mongolia;1998;8.596187008;9098.913
Mongolia;1999;8.653819502;9041.982
Mongolia;2000;9.041855275;5993.308
Mongolia;2001;9.012194108;8047.389
Mongolia;2002;9.658007708;8065.096
Mongolia;2003;9.362346675;9633.496
Mongolia;2004;9.576950529;10861.55
Mongolia;2005;11.12897914;11399.11
Mongolia;2006;12.71724027;13975.64
Mongolia;2007;13.21026421;15947.07
Mongolia;2008;13.20587256;18945.82
Mongolia;2009;13.92852591;19478.98
Mongolia;2010;14.9055432;17282.62
Mongolia;2011;16.23585191;19156.71
Mongolia;2012;17.6588085;22241.13
Mongolia;2013;19.17790162;24590.15
Mongolia;2014;19.52855814;24749.71
Mongolia;2015;18.02358252;22958.8
Mongolia;2016;19.11394183;35400.41
Mongolia;2017;21.07189906;39687.59
Mongolia;2018;22.95270343;40731.02
Mongolia;2019;25.33100173;44001.06
Mongolia;2020;22.51044192;42479.66
Mongolia;2021;24.84845833;43454.77
Mongolia;2022;25.89048054;44709.31
Mongolia;2023;28.11711833;
Mozambique;1970;3.1580824;
Mozambique;1971;3.170461623;
Mozambique;1972;2.915580376;
Mozambique;1973;3.102841418;
Mozambique;1974;2.930243819;
Mozambique;1975;2.530602705;
Mozambique;1976;2.568162866;
Mozambique;1977;2.496298574;
Mozambique;1978;2.179154857;
Mozambique;1979;2.058760603;
Mozambique;1980;2.489709704;
Mozambique;1981;2.19272027;
Mozambique;1982;2.021870907;
Mozambique;1983;1.843658714;
Mozambique;1984;1.553599731;
Mozambique;1985;1.576186313;
Mozambique;1986;1.541001438;
Mozambique;1987;1.540194897;
Mozambique;1988;1.548243865;
Mozambique;1989;1.531225877;
Mozambique;1990;1.161748084;21919.78
Mozambique;1991;0.974212393;21890.55
Mozambique;1992;1.161307098;21861.33
Mozambique;1993;1.35103042;22255.79
Mozambique;1994;1.145072751;22247.14
Mozambique;1995;1.257372145;22461.74
Mozambique;1996;1.213286512;22356.88
Mozambique;1997;1.34137846;21014.73
Mozambique;1998;1.296272832;23253.23
Mozambique;1999;1.289849493;22829.64
Mozambique;2000;1.570842074;21804.33
Mozambique;2001;1.896394045;23786.38
Mozambique;2002;1.987139972;26174.18
Mozambique;2003;2.525350293;27082.83
Mozambique;2004;2.780054853;27236.47
Mozambique;2005;2.66551371;29102.28
Mozambique;2006;2.826751092;27966.61
Mozambique;2007;3.243599776;29021.36
Mozambique;2008;3.149015061;30321.18
Mozambique;2009;3.402623359;28573.79
Mozambique;2010;3.606397263;30349.92
Mozambique;2011;4.249281935;33950.69
Mozambique;2012;4.701422081;35980.57
Mozambique;2013;5.116865267;38597.38
Mozambique;2014;5.790260002;42324.45
Mozambique;2015;6.457654923;40745.03
Mozambique;2016;8.331260792;43109.06
Mozambique;2017;8.31152848;41698.35
Mozambique;2018;8.054178064;48564.37
Mozambique;2019;8.627430826;46793.65
Mozambique;2020;7.979875105;44075.77
Mozambique;2021;9.288495705;44933.15
Mozambique;2022;10.02817097;46508.52
Mozambique;2023;9.740080311;
Mauritania;1970;0.333131435;
Mauritania;1971;0.334650636;
Mauritania;1972;0.336810092;
Mauritania;1973;0.349170592;
Mauritania;1974;0.374171376;
Mauritania;1975;0.389819604;
Mauritania;1976;0.402299779;
Mauritania;1977;0.415540463;
Mauritania;1978;0.423036079;
Mauritania;1979;0.479232425;
Mauritania;1980;0.476407388;
Mauritania;1981;0.439306819;
Mauritania;1982;0.410709688;
Mauritania;1983;0.445842067;
Mauritania;1984;0.623319222;
Mauritania;1985;0.618639355;
Mauritania;1986;0.386670997;
Mauritania;1987;0.706070301;
Mauritania;1988;0.83591335;
Mauritania;1989;0.888991669;
Mauritania;1990;0.70613528;4407.902
Mauritania;1991;0.89185468;4400.771
Mauritania;1992;2.28121041;4393.641
Mauritania;1993;2.260096558;4689.593
Mauritania;1994;2.349268961;5025.603
Mauritania;1995;2.443544418;4520.374
Mauritania;1996;2.423986982;4750.421
Mauritania;1997;2.39869686;4855.95
Mauritania;1998;2.441376468;4728.82
Mauritania;1999;2.486958946;4959.607
Mauritania;2000;1.066730122;4944.848
Mauritania;2001;1.163643262;7045.458
Mauritania;2002;1.292677323;7588.612
Mauritania;2003;1.352524236;4696.599
Mauritania;2004;1.486042986;7012.93
Mauritania;2005;1.539866139;5521.033
Mauritania;2006;1.704305853;6466.949
Mauritania;2007;1.877687463;7822.849
Mauritania;2008;2.11149925;9348.614
Mauritania;2009;2.102724988;7322.931
Mauritania;2010;2.115509302;6521.853
Mauritania;2011;2.284166738;6124.236
Mauritania;2012;2.557661108;7030.69
Mauritania;2013;2.341390018;7787.05
Mauritania;2014;2.689422323;7797.103
Mauritania;2015;2.736666403;8106.557
Mauritania;2016;2.602603268;8449.575
Mauritania;2017;3.737806557;8374.338
Mauritania;2018;3.931349095;8837.407
Mauritania;2019;4.319260963;9082.425
Mauritania;2020;4.508808313;9096.586
Mauritania;2021;4.59154417;9226.406
Mauritania;2022;4.779603519;8741.203
Mauritania;2023;4.650269249;
Martinique;1970;0.213099705;
Martinique;1971;0.215566829;
Martinique;1972;0.256100794;
Martinique;1973;0.259971421;
Martinique;1974;0.238166625;
Martinique;1975;0.275744851;
Martinique;1976;0.257402763;
Martinique;1977;0.281057106;
Martinique;1978;0.284478045;
Martinique;1979;0.283677273;
Martinique;1980;0.297630332;
Martinique;1981;0.297097368;
Martinique;1982;0.296061042;
Martinique;1983;0.286829915;
Martinique;1984;0.275414714;
Martinique;1985;0.319163334;
Martinique;1986;0.345766216;
Martinique;1987;0.402603931;
Martinique;1988;0.505169975;
Martinique;1989;0.669445658;
Martinique;1990;0.720692121;
Martinique;1991;0.625808783;
Martinique;1992;0.661070573;
Martinique;1993;0.823375436;
Martinique;1994;0.828820984;
Martinique;1995;0.823800733;
Martinique;1996;0.814820925;
Martinique;1997;0.844304866;
Martinique;1998;0.855294638;
Martinique;1999;0.864186419;
Martinique;2000;0.672502853;
Martinique;2001;0.672971426;
Martinique;2002;0.713090563;
Martinique;2003;0.727125212;
Martinique;2004;0.71498047;
Martinique;2005;0.715645076;
Martinique;2006;0.778504798;
Martinique;2007;0.833782502;
Martinique;2008;0.849332134;
Martinique;2009;0.928590636;
Martinique;2010;0.99805409;
Martinique;2011;1.038806998;
Martinique;2012;1.03859211;
Martinique;2013;1.04020745;
Martinique;2014;1.040562362;
Martinique;2015;1.042446427;
Martinique;2016;1.041670952;
Martinique;2017;1.04168761;
Martinique;2018;1.041118028;
Martinique;2019;1.040555581;
Martinique;2020;0.777632538;
Martinique;2021;0.91614249;
Martinique;2022;1.039797621;
Martinique;2023;1.091369448;
Mauritius;1970;0.305683714;
Mauritius;1971;0.305808502;
Mauritius;1972;0.334983545;
Mauritius;1973;0.37328925;
Mauritius;1974;0.442468008;
Mauritius;1975;0.460924307;
Mauritius;1976;0.50920895;
Mauritius;1977;0.590999548;
Mauritius;1978;0.618956138;
Mauritius;1979;0.623087044;
Mauritius;1980;0.581623924;
Mauritius;1981;0.601256221;
Mauritius;1982;0.553617722;
Mauritius;1983;0.629775948;
Mauritius;1984;0.676730284;
Mauritius;1985;0.635437841;
Mauritius;1986;0.787223623;
Mauritius;1987;0.83251289;
Mauritius;1988;0.921948056;
Mauritius;1989;1.039365315;
Mauritius;1990;1.186074715;4299.599
Mauritius;1991;1.27053239;4466.651
Mauritius;1992;1.342289504;4633.703
Mauritius;1993;1.479953081;4864.509
Mauritius;1994;1.52435191;5027.884
Mauritius;1995;1.561370891;5178.918
Mauritius;1996;1.63570697;5498.8
Mauritius;1997;1.642578523;5706.435
Mauritius;1998;1.801749644;5800.866
Mauritius;1999;2.208425124;6181.25
Mauritius;2000;2.442550372;6639.528
Mauritius;2001;2.582811235;6720.613
Mauritius;2002;2.636396538;6700.856
Mauritius;2003;2.760518183;6848.526
Mauritius;2004;2.784052617;6969.782
Mauritius;2005;2.978341591;6372.505
Mauritius;2006;3.321305742;8395.073
Mauritius;2007;3.413406142;8556.021
Mauritius;2008;3.486916538;9323.59
Mauritius;2009;3.437228933;9064.017
Mauritius;2010;3.674687609;9605.736
Mauritius;2011;3.65555713;10128.33
Mauritius;2012;3.742760691;10260.23
Mauritius;2013;3.858185581;10557.18
Mauritius;2014;3.989862141;9846.57
Mauritius;2015;4.001475718;10815.4
Mauritius;2016;4.075799192;7982.109
Mauritius;2017;4.21548479;8271.869
Mauritius;2018;4.181972655;8963.112
Mauritius;2019;4.212363223;9049.441
Mauritius;2020;3.754703596;8957
Mauritius;2021;3.993916726;8955.677
Mauritius;2022;4.049089675;9153.498
Mauritius;2023;4.213585393;
Malawi;1970;0.345612091;
Malawi;1971;0.342254947;
Malawi;1972;0.365624651;
Malawi;1973;0.391940748;
Malawi;1974;0.410852929;
Malawi;1975;0.46859497;
Malawi;1976;0.447916806;
Malawi;1977;0.44751663;
Malawi;1978;0.454784963;
Malawi;1979;0.457507244;
Malawi;1980;0.513280527;
Malawi;1981;0.502051602;
Malawi;1982;0.429477854;
Malawi;1983;0.389069582;
Malawi;1984;0.359394876;
Malawi;1985;0.376988302;
Malawi;1986;0.364206968;
Malawi;1987;0.484280467;
Malawi;1988;0.428352013;
Malawi;1989;0.487338223;
Malawi;1990;1.536077893;6334.364
Malawi;1991;1.764459136;6494.848
Malawi;1992;1.929344769;6655.332
Malawi;1993;1.956673743;6801.339
Malawi;1994;2.038543233;5890.657
Malawi;1995;2.085702673;6115.184
Malawi;1996;2.229230016;6658.631
Malawi;1997;2.515089453;6941.76
Malawi;1998;2.667249467;6652.187
Malawi;1999;2.736965273;6964.676
Malawi;2000;3.103733493;6912.754
Malawi;2001;3.162464438;6822.502
Malawi;2002;3.126894672;7582.1
Malawi;2003;3.151808262;7714.881
Malawi;2004;3.146463481;7833.101
Malawi;2005;3.568701838;8157.582
Malawi;2006;3.793175283;8402.489
Malawi;2007;4.077544902;8721.934
Malawi;2008;4.286680437;9670.382
Malawi;2009;4.15909547;10250.61
Malawi;2010;4.488709412;10741.68
Malawi;2011;5.74658133;10688.1
Malawi;2012;5.693545268;10937.76
Malawi;2013;5.032585746;11326.25
Malawi;2014;4.971621103;11031.68
Malawi;2015;4.899679264;12107.03
Malawi;2016;4.894489388;12613.61
Malawi;2017;5.383269963;13308.28
Malawi;2018;5.522836135;14673.99
Malawi;2019;5.58507357;15731.31
Malawi;2020;5.249320286;15555.95
Malawi;2021;6.227120279;16254.46
Malawi;2022;5.947754622;16420
Malawi;2023;6.447680153;
Malaysia;1970;26.88256628;
Malaysia;1971;27.27784249;
Malaysia;1972;14.32177065;
Malaysia;1973;14.81026871;
Malaysia;1974;17.85251073;
Malaysia;1975;19.24358071;
Malaysia;1976;21.24253291;
Malaysia;1977;21.1059078;
Malaysia;1978;27.18764091;
Malaysia;1979;31.2059032;
Malaysia;1980;32.39164985;
Malaysia;1981;33.08910147;
Malaysia;1982;35.7917699;
Malaysia;1983;41.0466166;
Malaysia;1984;43.16147145;
Malaysia;1985;42.71445062;
Malaysia;1986;43.95992122;
Malaysia;1987;44.79523921;
Malaysia;1988;47.90976024;
Malaysia;1989;56.6283189;
Malaysia;1990;64.42228177;71301.56
Malaysia;1991;75.30341329;85230.88
Malaysia;1992;79.28435381;99160.2
Malaysia;1993;79.4983339;107727.4
Malaysia;1994;87.56448414;117666.3
Malaysia;1995;90.93854389;120834.4
Malaysia;1996;103.4302196;139370.4
Malaysia;1997;113.2578272;140728.9
Malaysia;1998;110.6672579;104293.2
Malaysia;1999;119.6945615;112611.2
Malaysia;2000;130.7796343;134644
Malaysia;2001;138.4075776;133586
Malaysia;2002;146.5553956;140033
Malaysia;2003;156.5759782;143998.1
Malaysia;2004;169.6248141;148179.4
Malaysia;2005;181.1517295;156287.3
Malaysia;2006;187.7707772;161354
Malaysia;2007;204.9404167;177183.5
Malaysia;2008;216.1781574;184333.7
Malaysia;2009;197.9810826;186581.2
Malaysia;2010;215.5745557;196395.2
Malaysia;2011;218.3286622;200010.5
Malaysia;2012;219.8784443;215804.8
Malaysia;2013;237.2457273;232071.3
Malaysia;2014;251.4646148;236221.6
Malaysia;2015;252.9285792;239271.5
Malaysia;2016;247.56833459999999;235843.8
Malaysia;2017;237.8645188;233342.4
Malaysia;2018;254.3611883;243951.6
Malaysia;2019;255.2070861;243258.9
Malaysia;2020;253.3933846;235620
Malaysia;2021;258.9144022;229250.7
Malaysia;2022;274.3424453;233196.8
Malaysia;2023;283.3235299;
Namibia;1970;0.739849795;
Namibia;1971;0.740209417;
Namibia;1972;0.732429527;
Namibia;1973;0.757645942;
Namibia;1974;0.814714127;
Namibia;1975;0.838795155;
Namibia;1976;0.867234343;
Namibia;1977;0.897428347;
Namibia;1978;0.910263406;
Namibia;1979;1.049760947;
Namibia;1980;1.031064136;
Namibia;1981;0.986983832;
Namibia;1982;0.915727288;
Namibia;1983;0.999537299;
Namibia;1984;0.963241444;
Namibia;1985;1.056988888;
Namibia;1986;1.156312601;
Namibia;1987;1.769871106;
Namibia;1988;1.80395082;
Namibia;1989;1.591426209;
Namibia;1990;1.246098709;13258.59
Namibia;1991;1.128550043;13564.09
Namibia;1992;1.227886986;13869.59
Namibia;1993;1.424107544;13661.44
Namibia;1994;1.644568794;13341.81
Namibia;1995;1.782373189;13613.69
Namibia;1996;1.953771775;13404.86
Namibia;1997;2.021205482;13535.86
Namibia;1998;2.085994105;13403.88
Namibia;1999;1.984884417;13361.66
Namibia;2000;1.948519402;13610.41
Namibia;2001;2.465829647;14123.39
Namibia;2002;2.137803559;13057.93
Namibia;2003;2.294385588;14652.01
Namibia;2004;2.431865939;14618.09
Namibia;2005;2.591858807;14621.98
Namibia;2006;2.555799842;15724.87
Namibia;2007;2.630222003;16896.81
Namibia;2008;3.01119259;15613.52
Namibia;2009;3.08168315;18711.81
Namibia;2010;3.184069544;18201.5
Namibia;2011;3.372635472;19806.85
Namibia;2012;3.550398357;20351.76
Namibia;2013;3.79135966;16981.46
Namibia;2014;3.93582503;14250.3
Namibia;2015;4.134456575;18041.64
Namibia;2016;4.258317417;17122.83
Namibia;2017;4.185306887;15649.68
Namibia;2018;4.214429643;15157.55
Namibia;2019;4.236435739;14743.14
Namibia;2020;3.87710984;15858.85
Namibia;2021;3.954077559;15837.26
Namibia;2022;4.254758093;15530.63
Namibia;2023;4.36458915;
New Caledonia;1970;1.047348067;
New Caledonia;1971;1.047387273;
New Caledonia;1972;1.123160016;
New Caledonia;1973;1.329216683;
New Caledonia;1974;1.616795787;
New Caledonia;1975;1.367465206;
New Caledonia;1976;1.353007198;
New Caledonia;1977;1.438852495;
New Caledonia;1978;1.444771054;
New Caledonia;1979;1.551405974;
New Caledonia;1980;1.671419303;
New Caledonia;1981;1.612378855;
New Caledonia;1982;1.116727366;
New Caledonia;1983;1.010974384;
New Caledonia;1984;1.073936941;
New Caledonia;1985;1.43158885;
New Caledonia;1986;1.372527636;
New Caledonia;1987;1.503497269;
New Caledonia;1988;1.467608591;
New Caledonia;1989;1.599476419;
New Caledonia;1990;1.580783381;0
New Caledonia;1991;1.721076245;0
New Caledonia;1992;1.741934424;0
New Caledonia;1993;1.794087916;0
New Caledonia;1994;1.876798747;0
New Caledonia;1995;1.717081771;0
New Caledonia;1996;1.926050844;0
New Caledonia;1997;1.784044254;0
New Caledonia;1998;1.767047202;0
New Caledonia;1999;1.683044744;0
New Caledonia;2000;2.175133467;0
New Caledonia;2001;2.187353092;0
New Caledonia;2002;2.428903953;0
New Caledonia;2003;2.623404634;0
New Caledonia;2004;2.337616026;0
New Caledonia;2005;2.603598291;0
New Caledonia;2006;2.620908903;0
New Caledonia;2007;2.723862997;0
New Caledonia;2008;2.637117232;0
New Caledonia;2009;2.658638671;0
New Caledonia;2010;3.442715934;0
New Caledonia;2011;3.491892789;0
New Caledonia;2012;3.502593326;0
New Caledonia;2013;3.860528894;0
New Caledonia;2014;4.713885301;0
New Caledonia;2015;4.499830172;0
New Caledonia;2016;4.808664605;0
New Caledonia;2017;4.682104534;0
New Caledonia;2018;6.163215119;0
New Caledonia;2019;6.223792256;0
New Caledonia;2020;6.455015725;0
New Caledonia;2021;5.607739257;0
New Caledonia;2022;5.881791144;0
New Caledonia;2023;6.20856473;
Niger;1970;0.211418509;
Niger;1971;0.207681708;
Niger;1972;0.227756429;
Niger;1973;0.267686806;
Niger;1974;0.250623253;
Niger;1975;0.290650378;
Niger;1976;0.31584489;
Niger;1977;0.351640838;
Niger;1978;0.386322824;
Niger;1979;0.414797723;
Niger;1980;0.514637214;
Niger;1981;0.602951092;
Niger;1982;0.63153026;
Niger;1983;0.694288831;
Niger;1984;0.582496195;
Niger;1985;0.599580155;
Niger;1986;0.781922925;
Niger;1987;0.775768495;
Niger;1988;0.801236832;
Niger;1989;0.821737278;
Niger;1990;0.622261589;6157.622
Niger;1991;0.593683822;6818.294
Niger;1992;0.563058135;7478.965
Niger;1993;0.683776754;8358.601
Niger;1994;0.573112839;8933.975
Niger;1995;0.552067218;9179.32
Niger;1996;0.640176306;9897.912
Niger;1997;0.645981735;10619.51
Niger;1998;0.696838492;12141.11
Niger;1999;0.683036212;12883.46
Niger;2000;0.701538526;12344.31
Niger;2001;0.7063984;12887.94
Niger;2002;0.733516164;13246.46
Niger;2003;0.796772279;14700.45
Niger;2004;0.83278446;15531.14
Niger;2005;0.79876763;15738.17
Niger;2006;0.801736666;15981.95
Niger;2007;0.870543631;16591.44
Niger;2008;0.910203903;17571.23
Niger;2009;1.134231922;19006.69
Niger;2010;1.441801268;19064.04
Niger;2011;1.473841036;20094.86
Niger;2012;2.05548652;21879.7
Niger;2013;2.037081554;23527.92
Niger;2014;2.201992489;24620.77
Niger;2015;2.169737397;24933.54
Niger;2016;2.168313038;27663.55
Niger;2017;1.982059482;28051.57
Niger;2018;2.102011444;30813.23
Niger;2019;2.37304779;31667.91
Niger;2020;2.409595196;32554.35
Niger;2021;2.85875024;33900.42
Niger;2022;2.905011374;34387.07
Niger;2023;2.822852029;
Nigeria;1970;28.81469439;
Nigeria;1971;42.59653255;
Nigeria;1972;55.21766925;
Nigeria;1973;66.40855376;
Nigeria;1974;83.96823471;
Nigeria;1975;63.97826322;
Nigeria;1976;75.16859139;
Nigeria;1977;66.43330352;
Nigeria;1978;69.50328056;
Nigeria;1979;99.38709647;
Nigeria;1980;89.56629942;
Nigeria;1981;73.27698498;
Nigeria;1982;69.86107659;
Nigeria;1983;69.95476483;
Nigeria;1984;70.26986205;
Nigeria;1985;73.18699377;
Nigeria;1986;71.51111258;
Nigeria;1987;67.70686567;
Nigeria;1988;76.98814217;
Nigeria;1989;79.4809976;
Nigeria;1990;75.10733706;234264.7
Nigeria;1991;81.34356568;250842
Nigeria;1992;89.10413958;267419.4
Nigeria;1993;86.65062437;275875.5
Nigeria;1994;80.89641143;284066.1
Nigeria;1995;88.85070768;309155.2
Nigeria;1996;103.6282496;352491.3
Nigeria;1997;100.8110912;337516.6
Nigeria;1998;91.34126926;285387.7
Nigeria;1999;89.97742779;271464.2
Nigeria;2000;100.3045682;250437.8
Nigeria;2001;106.7171399;284251.2
Nigeria;2002;96.82950363;262272.9
Nigeria;2003;107.6868662;307787
Nigeria;2004;104.0098891;297576.2
Nigeria;2005;103.0521888;308163.7
Nigeria;2006;92.82852168;303694.4
Nigeria;2007;84.54442677;307400
Nigeria;2008;91.93591509;303199.6
Nigeria;2009;81.26056227;292642.7
Nigeria;2010;94.73657858;344054
Nigeria;2011;104.4213914;369052.1
Nigeria;2012;102.7996485;383890.9
Nigeria;2013;116.6890087;388877.9
Nigeria;2014;123.3099049;385522.5
Nigeria;2015;117.6112143;370505.8
Nigeria;2016;120.6856972;400531.4
Nigeria;2017;119.0181126;402991.1
Nigeria;2018;124.902449;439242.4
Nigeria;2019;129.759248;440599.3
Nigeria;2020;122.1276969;435986
Nigeria;2021;130.9817177;434385
Nigeria;2022;130.1066207;449830.9
Nigeria;2023;127.9417257;
Nicaragua;1970;1.65477688;
Nicaragua;1971;1.66218168;
Nicaragua;1972;1.715917308;
Nicaragua;1973;1.900767002;
Nicaragua;1974;2.033528106;
Nicaragua;1975;2.017744708;
Nicaragua;1976;2.310452202;
Nicaragua;1977;2.82513403;
Nicaragua;1978;2.55699442;
Nicaragua;1979;1.682762805;
Nicaragua;1980;1.969349158;
Nicaragua;1981;2.077533088;
Nicaragua;1982;2.029790993;
Nicaragua;1983;2.200925684;
Nicaragua;1984;1.998681477;
Nicaragua;1985;2.016560057;
Nicaragua;1986;2.384926966;
Nicaragua;1987;2.411783934;
Nicaragua;1988;2.156207687;
Nicaragua;1989;1.71591179;
Nicaragua;1990;1.964022687;10775.26
Nicaragua;1991;1.974799378;10612.11
Nicaragua;1992;2.292729;10448.97
Nicaragua;1993;2.249396021;10724.78
Nicaragua;1994;2.558701965;10875.56
Nicaragua;1995;2.718269729;10445.69
Nicaragua;1996;2.882353978;10452.51
Nicaragua;1997;3.084956386;11232.49
Nicaragua;1998;3.586881503;11245.22
Nicaragua;1999;3.618445111;12614.43
Nicaragua;2000;3.765915954;12757.54
Nicaragua;2001;3.98959626;12942.48
Nicaragua;2002;4.126647339;13170.16
Nicaragua;2003;4.520751442;13863.07
Nicaragua;2004;4.637748854;13610.03
Nicaragua;2005;4.399941929;14040.07
Nicaragua;2006;4.658883089;14184.7
Nicaragua;2007;4.82696173;14557.91
Nicaragua;2008;4.636937802;14701.49
Nicaragua;2009;4.535060996;14738.72
Nicaragua;2010;4.657656781;15089.19
Nicaragua;2011;4.876129253;16281.4
Nicaragua;2012;4.842199166;16630.97
Nicaragua;2013;4.631541438;16680.49
Nicaragua;2014;4.90157723;17404.31
Nicaragua;2015;5.488492842;18411.51
Nicaragua;2016;5.713852168;16682.52
Nicaragua;2017;5.673842654;16306.75
Nicaragua;2018;5.172592961;15599.01
Nicaragua;2019;5.315347144;16117.29
Nicaragua;2020;4.728931649;16012.44
Nicaragua;2021;5.176747025;16436.03
Nicaragua;2022;5.404140764;16316.99
Nicaragua;2023;5.725285354;
Netherlands;1970;134.1989591;
Netherlands;1971;134.7139438;
Netherlands;1972;150.482844;
Netherlands;1973;156.7952531;
Netherlands;1974;148.7415481;
Netherlands;1975;140.0568933;
Netherlands;1976;150.8413466;
Netherlands;1977;148.5440449;
Netherlands;1978;153.3420137;
Netherlands;1979;162.7784304;
Netherlands;1980;155.1659871;
Netherlands;1981;154.247292;
Netherlands;1982;143.9463306;
Netherlands;1983;139.3675122;
Netherlands;1984;145.5047754;
Netherlands;1985;149.7749877;
Netherlands;1986;152.1112296;
Netherlands;1987;156.3761807;
Netherlands;1988;156.3680799;
Netherlands;1989;159.6005165;
Netherlands;1990;164.8710863;212941.1
Netherlands;1991;170.9902385;218206.6
Netherlands;1992;169.0899959;223472.1
Netherlands;1993;172.3582169;226247.8
Netherlands;1994;173.454903;230438.7
Netherlands;1995;177.6834552;234366.5
Netherlands;1996;187.9135925;241315.4
Netherlands;1997;180.1584565;222881.4
Netherlands;1998;180.9144506;237954.1
Netherlands;1999;176.2107065;231356.6
Netherlands;2000;176.9146186;229776.1
Netherlands;2001;181.5213276;238166.7
Netherlands;2002;181.9035512;240059.3
Netherlands;2003;184.3454407;254314.4
Netherlands;2004;186.8059407;262215.9
Netherlands;2005;182.2001814;257258.5
Netherlands;2006;177.7446421;260120
Netherlands;2007;178.9146628;260712.3
Netherlands;2008;179.9914666;262896.2
Netherlands;2009;174.7807473;253162.2
Netherlands;2010;186.1734916;257592.9
Netherlands;2011;174.1303926;243513.7
Netherlands;2012;171.643382;239308.5
Netherlands;2013;169.4024106;236922.1
Netherlands;2014;161.7884444;223349
Netherlands;2015;169.417604;233598.1
Netherlands;2016;170.8320943;220541.9
Netherlands;2017;168.0916449;225559.5
Netherlands;2018;163.0208557;222396
Netherlands;2019;157.8604292;210771.1
Netherlands;2020;141.8901139;208125
Netherlands;2021;146.3147468;203945.9
Netherlands;2022;132.970727;199746.4
Netherlands;2023;122.87205;
Norway;1970;35.96190947;
Norway;1971;34.68390182;
Norway;1972;37.67688108;
Norway;1973;38.25034462;
Norway;1974;36.66981551;
Norway;1975;35.96373442;
Norway;1976;38.09628158;
Norway;1977;39.06535481;
Norway;1978;38.03094077;
Norway;1979;40.81615934;
Norway;1980;39.11935692;
Norway;1981;35.67557609;
Norway;1982;32.25663574;
Norway;1983;32.12983197;
Norway;1984;34.10729105;
Norway;1985;34.98166762;
Norway;1986;37.37343587;
Norway;1987;36.05134446;
Norway;1988;37.06582893;
Norway;1989;36.07001006;
Norway;1990;36.31153412;69411.44
Norway;1991;33.81862701;67594.73
Norway;1992;36.36027151;65778.01
Norway;1993;38.50223549;66381.05
Norway;1994;40.4815509;69177.38
Norway;1995;40.64755732;71143.77
Norway;1996;40.94265085;76268.91
Norway;1997;43.30328089;75735.18
Norway;1998;45.10227488;73206.78
Norway;1999;46.71863628;71798.54
Norway;2000;41.76913208;70118.75
Norway;2001;42.28289124;70936.3
Norway;2002;41.58335171;72273.72
Norway;2003;44.44497097;79222.04
Norway;2004;44.89003185;81074.76
Norway;2005;43.31245973;82706.16
Norway;2006;44.01152564;82654.24
Norway;2007;44.90500704;89704.53
Norway;2008;47.10427108;90025.62
Norway;2009;45.12470024;81860.56
Norway;2010;47.98451659;88005.05
Norway;2011;46.93841255;89483.49
Norway;2012;46.38909166;89670.28
Norway;2013;46.87723946;91817.64
Norway;2014;46.98981453;89626.95
Norway;2015;47.9537992;89001.61
Norway;2016;47.37066473;84512.63
Norway;2017;47.40793122;86556.69
Norway;2018;46.95372232;86822.12
Norway;2019;45.74348743;79442.65
Norway;2020;44.51614274;80125.29
Norway;2021;45.10128314;78963.34
Norway;2022;44.55594206;76820.43
Norway;2023;44.06520457;
Nepal;1970;0.280842957;
Nepal;1971;0.281874901;
Nepal;1972;0.355457729;
Nepal;1973;0.494300804;
Nepal;1974;0.490886184;
Nepal;1975;0.410433565;
Nepal;1976;0.353445812;
Nepal;1977;0.396390141;
Nepal;1978;0.376972277;
Nepal;1979;0.548033781;
Nepal;1980;0.611486027;
Nepal;1981;0.536359359;
Nepal;1982;0.600923901;
Nepal;1983;0.827220286;
Nepal;1984;0.887778444;
Nepal;1985;0.677143623;
Nepal;1986;0.895560771;
Nepal;1987;0.952871854;
Nepal;1988;0.955222539;
Nepal;1989;0.76748949;
Nepal;1990;1.088301686;23533.72
Nepal;1991;1.340614822;23469.49
Nepal;1992;1.410959889;23405.26
Nepal;1993;1.55807255;24044.87
Nepal;1994;1.896666294;24610.35
Nepal;1995;2.061520009;25769.84
Nepal;1996;2.188330382;25861.91
Nepal;1997;2.417420962;25551.34
Nepal;1998;2.564482152;24322.72
Nepal;1999;3.33609071;25154.32
Nepal;2000;3.419303437;24526.07
Nepal;2001;3.654917339;25437.82
Nepal;2002;2.984188249;25326.25
Nepal;2003;3.387991431;25987.99
Nepal;2004;2.926728786;25608.26
Nepal;2005;3.275661724;26497.32
Nepal;2006;2.71233289;27594.3
Nepal;2007;2.791492036;28376.74
Nepal;2008;3.084995652;29400.29
Nepal;2009;4.063783831;31677.53
Nepal;2010;4.784594386;33941.68
Nepal;2011;5.360367698;34810.52
Nepal;2012;6.224685897;35193.12
Nepal;2013;6.295777386;36828.02
Nepal;2014;7.351824707;38217.12
Nepal;2015;7.321509532;37518.12
Nepal;2016;10.76329715;44542.86
Nepal;2017;13.19904616;47609.75
Nepal;2018;14.88873013;49719.29
Nepal;2019;13.46029079;49998.83
Nepal;2020;16.45543209;49169.48
Nepal;2021;16.59110741;49038.93
Nepal;2022;17.22192756;51712.83
Nepal;2023;17.93377724;
New Zealand;1970;14.87535943;
New Zealand;1971;14.48037203;
New Zealand;1972;16.63843855;
New Zealand;1973;18.02854046;
New Zealand;1974;18.7353315;
New Zealand;1975;17.68458877;
New Zealand;1976;19.48057563;
New Zealand;1977;20.0217248;
New Zealand;1978;19.47938502;
New Zealand;1979;17.67706374;
New Zealand;1980;17.7782772;
New Zealand;1981;17.56853669;
New Zealand;1982;19.24999759;
New Zealand;1983;19.4228573;
New Zealand;1984;19.81527586;
New Zealand;1985;20.81106591;
New Zealand;1986;20.27262083;
New Zealand;1987;21.37479653;
New Zealand;1988;22.66138063;
New Zealand;1989;23.06298042;
New Zealand;1990;24.87999834;61853.22
New Zealand;1991;25.5535104;62595.06
New Zealand;1992;27.19027248;63336.9
New Zealand;1993;27.2088795;64406.23
New Zealand;1994;27.80102974;67888.76
New Zealand;1995;28.72122267;68429.18
New Zealand;1996;29.71175714;71778.4
New Zealand;1997;31.24237827;70588.68
New Zealand;1998;30.35414961;67041.19
New Zealand;1999;31.92235299;69117.54
New Zealand;2000;32.89138516;67505.97
New Zealand;2001;34.81327309;70575.14
New Zealand;2002;34.91095637;70561.29
New Zealand;2003;35.83489334;76106.11
New Zealand;2004;35.43292271;79100.76
New Zealand;2005;36.10664092;82049.76
New Zealand;2006;36.22026087;80491.14
New Zealand;2007;35.00973065;80760.8
New Zealand;2008;36.1100858;79791.45
New Zealand;2009;33.34041659;72092.73
New Zealand;2010;33.36843807;74321.23
New Zealand;2011;32.6367507;74025.82
New Zealand;2012;34.71251383;75580.88
New Zealand;2013;34.51380579;76746.46
New Zealand;2014;35.218238;76030.86
New Zealand;2015;35.31689151;76851.72
New Zealand;2016;34.67134486;81297.53
New Zealand;2017;36.19850305;83444.54
New Zealand;2018;35.84077357;82954.73
New Zealand;2019;37.30262787;82413.6
New Zealand;2020;35.25795916;82904.71
New Zealand;2021;35.26960253;79118.67
New Zealand;2022;34.60092475;79711.4
New Zealand;2023;35.79508597;
Oman;1970;7.351479201;
Oman;1971;7.351973505;
Oman;1972;7.359299972;
Oman;1973;7.392867854;
Oman;1974;7.761631446;
Oman;1975;25.86344442;
Oman;1976;28.79410191;
Oman;1977;28.74234267;
Oman;1978;23.76334574;
Oman;1979;21.43592861;
Oman;1980;12.9018077;
Oman;1981;14.43408018;
Oman;1982;12.58067668;
Oman;1983;14.31707257;
Oman;1984;12.26170945;
Oman;1985;9.552392027;
Oman;1986;11.34480407;
Oman;1987;11.022349;
Oman;1988;12.27852609;
Oman;1989;12.18709657;
Oman;1990;16.40999298;21289.82
Oman;1991;19.91447372;22664.31
Oman;1992;20.54410306;24038.8
Oman;1993;20.70088105;24548.9
Oman;1994;19.51970497;25038.14
Oman;1995;20.15128532;24211.96
Oman;1996;20.95838665;23061.6
Oman;1997;21.98926753;23680.82
Oman;1998;22.14806732;23103.25
Oman;1999;25.21903918;23063.18
Oman;2000;26.31715871;20517.1
Oman;2001;28.48194591;23316.91
Oman;2002;30.45225454;25434.41
Oman;2003;32.18245479;30324.88
Oman;2004;31.77736891;30780.26
Oman;2005;33.04252101;30429.15
Oman;2006;42.14514442;35248.64
Oman;2007;45.57030416;39109.74
Oman;2008;44.72795664;41078.65
Oman;2009;47.10365942;45120.05
Oman;2010;51.49293599;46279.06
Oman;2011;59.74076905;50278.22
Oman;2012;67.43643242;56000.45
Oman;2013;70.63213675;56844.59
Oman;2014;75.02784243;56016.23
Oman;2015;79.32402095;58614.75
Oman;2016;81.70563558;78552.05
Oman;2017;82.35142391;76037.8
Oman;2018;85.33615764;65837.36
Oman;2019;86.35020407;63786.14
Oman;2020;82.19742635;62025.71
Oman;2021;88.07448111;64024.46
Oman;2022;90.97041551;65195.86
Oman;2023;93.09418839;
Pakistan;1970;17.84772186;
Pakistan;1971;18.08279372;
Pakistan;1972;18.83111477;
Pakistan;1973;20.03823768;
Pakistan;1974;21.2708713;
Pakistan;1975;23.56707821;
Pakistan;1976;22.49240104;
Pakistan;1977;23.92303762;
Pakistan;1978;25.11593005;
Pakistan;1979;27.10661444;
Pakistan;1980;29.01971873;
Pakistan;1981;31.59548921;
Pakistan;1982;35.48226947;
Pakistan;1983;37.87701954;
Pakistan;1984;39.85414268;
Pakistan;1985;43.92299581;
Pakistan;1986;47.13026941;
Pakistan;1987;54.51864657;
Pakistan;1988;58.70679636;
Pakistan;1989;63.44855093;
Pakistan;1990;65.62233496;183671.5
Pakistan;1991;68.10787732;187426.3
Pakistan;1992;74.89290679;191181.1
Pakistan;1993;83.27559673;200855.3
Pakistan;1994;85.56731408;207629.2
Pakistan;1995;91.85644169;212246.7
Pakistan;1996;96.15065046;225180.7
Pakistan;1997;99.08768253;227088.4
Pakistan;1998;100.0384168;230277.1
Pakistan;1999;109.5578634;235435
Pakistan;2000;111.8662264;240541.3
Pakistan;2001;113.9480325;243286.3
Pakistan;2002;113.3089191;252491.6
Pakistan;2003;117.4682417;265705.4
Pakistan;2004;131.4103699;277490.8
Pakistan;2005;133.8915819;292297.9
Pakistan;2006;145.2816293;312739.1
Pakistan;2007;161.9352527;322418.9
Pakistan;2008;156.3476604;324397.5
Pakistan;2009;160.0459078;336630.2
Pakistan;2010;155.6272456;330822.1
Pakistan;2011;155.2099351;340182.8
Pakistan;2012;157.0806393;341043.9
Pakistan;2013;160.7695694;346699.7
Pakistan;2014;169.1733323;354978.2
Pakistan;2015;178.254773;371203.8
Pakistan;2016;196.768263;458650.6
Pakistan;2017;213.2664697;503493.5
Pakistan;2018;202.2830248;512116.7
Pakistan;2019;198.9723349;517409.8
Pakistan;2020;222.4719465;523325.4
Pakistan;2021;236.7437131;547626.1
Pakistan;2022;218.6801833;578930.3
Pakistan;2023;200.5101298;
Panama;1970;2.597562883;
Panama;1971;2.60259795;
Panama;1972;2.797600347;
Panama;1973;3.123243822;
Panama;1974;3.184261811;
Panama;1975;3.257615248;
Panama;1976;3.249470011;
Panama;1977;3.221922651;
Panama;1978;3.063672158;
Panama;1979;3.32225755;
Panama;1980;3.195352784;
Panama;1981;2.776120747;
Panama;1982;3.13043324;
Panama;1983;3.589933753;
Panama;1984;2.997903875;
Panama;1985;2.814691115;
Panama;1986;2.911123398;
Panama;1987;3.22076608;
Panama;1988;2.463965678;
Panama;1989;2.573842007;
Panama;1990;2.718220579;10051.86
Panama;1991;3.136320004;11356.53
Panama;1992;3.742697022;12661.2
Panama;1993;3.825070152;12478.25
Panama;1994;4.0697226;12965.11
Panama;1995;4.379683795;12402.48
Panama;1996;4.410006784;13017.05
Panama;1997;4.636467586;12768.57
Panama;1998;5.717272556;13811.11
Panama;1999;5.00430941;13218.07
Panama;2000;5.189099909;13217.21
Panama;2001;6.202515092;14153.59
Panama;2002;5.408056105;13218.19
Panama;2003;5.478592755;13559.89
Panama;2004;5.506017173;13598.03
Panama;2005;7.099011052;14766.41
Panama;2006;7.488326806;15353.51
Panama;2007;7.475546582;15508.69
Panama;2008;7.255498631;16061.5
Panama;2009;8.673062425;16883.92
Panama;2010;9.177613665;18215.86
Panama;2011;9.995517232;20318.52
Panama;2012;10.44600976;20489.09
Panama;2013;10.25955069;21682.5
Panama;2014;10.76916868;20996.9
Panama;2015;10.62864781;20616.64
Panama;2016;10.66171573;20154.05
Panama;2017;10.14566949;21543.73
Panama;2018;9.924271389;21919.27
Panama;2019;13.10326641;21855.77
Panama;2020;9.58691606;20229.57
Panama;2021;10.87197187;21157.06
Panama;2022;11.99807853;21225.02
Panama;2023;14.72052763;
Peru;1970;17.41612322;
Peru;1971;17.37888385;
Peru;1972;17.39420543;
Peru;1973;18.43012638;
Peru;1974;19.98798984;
Peru;1975;20.38171949;
Peru;1976;20.82941164;
Peru;1977;20.52461049;
Peru;1978;20.61880156;
Peru;1979;21.51080983;
Peru;1980;22.6288299;
Peru;1981;23.39246725;
Peru;1982;22.9951301;
Peru;1983;19.50904715;
Peru;1984;20.23988159;
Peru;1985;19.55112856;
Peru;1986;21.28556421;
Peru;1987;23.01668712;
Peru;1988;23.30576059;
Peru;1989;21.0034592;
Peru;1990;20.84259281;55307.92
Peru;1991;20.23681274;55848.49
Peru;1992;21.11081799;56389.06
Peru;1993;22.21138843;60761.54
Peru;1994;22.78568004;63610.13
Peru;1995;25.88678278;66495.05
Peru;1996;28.44680962;65292.72
Peru;1997;28.36898552;67916.55
Peru;1998;27.27244396;67590.57
Peru;1999;29.31260657;68598.25
Peru;2000;28.98406072;68540.46
Peru;2001;26.93628233;66569.42
Peru;2002;28.09880551;67187.16
Peru;2003;27.54997077;68332.28
Peru;2004;31.81697211;71500.29
Peru;2005;31.83575393;74828.08
Peru;2006;31.48535187;74506.43
Peru;2007;34.37091707;81547.42
Peru;2008;38.9890469;85074.33
Peru;2009;41.9694785;86844.3
Peru;2010;45.84142999;93633.55
Peru;2011;49.17268248;98426.62
Peru;2012;49.11352559;101441.7
Peru;2013;50.31573234;101476.3
Peru;2014;53.24337196;105391
Peru;2015;54.89232961;106895.4
Peru;2016;57.49119064;98732.58
Peru;2017;55.20613944;98886.32
Peru;2018;55.33734642;99792.09
Peru;2019;58.15951177;100839.8
Peru;2020;47.51799559;93696.36
Peru;2021;53.26872944;98041.38
Peru;2022;57.0112667;99162.15
Peru;2023;58.40336278;
Philippines;1970;26.55986501;
Philippines;1971;26.81379137;
Philippines;1972;27.77024087;
Philippines;1973;31.45345584;
Philippines;1974;29.94705553;
Philippines;1975;32.90434382;
Philippines;1976;32.79246089;
Philippines;1977;35.75445273;
Philippines;1978;36.82604595;
Philippines;1979;39.60272708;
Philippines;1980;35.67720114;
Philippines;1981;33.93446322;
Philippines;1982;34.1306619;
Philippines;1983;36.58342503;
Philippines;1984;32.32829349;
Philippines;1985;32.08488659;
Philippines;1986;30.17822153;
Philippines;1987;36.84254937;
Philippines;1988;38.44615513;
Philippines;1989;39.83046966;
Philippines;1990;42.57681033;93995.52
Philippines;1991;42.83228016;97721.11
Philippines;1992;46.62315821;101446.7
Philippines;1993;50.27794292;108814.5
Philippines;1994;54.22572227;119201.2
Philippines;1995;65.39552857;125171.2
Philippines;1996;68.57806467;138425.9
Philippines;1997;76.84460169;143561.3
Philippines;1998;75.57042562;130507.1
Philippines;1999;73.97734119;136094.2
Philippines;2000;74.24599378;137450.8
Philippines;2001;71.67268371;135958.6
Philippines;2002;72.92133052;139678
Philippines;2003;74.75613205;138826.7
Philippines;2004;75.66784455;140498.2
Philippines;2005;78.86413644;141910.4
Philippines;2006;70.95223249;139481.7
Philippines;2007;76.93973562;144080.8
Philippines;2008;77.74007142;148523.7
Philippines;2009;78.62358697;147136.9
Philippines;2010;84.94534303;158044.5
Philippines;2011;84.56417955;159620.1
Philippines;2012;89.47835878;166203.2
Philippines;2013;97.46231299;174373.1
Philippines;2014;103.9890348;175644.1
Philippines;2015;113.1618503;186233
Philippines;2016;121.2734458;233423.1
Philippines;2017;135.6223757;247525.1
Philippines;2018;141.3123283;255093.6
Philippines;2019;147.8970664;255440.9
Philippines;2020;135.80019;240098.5
Philippines;2021;145.5867491;246585.3
Philippines;2022;150.6387469;260867.8
Philippines;2023;161.2883425;
Palau;1970;1.99478089;
Palau;1971;1.994781163;
Palau;1972;1.994781473;
Palau;1973;1.994781777;
Palau;1974;1.994782014;
Palau;1975;1.994782141;
Palau;1976;1.994782152;
Palau;1977;1.994782058;
Palau;1978;1.994781945;
Palau;1979;1.9947819;
Palau;1980;1.99478201;
Palau;1981;2.024847966;
Palau;1982;2.010350821;
Palau;1983;2.087029492;
Palau;1984;2.308148722;
Palau;1985;1.867747035;
Palau;1986;2.036020372;
Palau;1987;2.134385934;
Palau;1988;2.042949903;
Palau;1989;2.133394668;
Palau;1990;2.155947217;
Palau;1991;2.139878302;
Palau;1992;1.955837034;
Palau;1993;2.001674776;
Palau;1994;2.995828442;
Palau;1995;2.349726954;
Palau;1996;2.211574491;
Palau;1997;2.518158049;
Palau;1998;2.278752326;
Palau;1999;2.419909722;
Palau;2000;2.1219607;
Palau;2001;2.363556717;
Palau;2002;1.444089653;
Palau;2003;1.718109343;
Palau;2004;1.521831069;
Palau;2005;1.735182559;
Palau;2006;1.697748921;
Palau;2007;1.383644949;
Palau;2008;1.3977888;
Palau;2009;2.173790289;
Palau;2010;2.110713424;
Palau;2011;2.369689759;
Palau;2012;3.603936928;
Palau;2013;1.824329009;
Palau;2014;1.267704134;
Palau;2015;1.195344771;
Palau;2016;1.144349973;
Palau;2017;1.196334496;
Palau;2018;1.230501312;
Palau;2019;1.268288787;
Palau;2020;1.276354865;
Palau;2021;1.328964138;
Palau;2022;1.398114874;
Palau;2023;1.439590374;
Papua New Guinea;1970;1.129482471;
Papua New Guinea;1971;1.1296322;
Papua New Guinea;1972;1.204489859;
Papua New Guinea;1973;1.448892617;
Papua New Guinea;1974;1.778008074;
Papua New Guinea;1975;1.468861652;
Papua New Guinea;1976;1.447335546;
Papua New Guinea;1977;1.528257004;
Papua New Guinea;1978;1.516658643;
Papua New Guinea;1979;1.62977643;
Papua New Guinea;1980;1.754978838;
Papua New Guinea;1981;1.737023338;
Papua New Guinea;1982;1.71125615;
Papua New Guinea;1983;1.692235671;
Papua New Guinea;1984;1.76174255;
Papua New Guinea;1985;1.948521448;
Papua New Guinea;1986;1.731598715;
Papua New Guinea;1987;2.201851872;
Papua New Guinea;1988;2.06971479;
Papua New Guinea;1989;2.046115777;
Papua New Guinea;1990;2.164975267;7002.665
Papua New Guinea;1991;2.218677238;7031.023
Papua New Guinea;1992;2.509404227;7059.381
Papua New Guinea;1993;2.562913122;6652.357
Papua New Guinea;1994;2.553863815;6630.743
Papua New Guinea;1995;2.477003613;6372.832
Papua New Guinea;1996;2.540756152;6790.454
Papua New Guinea;1997;2.665308654;7240.441
Papua New Guinea;1998;3.321140039;8560.874
Papua New Guinea;1999;2.716725323;6710.292
Papua New Guinea;2000;2.945453342;7018.318
Papua New Guinea;2001;3.583480277;7192.816
Papua New Guinea;2002;4.106785825;7694.846
Papua New Guinea;2003;4.528935788;7912.175
Papua New Guinea;2004;4.818577361;8700.431
Papua New Guinea;2005;5.229458277;9340.899
Papua New Guinea;2006;5.317093967;10033.98
Papua New Guinea;2007;5.283464735;11078.48
Papua New Guinea;2008;5.101506892;10846.02
Papua New Guinea;2009;4.949701547;10447.88
Papua New Guinea;2010;4.23093861;10103.13
Papua New Guinea;2011;4.468561124;11235.67
Papua New Guinea;2012;4.260102612;11497.4
Papua New Guinea;2013;4.575667354;11179.4
Papua New Guinea;2014;5.536862974;12873.17
Papua New Guinea;2015;5.972925635;13525.04
Papua New Guinea;2016;6.619970276;16909.08
Papua New Guinea;2017;6.504533491;15951.39
Papua New Guinea;2018;6.760347499;16771.87
Papua New Guinea;2019;7.132751005;17113.45
Papua New Guinea;2020;5.963056618;18029.11
Papua New Guinea;2021;5.558267993;18484.44
Papua New Guinea;2022;5.812605711;17173.62
Papua New Guinea;2023;5.951817103;
Poland;1970;309.121845;
Poland;1971;317.5769884;
Poland;1972;330.9032987;
Poland;1973;348.5910199;
Poland;1974;361.758318;
Poland;1975;376.9745975;
Poland;1976;401.7116455;
Poland;1977;416.3187596;
Poland;1978;444.2170873;
Poland;1979;444.8393838;
Poland;1980;456.3086843;
Poland;1981;418.9672472;
Poland;1982;425.2051738;
Poland;1983;429.1761322;
Poland;1984;444.4871296;
Poland;1985;454.6350656;
Poland;1986;462.2466903;
Poland;1987;478.2048112;
Poland;1988;468.0135224;
Poland;1989;447.1089;
Poland;1990;371.5252294;355257.8
Poland;1991;369.225391;357308.6
Poland;1992;360.3152331;359359.4
Poland;1993;360.7566287;367201.6
Poland;1994;354.652707;365362.4
Poland;1995;356.4344707;375269.8
Poland;1996;372.4395383;399108
Poland;1997;362.6578301;395344
Poland;1998;334.0577764;384301.9
Poland;1999;324.6421447;372438.2
Poland;2000;313.0177131;367388.9
Poland;2001;309.7497561;364771.8
Poland;2002;302.5031827;358831.8
Poland;2003;315.2933362;367920.3
Poland;2004;317.4756115;376280.1
Poland;2005;317.0781656;379901
Poland;2006;330.7298648;401173.1
Poland;2007;330.2791205;409863.4
Poland;2008;324.5561748;415191.3
Poland;2009;311.3426608;385098.5
Poland;2010;329.3638282;408740.5
Poland;2011;326.9131428;411939.4
Poland;2012;319.7014517;402209
Poland;2013;315.0690888;396051.2
Poland;2014;302.5461214;378449
Poland;2015;305.7471358;384597.8
Poland;2016;316.70493;327132.4
Poland;2017;330.1993642;333895.3
Poland;2018;329.5644446;340752.9
Poland;2019;312.0828969;320464.7
Poland;2020;296.8821457;313670
Poland;2021;323.8497398;324627.8
Poland;2022;317.2918658;340396.5
Poland;2023;286.9067825;
Puerto Rico;1970;29.44850181;
Puerto Rico;1971;31.75091033;
Puerto Rico;1972;38.86719376;
Puerto Rico;1973;43.10558405;
Puerto Rico;1974;40.87395184;
Puerto Rico;1975;38.03298521;
Puerto Rico;1976;41.69206238;
Puerto Rico;1977;46.852339;
Puerto Rico;1978;47.44451203;
Puerto Rico;1979;40.42568627;
Puerto Rico;1980;33.1818061;
Puerto Rico;1981;28.44703381;
Puerto Rico;1982;21.60787354;
Puerto Rico;1983;21.99625902;
Puerto Rico;1984;19.73526831;
Puerto Rico;1985;17.25991844;
Puerto Rico;1986;21.41008366;
Puerto Rico;1987;19.13939416;
Puerto Rico;1988;22.34092246;
Puerto Rico;1989;23.41373965;
Puerto Rico;1990;19.01875235;
Puerto Rico;1991;19.53021194;
Puerto Rico;1992;20.25538455;
Puerto Rico;1993;20.76879323;
Puerto Rico;1994;21.40895605;
Puerto Rico;1995;21.866191;
Puerto Rico;1996;22.17960321;
Puerto Rico;1997;22.79785568;
Puerto Rico;1998;23.18649382;
Puerto Rico;1999;25.14802405;
Puerto Rico;2000;25.18401719;
Puerto Rico;2001;24.86321791;
Puerto Rico;2002;20.14363089;
Puerto Rico;2003;26.13418764;
Puerto Rico;2004;26.18256714;
Puerto Rico;2005;26.3122652;
Puerto Rico;2006;16.96841981;
Puerto Rico;2007;17.957572;
Puerto Rico;2008;15.39662286;
Puerto Rico;2009;13.97280225;
Puerto Rico;2010;13.43369977;
Puerto Rico;2011;11.6672557;
Puerto Rico;2012;11.33751274;
Puerto Rico;2013;10.9381909;
Puerto Rico;2014;11.51157009;
Puerto Rico;2015;12.09707828;
Puerto Rico;2016;11.34927585;
Puerto Rico;2017;11.62984074;
Puerto Rico;2018;13.69697486;
Puerto Rico;2019;12.60323048;
Puerto Rico;2020;12.48953462;
Puerto Rico;2021;12.65394507;
Puerto Rico;2022;12.6334284;
Puerto Rico;2023;13.81529408;
North Korea;1970;75.98062438;
North Korea;1971;76.32439929;
North Korea;1972;79.29903458;
North Korea;1973;81.03219673;
North Korea;1974;84.13453639;
North Korea;1975;87.85321412;
North Korea;1976;93.13348266;
North Korea;1977;98.33612968;
North Korea;1978;103.6661703;
North Korea;1979;111.9706135;
North Korea;1980;117.8675775;
North Korea;1981;120.9784923;
North Korea;1982;126.521143;
North Korea;1983;131.0535402;
North Korea;1984;135.640443;
North Korea;1985;140.0487673;
North Korea;1986;138.3675931;
North Korea;1987;133.2464482;
North Korea;1988;136.6391458;
North Korea;1989;137.6864102;
North Korea;1990;131.9645139;198219.2
North Korea;1991;126.9156058;183584.8
North Korea;1992;112.2442852;168950.3
North Korea;1993;104.0070202;155854.8
North Korea;1994;95.19012406;139814.9
North Korea;1995;89.10093356;115602
North Korea;1996;79.05797942;103013.3
North Korea;1997;76.67196625;88652.96
North Korea;1998;62.86857327;75361.9
North Korea;1999;68.56635562;75304.45
North Korea;2000;73.80633305;66320.81
North Korea;2001;76.67302431;73758.26
North Korea;2002;73.44308578;73088.08
North Korea;2003;74.98205252;76429.65
North Korea;2004;76.52456622;77028.55
North Korea;2005;79.73742539;81089.46
North Korea;2006;81.24853073;82536.83
North Korea;2007;67.98564812;69102.68
North Korea;2008;74.45763642;71108.75
North Korea;2009;71.6501753;57987.27
North Korea;2010;69.02161829;52318.02
North Korea;2011;50.90774367;40979.94
North Korea;2012;49.1096908;41582.2
North Korea;2013;37.9830594;34513.85
North Korea;2014;41.68308838;37540.12
North Korea;2015;32.73927676;33627.24
North Korea;2016;36.09750608;56139.3
North Korea;2017;73.59847726;50608.24
North Korea;2018;66.42703749;51118.64
North Korea;2019;73.37912728;53052.07
North Korea;2020;69.08075866;52308.72
North Korea;2021;57.27447387;55241.43
North Korea;2022;59.46522601;57842.75
North Korea;2023;64.27451018;
Portugal;1970;16.64051237;
Portugal;1971;17.79936552;
Portugal;1972;18.19512698;
Portugal;1973;20.35807685;
Portugal;1974;20.41932029;
Portugal;1975;21.99760119;
Portugal;1976;23.30631733;
Portugal;1977;23.09185369;
Portugal;1978;23.96182681;
Portugal;1979;26.7310248;
Portugal;1980;28.37029255;
Portugal;1981;30.05494415;
Portugal;1982;31.93351318;
Portugal;1983;30.98157184;
Portugal;1984;30.26992735;
Portugal;1985;28.83291065;
Portugal;1986;32.94207942;
Portugal;1987;33.04125119;
Portugal;1988;34.09128742;
Portugal;1989;42.56684716;
Portugal;1990;44.03971407;74152.61
Portugal;1991;45.48287809;79416.84
Portugal;1992;49.17987778;84681.07
Portugal;1993;48.14147792;80256.9
Portugal;1994;49.57563845;82667.79
Portugal;1995;52.97552004;90274.33
Portugal;1996;51.27309101;90480.53
Portugal;1997;53.76035837;94287.1
Portugal;1998;58.18495286;100315.9
Portugal;1999;64.90328141;109100.2
Portugal;2000;64.41165771;110068.4
Portugal;2001;63.6619615;106927.2
Portugal;2002;67.89823734;110110.2
Portugal;2003;62.96247266;108939.4
Portugal;2004;64.72108827;114740.8
Portugal;2005;67.98584812;112231.3
Portugal;2006;63.09662117;112980.6
Portugal;2007;61.48877769;111300.5
Portugal;2008;59.40884361;109704.5
Portugal;2009;58.6380605;99974.51
Portugal;2010;53.39588599;96735.94
Portugal;2011;51.54490293;91107.64
Portugal;2012;49.92828606;86537.99
Portugal;2013;48.29340177;83909.61
Portugal;2014;47.82250584;82615.79
Portugal;2015;51.876358;86040.87
Portugal;2016;50.68002029;66813.49
Portugal;2017;55.30360062;72416
Portugal;2018;51.27068122;70615.6
Portugal;2019;46.67764675;65776.09
Portugal;2020;40.92632335;64255.47
Portugal;2021;39.16272218;60943.95
Portugal;2022;39.49867576;63023.08
Portugal;2023;36.17134971;
Paraguay;1970;0.632330808;
Paraguay;1971;0.643160483;
Paraguay;1972;0.700355769;
Paraguay;1973;0.77399054;
Paraguay;1974;0.748755043;
Paraguay;1975;0.803248918;
Paraguay;1976;0.892472646;
Paraguay;1977;1.270556578;
Paraguay;1978;1.526793334;
Paraguay;1979;1.462340268;
Paraguay;1980;1.495800766;
Paraguay;1981;1.444640088;
Paraguay;1982;1.431009331;
Paraguay;1983;1.393687432;
Paraguay;1984;1.531143194;
Paraguay;1985;1.528385073;
Paraguay;1986;1.632070219;
Paraguay;1987;1.814783845;
Paraguay;1988;2.047918825;
Paraguay;1989;2.048931713;
Paraguay;1990;2.181002726;22581.27
Paraguay;1991;2.131059179;23048.21
Paraguay;1992;2.55437097;23515.15
Paraguay;1993;2.911763364;26202.08
Paraguay;1994;3.392552577;28410.28
Paraguay;1995;3.850669838;29619.46
Paraguay;1996;3.798962576;27995.33
Paraguay;1997;4.207490196;27172.7
Paraguay;1998;4.408315732;26563.98
Paraguay;1999;4.412840455;25927.5
Paraguay;2000;3.638760497;23842.6
Paraguay;2001;3.775307057;25669.37
Paraguay;2002;3.952216103;26450.99
Paraguay;2003;4.07825229;28865.79
Paraguay;2004;4.125369047;28677.64
Paraguay;2005;3.802741533;30452.18
Paraguay;2006;4.097930725;32132.73
Paraguay;2007;3.891779001;35550.06
Paraguay;2008;4.547050083;36736.84
Paraguay;2009;4.690843136;37798
Paraguay;2010;5.220709203;41909.04
Paraguay;2011;5.426516166;44525.21
Paraguay;2012;5.386535228;45702.03
Paraguay;2013;5.613832231;43617.44
Paraguay;2014;5.930070368;41403.79
Paraguay;2015;6.640234281;38910.19
Paraguay;2016;7.49177001;32205.31
Paraguay;2017;8.447143385;32466.25
Paraguay;2018;8.719573197;33021.86
Paraguay;2019;8.496866741;32519.12
Paraguay;2020;7.940013014;32646.67
Paraguay;2021;8.9595064;32874.9
Paraguay;2022;8.178669015;29969.62
Paraguay;2023;8.25393827;
French Polynesia;1970;0.141537282;
French Polynesia;1971;0.141572712;
French Polynesia;1972;0.150945803;
French Polynesia;1973;0.181511602;
French Polynesia;1974;0.222666748;
French Polynesia;1975;0.184039685;
French Polynesia;1976;0.181365714;
French Polynesia;1977;0.191498807;
French Polynesia;1978;0.190066331;
French Polynesia;1979;0.204222357;
French Polynesia;1980;0.219887059;
French Polynesia;1981;0.332953698;
French Polynesia;1982;0.42738429;
French Polynesia;1983;0.562967833;
French Polynesia;1984;0.753105247;
French Polynesia;1985;0.722239893;
French Polynesia;1986;0.793933175;
French Polynesia;1987;0.903919474;
French Polynesia;1988;0.897110219;
French Polynesia;1989;0.870946336;
French Polynesia;1990;0.852683276;0
French Polynesia;1991;0.884451979;0
French Polynesia;1992;0.914201922;0
French Polynesia;1993;0.92626908;0
French Polynesia;1994;0.753365813;0
French Polynesia;1995;0.713230871;0
French Polynesia;1996;0.706490143;0
French Polynesia;1997;0.743066643;0
French Polynesia;1998;0.764682088;0
French Polynesia;1999;0.764449161;0
French Polynesia;2000;0.718501818;0
French Polynesia;2001;0.840812297;0
French Polynesia;2002;0.889070363;0
French Polynesia;2003;0.93383798;0
French Polynesia;2004;0.882910343;0
French Polynesia;2005;0.940895274;0
French Polynesia;2006;0.885175057;0
French Polynesia;2007;0.947970513;0
French Polynesia;2008;0.969553232;0
French Polynesia;2009;0.933768526;0
French Polynesia;2010;0.989367466;0
French Polynesia;2011;0.956794935;0
French Polynesia;2012;0.924283152;0
French Polynesia;2013;0.993420714;0
French Polynesia;2014;0.983057681;0
French Polynesia;2015;1.005329585;0
French Polynesia;2016;1.007516398;0
French Polynesia;2017;1.005090912;0
French Polynesia;2018;1.050465426;0
French Polynesia;2019;1.084042072;0
French Polynesia;2020;1.099812926;0
French Polynesia;2021;1.153292252;0
French Polynesia;2022;1.217310454;0
French Polynesia;2023;1.258990011;
Qatar;1970;14.70095745;
Qatar;1971;18.29655433;
Qatar;1972;22.02149489;
Qatar;1973;24.67139291;
Qatar;1974;20.81388145;
Qatar;1975;19.91778344;
Qatar;1976;18.64177489;
Qatar;1977;16.69206895;
Qatar;1978;18.79959767;
Qatar;1979;17.59728693;
Qatar;1980;14.56477985;
Qatar;1981;11.82769469;
Qatar;1982;12.64123543;
Qatar;1983;11.34488152;
Qatar;1984;16.34864133;
Qatar;1985;15.45142547;
Qatar;1986;16.23221108;
Qatar;1987;16.39819604;
Qatar;1988;16.7537571;
Qatar;1989;17.50271339;
Qatar;1990;16.98164535;20589.27
Qatar;1991;18.02666443;26548.24
Qatar;1992;18.97355744;32507.22
Qatar;1993;19.47055988;33569.83
Qatar;1994;20.50597978;31560.95
Qatar;1995;20.98010896;31254.11
Qatar;1996;22.78339879;31898.32
Qatar;1997;27.8971915;35675.61
Qatar;1998;30.04066292;29852.92
Qatar;1999;32.53208721;29197.02
Qatar;2000;31.75183788;32536.11
Qatar;2001;32.4292738;35315.16
Qatar;2002;36.19983994;35567.04
Qatar;2003;38.26879625;48053.58
Qatar;2004;41.16877576;54670.16
Qatar;2005;43.55906059;58326.69
Qatar;2006;48.98592895;79521.4
Qatar;2007;56.14638599;87098.61
Qatar;2008;61.85684705;95858.05
Qatar;2009;63.97195427;104480.6
Qatar;2010;72.20910465;113990.5
Qatar;2011;83.18195236;129057.7
Qatar;2012;92.31993347;140409.8
Qatar;2013;102.1324924;141758.6
Qatar;2014;110.7638317;142399.2
Qatar;2015;114.0831169;150828.3
Qatar;2016;114.0537086;175286.7
Qatar;2017;114.1047035;164564.2
Qatar;2018;114.8947319;178865.1
Qatar;2019;117.6741931;181726.7
Qatar;2020;115.290732;156935.4
Qatar;2021;117.9659696;158215.2
Qatar;2022;118.7298076;162333.7
Qatar;2023;127.9078898;
Réunion;1970;0.367720342;
Réunion;1971;0.370818772;
Réunion;1972;0.374730166;
Réunion;1973;0.387865868;
Réunion;1974;0.413076793;
Réunion;1975;0.425738341;
Réunion;1976;0.441683638;
Réunion;1977;0.4556705;
Réunion;1978;0.449101136;
Réunion;1979;0.521675297;
Réunion;1980;0.505917487;
Réunion;1981;0.494253489;
Réunion;1982;0.505388367;
Réunion;1983;0.625783142;
Réunion;1984;0.674981095;
Réunion;1985;0.67367157;
Réunion;1986;0.68650424;
Réunion;1987;1.02712688;
Réunion;1988;1.105087597;
Réunion;1989;1.083846855;
Réunion;1990;0.922371853;
Réunion;1991;1.286339442;
Réunion;1992;1.154708676;
Réunion;1993;1.365989945;
Réunion;1994;1.406395725;
Réunion;1995;1.417792603;
Réunion;1996;1.460071883;
Réunion;1997;1.450626844;
Réunion;1998;1.90662948;
Réunion;1999;1.958430526;
Réunion;2000;2.050195651;
Réunion;2001;2.070627281;
Réunion;2002;2.189277027;
Réunion;2003;2.254260304;
Réunion;2004;2.468214574;
Réunion;2005;2.372554292;
Réunion;2006;2.294805371;
Réunion;2007;2.160768062;
Réunion;2008;2.355431282;
Réunion;2009;2.476260678;
Réunion;2010;2.653114535;
Réunion;2011;2.557962664;
Réunion;2012;2.593394599;
Réunion;2013;2.60512168;
Réunion;2014;2.585749;
Réunion;2015;2.558076364;
Réunion;2016;2.570201259;
Réunion;2017;2.569656717;
Réunion;2018;2.573047839;
Réunion;2019;2.567351968;
Réunion;2020;2.55310505;
Réunion;2021;2.557807094;
Réunion;2022;2.557816422;
Réunion;2023;2.570714629;
Romania;1970;126.8685624;
Romania;1971;127.4652937;
Romania;1972;133.0815274;
Romania;1973;145.2311429;
Romania;1974;147.1690537;
Romania;1975;159.0601694;
Romania;1976;174.8567492;
Romania;1977;182.9396125;
Romania;1978;198.3157584;
Romania;1979;203.3122681;
Romania;1980;200.8127185;
Romania;1981;201.6928267;
Romania;1982;200.5604891;
Romania;1983;202.559884;
Romania;1984;200.1782673;
Romania;1985;199.1838441;
Romania;1986;204.8942803;
Romania;1987;212.2547217;
Romania;1988;216.4218806;
Romania;1989;214.9086729;
Romania;1990;187.7468288;221219.1
Romania;1991;152.0058842;185718.6
Romania;1992;138.3577527;150218.1
Romania;1993;131.0985929;149650.2
Romania;1994;128.1483579;150283.5
Romania;1995;133.3976217;159575.6
Romania;1996;136.5488455;162750.5
Romania;1997;124.3646366;153541
Romania;1998;108.9869408;142358.1
Romania;1999;93.19843414;126354.1
Romania;2000;97.41756681;123372.9
Romania;2001;104.4026919;129122.5
Romania;2002;103.3994112;132216.7
Romania;2003;107.7598593;141390.3
Romania;2004;105.5726903;144042.1
Romania;2005;104.4829574;147327.3
Romania;2006;110.8346122;153928.6
Romania;2007;107.0814382;164361.7
Romania;2008;105.361741;163744.8
Romania;2009;85.68476075;137338.5
Romania;2010;83.33663613;134914.9
Romania;2011;89.81168221;141772.7
Romania;2012;87.62677857;136372.3
Romania;2013;79.51957404;128347.5
Romania;2014;78.97913811;125498.5
Romania;2015;80.29139733;126193
Romania;2016;78.69459841;39625.15
Romania;2017;81.78558084;47397.31
Romania;2018;82.98972894;126731.8
Romania;2019;81.15247325;121032.2
Romania;2020;75.7039904;119297.2
Romania;2021;80.40741827;125176
Romania;2022;75.98179084;116804.6
Romania;2023;70.77330856;
Russia;1970;1307.991798;
Russia;1971;1308.974669;
Russia;1972;1377.09034;
Russia;1973;1460.888919;
Russia;1974;1536.304207;
Russia;1975;1620.822372;
Russia;1976;1681.834112;
Russia;1977;1719.568143;
Russia;1978;1841.685434;
Russia;1979;1867.646909;
Russia;1980;1929.311384;
Russia;1981;1923.541791;
Russia;1982;1951.446042;
Russia;1983;1985.113299;
Russia;1984;2020.414828;
Russia;1985;2059.489956;
Russia;1986;2126.782273;
Russia;1987;2189.163867;
Russia;1988;2241.071665;
Russia;1989;2252.950483;
Russia;1990;2436.259192;2779319
Russia;1991;2393.527287;2611123
Russia;1992;2200.830266;2442928
Russia;1993;2008.749409;2237055
Russia;1994;1811.12056;1940660
Russia;1995;1765.18975;1900314
Russia;1996;1724.233106;1782753
Russia;1997;1604.84457;1700802
Russia;1998;1611.104597;1546200
Russia;1999;1660.905162;1524388
Russia;2000;1681.143928;1573440
Russia;2001;1684.262541;1641014
Russia;2002;1675.280584;1620886
Russia;2003;1737.23787;1673920
Russia;2004;1738.849795;1705486
Russia;2005;1739.278255;1739660
Russia;2006;1776.17296;1801046
Russia;2007;1779.004577;1821708
Russia;2008;1764.309965;1876738
Russia;2009;1662.056603;1710471
Russia;2010;1746.848095;1819552
Russia;2011;1832.562025;1898981
Russia;2012;1819.750137;1926511
Russia;2013;1764.193795;1883666
Russia;2014;1750.143971;1759587
Russia;2015;1757.057422;1835416
Russia;2016;1734.560188;1539886
Russia;2017;1763.152772;1549575
Russia;2018;1841.441652;1682590
Russia;2019;1909.81658;1670550
Russia;2020;1828.796717;1651038
Russia;2021;1957.927364;1704873
Russia;2022;2025.143611;1610535
Russia;2023;2069.50201;
Rwanda;1970;0.069558594;
Rwanda;1971;0.06982185;
Rwanda;1972;0.076229924;
Rwanda;1973;0.07957181;
Rwanda;1974;0.079862525;
Rwanda;1975;0.095731571;
Rwanda;1976;0.127054213;
Rwanda;1977;0.126814512;
Rwanda;1978;0.142126464;
Rwanda;1979;0.142879564;
Rwanda;1980;0.338151958;
Rwanda;1981;0.410323832;
Rwanda;1982;0.420847856;
Rwanda;1983;0.472182905;
Rwanda;1984;0.443445535;
Rwanda;1985;0.463644016;
Rwanda;1986;0.46735126;
Rwanda;1987;0.472566589;
Rwanda;1988;0.545294532;
Rwanda;1989;0.546946152;
Rwanda;1990;0.552849427;4586.64
Rwanda;1991;0.497550177;4488.626
Rwanda;1992;0.499041501;4390.612
Rwanda;1993;0.500591005;4257.531
Rwanda;1994;0.479254159;4405.323
Rwanda;1995;0.470218458;3657.246
Rwanda;1996;0.471627941;3821.859
Rwanda;1997;0.481829517;4254.968
Rwanda;1998;0.497009719;4088.537
Rwanda;1999;0.513498436;4467.385
Rwanda;2000;0.680376325;4067.592
Rwanda;2001;0.69553741;4394.558
Rwanda;2002;0.818375389;4527.897
Rwanda;2003;0.708324333;4869.524
Rwanda;2004;0.686476853;5137.305
Rwanda;2005;0.741666903;5388.869
Rwanda;2006;0.74426949;5751.429
Rwanda;2007;0.677342683;6093.569
Rwanda;2008;0.677416855;6500.956
Rwanda;2009;0.695221104;6758.725
Rwanda;2010;0.730161087;7227.697
Rwanda;2011;0.761569539;7639.527
Rwanda;2012;0.846210209;7722.793
Rwanda;2013;0.941059199;7899.016
Rwanda;2014;0.95696916;7714.235
Rwanda;2015;1.10446433;8343.164
Rwanda;2016;1.208362918;7589.388
Rwanda;2017;1.309334126;7618.369
Rwanda;2018;1.457048474;8619.61
Rwanda;2019;1.507591342;8695.786
Rwanda;2020;1.448154895;8455.472
Rwanda;2021;1.681297232;8582.249
Rwanda;2022;1.622166015;8712.675
Rwanda;2023;1.645966567;
Saudi Arabia;1970;47.14935832;
Saudi Arabia;1971;58.27680597;
Saudi Arabia;1972;76.08296721;
Saudi Arabia;1973;103.4584432;
Saudi Arabia;1974;108.7537943;
Saudi Arabia;1975;89.19479844;
Saudi Arabia;1976;110.9109818;
Saudi Arabia;1977;119.6665499;
Saudi Arabia;1978;127.6198474;
Saudi Arabia;1979;151.9172852;
Saudi Arabia;1980;187.8676018;
Saudi Arabia;1981;174.3297528;
Saudi Arabia;1982;178.2380907;
Saudi Arabia;1983;177.2144321;
Saudi Arabia;1984;136.3157454;
Saudi Arabia;1985;135.6646154;
Saudi Arabia;1986;135.8457703;
Saudi Arabia;1987;147.2413383;
Saudi Arabia;1988;159.355218;
Saudi Arabia;1989;160.546423;
Saudi Arabia;1990;173.9012578;172037
Saudi Arabia;1991;177.6244341;212068
Saudi Arabia;1992;190.9720208;252099
Saudi Arabia;1993;201.0891241;262566.4
Saudi Arabia;1994;218.7621346;233298.5
Saudi Arabia;1995;217.1584145;204862.7
Saudi Arabia;1996;230.5192603;223349.5
Saudi Arabia;1997;233.2140361;198196.9
Saudi Arabia;1998;249.4998221;199965.5
Saudi Arabia;1999;254.3143106;204000.2
Saudi Arabia;2000;265.2368688;263068.5
Saudi Arabia;2001;275.7871802;253957.9
Saudi Arabia;2002;293.7195531;270087.6
Saudi Arabia;2003;308.3232121;327275.8
Saudi Arabia;2004;327.0151538;384673.3
Saudi Arabia;2005;346.3794664;397901.8
Saudi Arabia;2006;366.7390108;457091.2
Saudi Arabia;2007;387.8751376;448174.9
Saudi Arabia;2008;420.4884021;495681.6
Saudi Arabia;2009;444.0150024;520350
Saudi Arabia;2010;486.8717157;559493.3
Saudi Arabia;2011;509.2094384;558716.9
Saudi Arabia;2012;539.3369251;627324.8
Saudi Arabia;2013;547.1904205;632958.8
Saudi Arabia;2014;585.9208652;658940.1
Saudi Arabia;2015;611.440476;703162.3
Saudi Arabia;2016;609.5011352;718668.4
Saudi Arabia;2017;603.320466;692682.4
Saudi Arabia;2018;580.035626;697644.8
Saudi Arabia;2019;580.517293;671165.3
Saudi Arabia;2020;570.8922784;666785.5
Saudi Arabia;2021;584.5082962;667545.9
Saudi Arabia;2022;605.2576183;703825.6
Saudi Arabia;2023;622.9136005;
Serbia and Montenegro;1970;30.23450006;
Serbia and Montenegro;1971;30.3618433;
Serbia and Montenegro;1972;30.5087935;
Serbia and Montenegro;1973;33.17892139;
Serbia and Montenegro;1974;35.52789868;
Serbia and Montenegro;1975;37.09081852;
Serbia and Montenegro;1976;38.50523161;
Serbia and Montenegro;1977;40.57496135;
Serbia and Montenegro;1978;43.61794529;
Serbia and Montenegro;1979;45.37483838;
Serbia and Montenegro;1980;44.53360254;
Serbia and Montenegro;1981;52.71792377;
Serbia and Montenegro;1982;56.44363268;
Serbia and Montenegro;1983;59.75322397;
Serbia and Montenegro;1984;61.61156767;
Serbia and Montenegro;1985;64.81681298;
Serbia and Montenegro;1986;67.51571389;
Serbia and Montenegro;1987;64.03482444;
Serbia and Montenegro;1988;64.04505379;
Serbia and Montenegro;1989;62.8843722;
Serbia and Montenegro;1990;66.14679953;
Serbia and Montenegro;1991;55.35259042;
Serbia and Montenegro;1992;51.1112223;
Serbia and Montenegro;1993;44.86771919;
Serbia and Montenegro;1994;41.34227016;
Serbia and Montenegro;1995;46.69272299;
Serbia and Montenegro;1996;54.64009399;
Serbia and Montenegro;1997;59.56910323;
Serbia and Montenegro;1998;59.4958994;
Serbia and Montenegro;1999;42.24005879;
Serbia and Montenegro;2000;50.6381684;
Serbia and Montenegro;2001;54.41378751;
Serbia and Montenegro;2002;57.99643699;
Serbia and Montenegro;2003;61.93833967;
Serbia and Montenegro;2004;66.56294921;
Serbia and Montenegro;2005;61.58272959;
Serbia and Montenegro;2006;64.22927067;
Serbia and Montenegro;2007;62.85795933;
Serbia and Montenegro;2008;62.99848999;
Serbia and Montenegro;2009;58.89049281;
Serbia and Montenegro;2010;60.89371908;
Serbia and Montenegro;2011;65.40200215;
Serbia and Montenegro;2012;58.06100998;
Serbia and Montenegro;2013;59.01873226;
Serbia and Montenegro;2014;50.14009559;
Serbia and Montenegro;2015;58.224061;
Serbia and Montenegro;2016;60.23418974;
Serbia and Montenegro;2017;60.19242034;
Serbia and Montenegro;2018;59.01709676;
Serbia and Montenegro;2019;58.91892149;
Serbia and Montenegro;2020;58.94287283;
Serbia and Montenegro;2021;57.94491931;
Serbia and Montenegro;2022;57.78791146;
Serbia and Montenegro;2023;56.12092365;
Sudan and South Sudan;1970;3.435329436;
Sudan and South Sudan;1971;3.446379457;
Sudan and South Sudan;1972;3.646396722;
Sudan and South Sudan;1973;4.791192462;
Sudan and South Sudan;1974;4.518647397;
Sudan and South Sudan;1975;3.533699728;
Sudan and South Sudan;1976;3.416985644;
Sudan and South Sudan;1977;3.560287714;
Sudan and South Sudan;1978;3.233259866;
Sudan and South Sudan;1979;3.329379538;
Sudan and South Sudan;1980;3.928075245;
Sudan and South Sudan;1981;3.815315015;
Sudan and South Sudan;1982;3.942656235;
Sudan and South Sudan;1983;3.984608822;
Sudan and South Sudan;1984;3.617621886;
Sudan and South Sudan;1985;4.261425096;
Sudan and South Sudan;1986;4.154915972;
Sudan and South Sudan;1987;3.208121919;
Sudan and South Sudan;1988;4.621961011;
Sudan and South Sudan;1989;4.162926201;
Sudan and South Sudan;1990;5.544794528;
Sudan and South Sudan;1991;4.941665058;
Sudan and South Sudan;1992;4.679694378;
Sudan and South Sudan;1993;3.343648086;
Sudan and South Sudan;1994;4.913885552;
Sudan and South Sudan;1995;4.596491362;
Sudan and South Sudan;1996;4.530311219;
Sudan and South Sudan;1997;5.478275434;
Sudan and South Sudan;1998;4.921327097;
Sudan and South Sudan;1999;5.442881243;
Sudan and South Sudan;2000;5.999689038;
Sudan and South Sudan;2001;6.547839015;
Sudan and South Sudan;2002;7.997609205;
Sudan and South Sudan;2003;8.213141812;
Sudan and South Sudan;2004;9.17018938;
Sudan and South Sudan;2005;10.86696558;
Sudan and South Sudan;2006;13.2790276;
Sudan and South Sudan;2007;14.39935977;
Sudan and South Sudan;2008;15.37522812;
Sudan and South Sudan;2009;15.92543716;
Sudan and South Sudan;2010;16.90977025;
Sudan and South Sudan;2011;16.23613309;
Sudan and South Sudan;2012;17.52196478;
Sudan and South Sudan;2013;17.62383786;
Sudan and South Sudan;2014;18.51605575;
Sudan and South Sudan;2015;21.56137753;
Sudan and South Sudan;2016;23.94234133;
Sudan and South Sudan;2017;23.66936347;
Sudan and South Sudan;2018;23.88355821;
Sudan and South Sudan;2019;23.47533994;
Sudan and South Sudan;2020;21.34746743;
Sudan and South Sudan;2021;23.01492272;
Sudan and South Sudan;2022;21.40295227;
Sudan and South Sudan;2023;21.27330623;
International Shipping;1970;353.8463522;
International Shipping;1971;353.8463522;
International Shipping;1972;370.4095003;
International Shipping;1973;391.425484;
International Shipping;1974;365.7500395;
International Shipping;1975;341.0385747;
International Shipping;1976;351.6744375;
International Shipping;1977;351.4884862;
International Shipping;1978;353.618119;
International Shipping;1979;364.3568113;
International Shipping;1980;356.8099917;
International Shipping;1981;331.6956378;
International Shipping;1982;298.9508933;
International Shipping;1983;279.961175;
International Shipping;1984;283.7488768;
International Shipping;1985;306.28182;
International Shipping;1986;325.7089992;
International Shipping;1987;322.2629637;
International Shipping;1988;337.8911259;
International Shipping;1989;337.8009144;
International Shipping;1990;371.2595608;
International Shipping;1991;386.0193037;
International Shipping;1992;414.9108053;
International Shipping;1993;402.1248117;
International Shipping;1994;414.4470919;
International Shipping;1995;429.8756881;
International Shipping;1996;438.4193945;
International Shipping;1997;449.3185012;
International Shipping;1998;463.0205179;
International Shipping;1999;490.6468735;
International Shipping;2000;503.2942294;
International Shipping;2001;477.1047756;
International Shipping;2002;495.3536128;
International Shipping;2003;503.2652189;
International Shipping;2004;553.0962337;
International Shipping;2005;572.5776456;
International Shipping;2006;609.8146537;
International Shipping;2007;645.894551;
International Shipping;2008;647.0136444;
International Shipping;2009;615.5997246;
International Shipping;2010;662.1564462;
International Shipping;2011;663.6877338;
International Shipping;2012;618.5847568;
International Shipping;2013;616.1455288;
International Shipping;2014;636.7991566;
International Shipping;2015;662.6548047;
International Shipping;2016;680.2579865;
International Shipping;2017;707.0413464;
International Shipping;2018;709.8481815;
International Shipping;2019;693.8573449;
International Shipping;2020;633.5546466;
International Shipping;2021;653.9714062;
International Shipping;2022;698.6133951;
International Shipping;2023;706.3204212;
Senegal;1970;1.34898489;
Senegal;1971;1.34855627;
Senegal;1972;1.430976809;
Senegal;1973;1.539669928;
Senegal;1974;1.649434338;
Senegal;1975;1.799268509;
Senegal;1976;1.883836694;
Senegal;1977;2.004278647;
Senegal;1978;1.959642777;
Senegal;1979;2.168004941;
Senegal;1980;2.243326672;
Senegal;1981;2.214578722;
Senegal;1982;2.120692835;
Senegal;1983;2.112380022;
Senegal;1984;2.259530671;
Senegal;1985;2.336985151;
Senegal;1986;2.236240882;
Senegal;1987;2.253012675;
Senegal;1988;2.16656783;
Senegal;1989;2.277206068;
Senegal;1990;2.364766111;14228.36
Senegal;1991;2.377972043;14353.79
Senegal;1992;2.613381825;14479.22
Senegal;1993;2.552222455;14577.14
Senegal;1994;2.606354166;14625.33
Senegal;1995;2.754421879;14679.56
Senegal;1996;2.971098238;15522.85
Senegal;1997;3.268502827;14829.09
Senegal;1998;3.66745103;14993.35
Senegal;1999;4.046663969;16004.21
Senegal;2000;3.989801789;16925.83
Senegal;2001;4.512981901;16632.03
Senegal;2002;4.68206895;16366.29
Senegal;2003;4.543425332;16519.54
Senegal;2004;5.176555746;18040.5
Senegal;2005;5.748302588;18865.21
Senegal;2006;5.614232639;18569.38
Senegal;2007;6.218910392;19124.79
Senegal;2008;6.443592873;20101.76
Senegal;2009;6.592237534;19852.2
Senegal;2010;6.977351868;22699.22
Senegal;2011;7.478153729;23703.76
Senegal;2012;7.36322296;22766.29
Senegal;2013;7.840086936;23877.01
Senegal;2014;8.382054518;24566.02
Senegal;2015;9.217591009;25492.39
Senegal;2016;10.29621722;24908.97
Senegal;2017;10.20272016;24633.1
Senegal;2018;10.73519191;26313.66
Senegal;2019;11.02835717;27385.47
Senegal;2020;10.81431127;27256.93
Senegal;2021;12.22341864;27798.49
Senegal;2022;12.35763887;28294.28
Senegal;2023;12.02393894;
Singapore;1970;6.588527701;
Singapore;1971;6.611771081;
Singapore;1972;7.969491848;
Singapore;1973;8.862808363;
Singapore;1974;9.309603287;
Singapore;1975;9.3414125;
Singapore;1976;10.15376679;
Singapore;1977;11.26223271;
Singapore;1978;12.80664292;
Singapore;1979;13.77349351;
Singapore;1980;13.82656357;
Singapore;1981;14.95445692;
Singapore;1982;15.61678237;
Singapore;1983;16.94871075;
Singapore;1984;18.13148688;
Singapore;1985;18.98251998;
Singapore;1986;19.32859382;
Singapore;1987;19.71840333;
Singapore;1988;22.18627842;
Singapore;1989;23.49159117;
Singapore;1990;31.64820457;47795.1
Singapore;1991;33.47912059;52665.18
Singapore;1992;34.19761685;57535.26
Singapore;1993;39.47270553;64602.63
Singapore;1994;41.64819886;73205
Singapore;1995;41.34374401;78654.37
Singapore;1996;42.52093638;97294.98
Singapore;1997;42.19415221;91913.13
Singapore;1998;41.06943674;88680.8
Singapore;1999;41.40816916;90731.47
Singapore;2000;45.51934545;110487.8
Singapore;2001;45.90658496;103761.3
Singapore;2002;45.21715673;98812.83
Singapore;2003;42.44259233;107889.1
Singapore;2004;44.52302;120633.8
Singapore;2005;41.73148705;126074.8
Singapore;2006;41.96942583;143127.2
Singapore;2007;43.35830834;153166.5
Singapore;2008;42.92001294;170164.5
Singapore;2009;43.76243106;159798
Singapore;2010;48.89068517;166365.6
Singapore;2011;51.34388006;168906
Singapore;2012;50.16144176;177763.9
Singapore;2013;52.63517052;178516.9
Singapore;2014;53.8746886;175341.3
Singapore;2015;55.18769106;181763.9
Singapore;2016;52.98388108;104981
Singapore;2017;56.8975751;109009.1
Singapore;2018;54.22524257;107534.3
Singapore;2019;55.90236752;104091.4
Singapore;2020;53.87931567;101820.8
Singapore;2021;55.68945886;101325.8
Singapore;2022;55.75720951;98391.44
Singapore;2023;57.06833124;
Saint Helena, Ascension and Tristan da Cunha;1970;0.00276998;
Saint Helena, Ascension and Tristan da Cunha;1971;0.002770082;
Saint Helena, Ascension and Tristan da Cunha;1972;0.002240939;
Saint Helena, Ascension and Tristan da Cunha;1973;0.002498002;
Saint Helena, Ascension and Tristan da Cunha;1974;0.002665112;
Saint Helena, Ascension and Tristan da Cunha;1975;0.002319058;
Saint Helena, Ascension and Tristan da Cunha;1976;0.001842879;
Saint Helena, Ascension and Tristan da Cunha;1977;0.003370808;
Saint Helena, Ascension and Tristan da Cunha;1978;0.002847696;
Saint Helena, Ascension and Tristan da Cunha;1979;0.003014684;
Saint Helena, Ascension and Tristan da Cunha;1980;0.003235656;
Saint Helena, Ascension and Tristan da Cunha;1981;0.002070864;
Saint Helena, Ascension and Tristan da Cunha;1982;0.001833505;
Saint Helena, Ascension and Tristan da Cunha;1983;0.002962964;
Saint Helena, Ascension and Tristan da Cunha;1984;0.002643421;
Saint Helena, Ascension and Tristan da Cunha;1985;0.002942362;
Saint Helena, Ascension and Tristan da Cunha;1986;0.003261244;
Saint Helena, Ascension and Tristan da Cunha;1987;0.00458121;
Saint Helena, Ascension and Tristan da Cunha;1988;0.00512647;
Saint Helena, Ascension and Tristan da Cunha;1989;0.005209736;
Saint Helena, Ascension and Tristan da Cunha;1990;0.00953947;
Saint Helena, Ascension and Tristan da Cunha;1991;0.005442465;
Saint Helena, Ascension and Tristan da Cunha;1992;0.005170377;
Saint Helena, Ascension and Tristan da Cunha;1993;0.006460041;
Saint Helena, Ascension and Tristan da Cunha;1994;0.005564095;
Saint Helena, Ascension and Tristan da Cunha;1995;0.005845052;
Saint Helena, Ascension and Tristan da Cunha;1996;0.003500735;
Saint Helena, Ascension and Tristan da Cunha;1997;0.003835316;
Saint Helena, Ascension and Tristan da Cunha;1998;0.003839618;
Saint Helena, Ascension and Tristan da Cunha;1999;0.004104909;
Saint Helena, Ascension and Tristan da Cunha;2000;0.011233971;
Saint Helena, Ascension and Tristan da Cunha;2001;0.007517697;
Saint Helena, Ascension and Tristan da Cunha;2002;0.007534681;
Saint Helena, Ascension and Tristan da Cunha;2003;0.007993537;
Saint Helena, Ascension and Tristan da Cunha;2004;0.009099121;
Saint Helena, Ascension and Tristan da Cunha;2005;0.009720491;
Saint Helena, Ascension and Tristan da Cunha;2006;0.008532722;
Saint Helena, Ascension and Tristan da Cunha;2007;0.00993528;
Saint Helena, Ascension and Tristan da Cunha;2008;0.010394575;
Saint Helena, Ascension and Tristan da Cunha;2009;0.010617114;
Saint Helena, Ascension and Tristan da Cunha;2010;0.011494217;
Saint Helena, Ascension and Tristan da Cunha;2011;0.012026967;
Saint Helena, Ascension and Tristan da Cunha;2012;0.012207969;
Saint Helena, Ascension and Tristan da Cunha;2013;0.014894549;
Saint Helena, Ascension and Tristan da Cunha;2014;0.014869671;
Saint Helena, Ascension and Tristan da Cunha;2015;0.014986567;
Saint Helena, Ascension and Tristan da Cunha;2016;0.015667229;
Saint Helena, Ascension and Tristan da Cunha;2017;0.016360022;
Saint Helena, Ascension and Tristan da Cunha;2018;0.017202454;
Saint Helena, Ascension and Tristan da Cunha;2019;0.016917926;
Saint Helena, Ascension and Tristan da Cunha;2020;0.015581229;
Saint Helena, Ascension and Tristan da Cunha;2021;0.015937821;
Saint Helena, Ascension and Tristan da Cunha;2022;0.017282072;
Saint Helena, Ascension and Tristan da Cunha;2023;0.017771061;
Solomon Islands;1970;0.065929966;
Solomon Islands;1971;0.065943783;
Solomon Islands;1972;0.07031649;
Solomon Islands;1973;0.084579592;
Solomon Islands;1974;0.10378759;
Solomon Islands;1975;0.085759197;
Solomon Islands;1976;0.084508602;
Solomon Islands;1977;0.089234952;
Solomon Islands;1978;0.088564655;
Solomon Islands;1979;0.095168821;
Solomon Islands;1980;0.102478257;
Solomon Islands;1981;0.144670813;
Solomon Islands;1982;0.128334073;
Solomon Islands;1983;0.140940745;
Solomon Islands;1984;0.125859338;
Solomon Islands;1985;0.125346473;
Solomon Islands;1986;0.098898953;
Solomon Islands;1987;0.131190758;
Solomon Islands;1988;0.16018485;
Solomon Islands;1989;0.154318756;
Solomon Islands;1990;0.159717959;
Solomon Islands;1991;0.165668093;
Solomon Islands;1992;0.18201077;
Solomon Islands;1993;0.184488713;
Solomon Islands;1994;0.189600763;
Solomon Islands;1995;0.172116742;
Solomon Islands;1996;0.174031724;
Solomon Islands;1997;0.179325387;
Solomon Islands;1998;0.18454709;
Solomon Islands;1999;0.184507804;
Solomon Islands;2000;0.235818828;
Solomon Islands;2001;0.258931522;
Solomon Islands;2002;0.271309634;
Solomon Islands;2003;0.278023048;
Solomon Islands;2004;0.286481545;
Solomon Islands;2005;0.298866629;
Solomon Islands;2006;0.299799243;
Solomon Islands;2007;0.323705064;
Solomon Islands;2008;0.328340566;
Solomon Islands;2009;0.327819847;
Solomon Islands;2010;0.358400932;
Solomon Islands;2011;0.372765618;
Solomon Islands;2012;0.371847485;
Solomon Islands;2013;0.392994828;
Solomon Islands;2014;0.374379783;
Solomon Islands;2015;0.333571497;
Solomon Islands;2016;0.323553893;
Solomon Islands;2017;0.333143206;
Solomon Islands;2018;0.354437027;
Solomon Islands;2019;0.360278412;
Solomon Islands;2020;0.365943559;
Solomon Islands;2021;0.383712443;
Solomon Islands;2022;0.404989019;
Solomon Islands;2023;0.418847248;
Sierra Leone;1970;0.361634143;
Sierra Leone;1971;0.361749455;
Sierra Leone;1972;0.360037254;
Sierra Leone;1973;0.372534145;
Sierra Leone;1974;0.401923598;
Sierra Leone;1975;0.41745998;
Sierra Leone;1976;0.432779791;
Sierra Leone;1977;0.448069672;
Sierra Leone;1978;0.455296518;
Sierra Leone;1979;0.525111097;
Sierra Leone;1980;0.515557746;
Sierra Leone;1981;0.493728472;
Sierra Leone;1982;0.494600882;
Sierra Leone;1983;0.520884315;
Sierra Leone;1984;0.484800257;
Sierra Leone;1985;0.538344284;
Sierra Leone;1986;0.596470324;
Sierra Leone;1987;0.899216126;
Sierra Leone;1988;0.913030846;
Sierra Leone;1989;0.803836612;
Sierra Leone;1990;0.631742078;3917.904
Sierra Leone;1991;0.835810471;3816.237
Sierra Leone;1992;0.517260102;3714.571
Sierra Leone;1993;0.504654814;3797.29
Sierra Leone;1994;0.521310673;3893.665
Sierra Leone;1995;0.564888626;3590.025
Sierra Leone;1996;0.638115832;3379.677
Sierra Leone;1997;0.621998834;3178.71
Sierra Leone;1998;0.654220289;3042.047
Sierra Leone;1999;0.67230675;2950.092
Sierra Leone;2000;0.434620529;3049.387
Sierra Leone;2001;0.546169792;3438.858
Sierra Leone;2002;0.576753698;3917.589
Sierra Leone;2003;0.612431282;4416.643
Sierra Leone;2004;0.612158495;4632.956
Sierra Leone;2005;0.567961811;4864.201
Sierra Leone;2006;0.717538486;5723.717
Sierra Leone;2007;0.666009549;5182.899
Sierra Leone;2008;0.649090946;5037.983
Sierra Leone;2009;0.65416021;5432.813
Sierra Leone;2010;0.71295043;5505.65
Sierra Leone;2011;0.875239818;6361.389
Sierra Leone;2012;0.986122646;7129.595
Sierra Leone;2013;1.135889827;7388.121
Sierra Leone;2014;1.209940005;7585.447
Sierra Leone;2015;1.014372824;7171.784
Sierra Leone;2016;1.049495135;6703.963
Sierra Leone;2017;1.025256724;6859.451
Sierra Leone;2018;1.019113128;8007.178
Sierra Leone;2019;0.998830475;7068.692
Sierra Leone;2020;1.04042848;7129.24
Sierra Leone;2021;1.062097674;7161.67
Sierra Leone;2022;1.10290062;7612.386
Sierra Leone;2023;1.074937963;
El Salvador;1970;1.601160828;
El Salvador;1971;1.610351148;
El Salvador;1972;1.853652956;
El Salvador;1973;2.020442353;
El Salvador;1974;2.057224934;
El Salvador;1975;2.310657021;
El Salvador;1976;2.34819942;
El Salvador;1977;2.416478746;
El Salvador;1978;2.577387066;
El Salvador;1979;2.401245046;
El Salvador;1980;2.02072911;
El Salvador;1981;2.016044944;
El Salvador;1982;1.883034036;
El Salvador;1983;1.946448368;
El Salvador;1984;1.901193143;
El Salvador;1985;2.078743575;
El Salvador;1986;2.061610626;
El Salvador;1987;2.465457228;
El Salvador;1988;2.438298178;
El Salvador;1989;2.432195634;
El Salvador;1990;2.593036248;9288.459
El Salvador;1991;3.307671573;9785.39
El Salvador;1992;3.723030694;10282.32
El Salvador;1993;4.044497013;10900.67
El Salvador;1994;4.691151105;11700.07
El Salvador;1995;5.129481635;12256.09
El Salvador;1996;4.567202691;12144.97
El Salvador;1997;5.59874898;12974.74
El Salvador;1998;5.866956208;13735.38
El Salvador;1999;5.823152458;13944.12
El Salvador;2000;5.797267325;14117.91
El Salvador;2001;6.033520475;14525
El Salvador;2002;6.056171679;14773.53
El Salvador;2003;6.578592083;15083.98
El Salvador;2004;6.826986698;15092.26
El Salvador;2005;7.030506244;15420.06
El Salvador;2006;7.386589771;16299.5
El Salvador;2007;7.776453361;16880.15
El Salvador;2008;7.086247119;16505.6
El Salvador;2009;6.894824727;15756.79
El Salvador;2010;6.720782371;15998.33
El Salvador;2011;7.019795107;16252.63
El Salvador;2012;6.994859535;16673.61
El Salvador;2013;6.628367037;16199.9
El Salvador;2014;6.808269813;16316.36
El Salvador;2015;7.262932763;16742.91
El Salvador;2016;7.326707614;15298.46
El Salvador;2017;6.628691138;14768.01
El Salvador;2018;7.098970009;15432.39
El Salvador;2019;8.103997099;15561.4
El Salvador;2020;6.653952322;14699.61
El Salvador;2021;7.531384229;15206.69
El Salvador;2022;7.918049789;15276.58
El Salvador;2023;8.379618575;
Somalia;1970;0.57125749;
Somalia;1971;0.571271764;
Somalia;1972;0.568427235;
Somalia;1973;0.588105992;
Somalia;1974;0.634606704;
Somalia;1975;0.659653621;
Somalia;1976;0.684657831;
Somalia;1977;0.709928071;
Somalia;1978;0.72241835;
Somalia;1979;0.833742125;
Somalia;1980;0.819415345;
Somalia;1981;0.911656789;
Somalia;1982;0.837786906;
Somalia;1983;0.89654278;
Somalia;1984;0.894333827;
Somalia;1985;0.881796211;
Somalia;1986;1.014657068;
Somalia;1987;1.041807839;
Somalia;1988;0.940396287;
Somalia;1989;0.891478377;
Somalia;1990;0.627740904;25097.82
Somalia;1991;0.476149777;22566.66
Somalia;1992;0.376231227;20035.49
Somalia;1993;0.386054785;22071.04
Somalia;1994;0.384746677;23801.14
Somalia;1995;0.395010923;24381.99
Somalia;1996;0.409600565;24996.72
Somalia;1997;0.410090476;25659.76
Somalia;1998;0.418261629;25695.82
Somalia;1999;0.430670646;26013.39
Somalia;2000;0.630473283;26286.02
Somalia;2001;0.658654137;26684.54
Somalia;2002;0.734311154;27099.32
Somalia;2003;0.746429064;27572.19
Somalia;2004;0.741807903;28138.01
Somalia;2005;0.755259138;28801.48
Somalia;2006;0.786962198;27644.16
Somalia;2007;0.788112209;26550.5
Somalia;2008;0.766516903;26827.23
Somalia;2009;0.777713672;26887.64
Somalia;2010;0.792166074;26500.66
Somalia;2011;0.795456256;27086.41
Somalia;2012;0.788916484;27766.39
Somalia;2013;0.792720731;28074.48
Somalia;2014;0.77537907;27906.74
Somalia;2015;0.815682156;27787.42
Somalia;2016;0.830058203;29302.78
Somalia;2017;0.819822318;29337.9
Somalia;2018;0.826843309;26871.14
Somalia;2019;0.874489581;28407.01
Somalia;2020;0.910495921;28426.99
Somalia;2021;0.926597872;28213.53
Somalia;2022;0.866242728;27542.13
Somalia;2023;0.86815344;
Saint Pierre and Miquelon;1970;0.036361661;
Saint Pierre and Miquelon;1971;0.036331627;
Saint Pierre and Miquelon;1972;0.044297509;
Saint Pierre and Miquelon;1973;0.044693591;
Saint Pierre and Miquelon;1974;0.039795851;
Saint Pierre and Miquelon;1975;0.048226986;
Saint Pierre and Miquelon;1976;0.043700731;
Saint Pierre and Miquelon;1977;0.04827337;
Saint Pierre and Miquelon;1978;0.048282529;
Saint Pierre and Miquelon;1979;0.047748771;
Saint Pierre and Miquelon;1980;0.047200934;
Saint Pierre and Miquelon;1981;0.046302011;
Saint Pierre and Miquelon;1982;0.038945404;
Saint Pierre and Miquelon;1983;0.04239732;
Saint Pierre and Miquelon;1984;0.047168758;
Saint Pierre and Miquelon;1985;0.042603079;
Saint Pierre and Miquelon;1986;0.054555769;
Saint Pierre and Miquelon;1987;0.073670541;
Saint Pierre and Miquelon;1988;0.079694727;
Saint Pierre and Miquelon;1989;0.099061571;
Saint Pierre and Miquelon;1990;0.090967236;
Saint Pierre and Miquelon;1991;0.085781411;
Saint Pierre and Miquelon;1992;0.080077633;
Saint Pierre and Miquelon;1993;0.044608841;
Saint Pierre and Miquelon;1994;0.04639148;
Saint Pierre and Miquelon;1995;0.028857883;
Saint Pierre and Miquelon;1996;0.0286266;
Saint Pierre and Miquelon;1997;0.017085713;
Saint Pierre and Miquelon;1998;0.023309611;
Saint Pierre and Miquelon;1999;0.023617047;
Saint Pierre and Miquelon;2000;0.017532346;
Saint Pierre and Miquelon;2001;0.01713627;
Saint Pierre and Miquelon;2002;0.019710952;
Saint Pierre and Miquelon;2003;0.023128871;
Saint Pierre and Miquelon;2004;0.021860929;
Saint Pierre and Miquelon;2005;0.023182305;
Saint Pierre and Miquelon;2006;0.025560804;
Saint Pierre and Miquelon;2007;0.027735719;
Saint Pierre and Miquelon;2008;0.029190524;
Saint Pierre and Miquelon;2009;0.032193859;
Saint Pierre and Miquelon;2010;0.036101474;
Saint Pierre and Miquelon;2011;0.027712648;
Saint Pierre and Miquelon;2012;0.028397377;
Saint Pierre and Miquelon;2013;0.03331684;
Saint Pierre and Miquelon;2014;0.037188015;
Saint Pierre and Miquelon;2015;0.037944433;
Saint Pierre and Miquelon;2016;0.041058645;
Saint Pierre and Miquelon;2017;0.037454857;
Saint Pierre and Miquelon;2018;0.042063579;
Saint Pierre and Miquelon;2019;0.041790444;
Saint Pierre and Miquelon;2020;0.03687256;
Saint Pierre and Miquelon;2021;0.038703056;
Saint Pierre and Miquelon;2022;0.039756959;
Saint Pierre and Miquelon;2023;0.040105593;
São Tomé and Príncipe;1970;0.014391897;
São Tomé and Príncipe;1971;0.01439597;
São Tomé and Príncipe;1972;0.014325901;
São Tomé and Príncipe;1973;0.014824049;
São Tomé and Príncipe;1974;0.015997421;
São Tomé and Príncipe;1975;0.016617678;
São Tomé and Príncipe;1976;0.017229907;
São Tomé and Príncipe;1977;0.017841212;
São Tomé and Príncipe;1978;0.01813013;
São Tomé and Príncipe;1979;0.020922009;
São Tomé and Príncipe;1980;0.020538514;
São Tomé and Príncipe;1981;0.019663318;
São Tomé and Príncipe;1982;0.018253152;
São Tomé and Príncipe;1983;0.019984537;
São Tomé and Príncipe;1984;0.019296926;
São Tomé and Príncipe;1985;0.019232039;
São Tomé and Príncipe;1986;0.022058645;
São Tomé and Príncipe;1987;0.031097907;
São Tomé and Príncipe;1988;0.028544726;
São Tomé and Príncipe;1989;0.026322482;
São Tomé and Príncipe;1990;0.038518908;
São Tomé and Príncipe;1991;0.051096809;
São Tomé and Príncipe;1992;0.043368405;
São Tomé and Príncipe;1993;0.042290826;
São Tomé and Príncipe;1994;0.051532714;
São Tomé and Príncipe;1995;0.052938984;
São Tomé and Príncipe;1996;0.05491952;
São Tomé and Príncipe;1997;0.054937735;
São Tomé and Príncipe;1998;0.055982118;
São Tomé and Príncipe;1999;0.057652291;
São Tomé and Príncipe;2000;0.055133303;
São Tomé and Príncipe;2001;0.055422953;
São Tomé and Príncipe;2002;0.064044006;
São Tomé and Príncipe;2003;0.072386582;
São Tomé and Príncipe;2004;0.082562406;
São Tomé and Príncipe;2005;0.089376489;
São Tomé and Príncipe;2006;0.096129893;
São Tomé and Príncipe;2007;0.097631191;
São Tomé and Príncipe;2008;0.10512716799999999;
São Tomé and Príncipe;2009;0.114934491;
São Tomé and Príncipe;2010;0.124195199;
São Tomé and Príncipe;2011;0.128422889;
São Tomé and Príncipe;2012;0.13462732;
São Tomé and Príncipe;2013;0.135168342;
São Tomé and Príncipe;2014;0.131975143;
São Tomé and Príncipe;2015;0.139497499;
São Tomé and Príncipe;2016;0.144974037;
São Tomé and Príncipe;2017;0.145963965;
São Tomé and Príncipe;2018;0.144150889;
São Tomé and Príncipe;2019;0.166933879;
São Tomé and Príncipe;2020;0.175467401;
São Tomé and Príncipe;2021;0.178516154;
São Tomé and Príncipe;2022;0.204868228;
São Tomé and Príncipe;2023;0.214079616;
Suriname;1970;0.626827904;
Suriname;1971;0.627151595;
Suriname;1972;0.721687809;
Suriname;1973;0.750488701;
Suriname;1974;0.676420979;
Suriname;1975;0.751662397;
Suriname;1976;0.714610532;
Suriname;1977;0.782561184;
Suriname;1978;0.801672809;
Suriname;1979;0.79237985;
Suriname;1980;0.774443022;
Suriname;1981;0.657071258;
Suriname;1982;0.581833352;
Suriname;1983;0.428083622;
Suriname;1984;0.378071281;
Suriname;1985;0.491001601;
Suriname;1986;0.497023931;
Suriname;1987;0.394493195;
Suriname;1988;0.480498056;
Suriname;1989;0.571286682;
Suriname;1990;1.097360276;3783.182
Suriname;1991;1.251683245;3725.971
Suriname;1992;1.224581528;3668.76
Suriname;1993;1.230101294;3994.314
Suriname;1994;1.236875854;3384.9
Suriname;1995;1.261057969;3178.939
Suriname;1996;1.244977891;3365.778
Suriname;1997;1.281627702;3313.968
Suriname;1998;1.302389822;3076.325
Suriname;1999;1.275345921;2847.396
Suriname;2000;1.480013103;2693.42
Suriname;2001;1.520278234;2992.276
Suriname;2002;1.117830719;2307.214
Suriname;2003;1.234299307;2522.59
Suriname;2004;1.393492804;2690.529
Suriname;2005;1.688392068;2763.257
Suriname;2006;1.531026472;2743.383
Suriname;2007;1.41433431;2775.75
Suriname;2008;1.45957668;3101.021
Suriname;2009;1.451305078;3266.153
Suriname;2010;1.749198564;3646.054
Suriname;2011;1.955525078;3794.042
Suriname;2012;2.44418605;4100.039
Suriname;2013;2.287727784;4218.336
Suriname;2014;2.620557522;4191.115
Suriname;2015;2.725001988;4056.982
Suriname;2016;2.960052789;2883.926
Suriname;2017;2.449683353;2898.319
Suriname;2018;2.150327284;3358.922
Suriname;2019;2.660729165;3451.134
Suriname;2020;2.603944251;3322.351
Suriname;2021;2.607678098;3390.049
Suriname;2022;2.539172278;3667.079
Suriname;2023;2.62856188;
Slovakia;1970;43.88234171;
Slovakia;1971;43.84233032;
Slovakia;1972;44.5878935;
Slovakia;1973;45.97035943;
Slovakia;1974;46.71973579;
Slovakia;1975;48.15486999;
Slovakia;1976;49.15708178;
Slovakia;1977;51.19099832;
Slovakia;1978;57.42092875;
Slovakia;1979;58.68238518;
Slovakia;1980;62.73694064;
Slovakia;1981;60.83101668;
Slovakia;1982;59.07486101;
Slovakia;1983;58.85375879;
Slovakia;1984;61.05088684;
Slovakia;1985;60.80863758;
Slovakia;1986;57.98875949;
Slovakia;1987;59.82123691;
Slovakia;1988;60.87435555;
Slovakia;1989;60.43802921;
Slovakia;1990;60.62514593;132441.8
Slovakia;1991;52.65917321;100602.4
Slovakia;1992;49.19356042;68762.99
Slovakia;1993;48.16431536;60484.73
Slovakia;1994;45.39329097;54869.83
Slovakia;1995;45.75384389;53251.59
Slovakia;1996;45.98014674;58859.86
Slovakia;1997;45.5563068;55592.83
Slovakia;1998;44.6605914;59855.55
Slovakia;1999;43.88269942;56408
Slovakia;2000;41.6815611;53769.67
Slovakia;2001;41.96894194;57462.87
Slovakia;2002;41.90714248;57283.8
Slovakia;2003;42.37137712;58840.82
Slovakia;2004;41.8051;60593.1
Slovakia;2005;42.22006513;62075.57
Slovakia;2006;42.21839485;65155.8
Slovakia;2007;41.32901027;66281.8
Slovakia;2008;41.14289586;67028.66
Slovakia;2009;37.21682368;60255.43
Slovakia;2010;39.89659594;63197.53
Slovakia;2011;37.8845169;63422.48
Slovakia;2012;36.09757909;61460.5
Slovakia;2013;36.37088324;59437.06
Slovakia;2014;33.98376738;56441.88
Slovakia;2015;34.51157745;57401.37
Slovakia;2016;35.44690413;44854.93
Slovakia;2017;37.71888583;46157.91
Slovakia;2018;37.21034094;54010.69
Slovakia;2019;34.78026354;49852.03
Slovakia;2020;32.61718875;49008.81
Slovakia;2021;36.61839036;51026.7
Slovakia;2022;35.55356188;47498.21
Slovakia;2023;34.86157005;
Slovenia;1970;10.43380455;
Slovenia;1971;10.3792908;
Slovenia;1972;10.15918166;
Slovenia;1973;11.66137944;
Slovenia;1974;12.47666657;
Slovenia;1975;12.02102233;
Slovenia;1976;11.5882441;
Slovenia;1977;12.61630479;
Slovenia;1978;13.27390689;
Slovenia;1979;14.06072123;
Slovenia;1980;14.27499879;
Slovenia;1981;11.56637229;
Slovenia;1982;11.29140699;
Slovenia;1983;13.85704672;
Slovenia;1984;14.020534;
Slovenia;1985;13.67927989;
Slovenia;1986;13.55876542;
Slovenia;1987;12.91238415;
Slovenia;1988;17.26999993;
Slovenia;1989;16.10155747;
Slovenia;1990;14.98802172;20079.13
Slovenia;1991;13.9101045;17885.69
Slovenia;1992;13.27983872;15692.24
Slovenia;1993;13.98030905;16436.17
Slovenia;1994;14.07773208;17305.24
Slovenia;1995;14.97764885;19040.27
Slovenia;1996;15.73117882;19408.56
Slovenia;1997;16.23019872;19491.26
Slovenia;1998;16.04284193;19864.51
Slovenia;1999;15.43725728;19584.08
Slovenia;2000;15.03739299;19039.27
Slovenia;2001;16.89581405;19782.63
Slovenia;2002;17.20585037;20132.55
Slovenia;2003;17.05399296;20809.82
Slovenia;2004;17.39865908;21691.53
Slovenia;2005;17.63613656;21939.12
Slovenia;2006;17.94469459;22632.7
Slovenia;2007;17.92217687;23786
Slovenia;2008;18.8881412;24486.41
Slovenia;2009;16.8902221;21268.03
Slovenia;2010;17.16271465;21689.15
Slovenia;2011;16.08226665;21666.98
Slovenia;2012;15.5192909;20647.56
Slovenia;2013;15.5139499;19890.78
Slovenia;2014;14.13018114;18530.9
Slovenia;2015;14.29909792;18835.54
Slovenia;2016;15.02518751;15358.57
Slovenia;2017;15.34821627;15690.02
Slovenia;2018;15.34332373;17579.08
Slovenia;2019;14.71359965;16760.86
Slovenia;2020;13.42129653;16607.76
Slovenia;2021;13.76081505;16104.74
Slovenia;2022;13.13190455;16400.35
Slovenia;2023;12.07646104;
Sweden;1970;96.17208919;
Sweden;1971;88.97385235;
Sweden;1972;89.17416314;
Sweden;1973;90.26242589;
Sweden;1974;83.49505726;
Sweden;1975;85.28368868;
Sweden;1976;92.38370349;
Sweden;1977;88.46958732;
Sweden;1978;82.96474901;
Sweden;1979;86.10589412;
Sweden;1980;78.62898746;
Sweden;1981;71.03580875;
Sweden;1982;64.90467983;
Sweden;1983;59.07584826;
Sweden;1984;58.570484;
Sweden;1985;62.55534057;
Sweden;1986;64.21120161;
Sweden;1987;62.2465934;
Sweden;1988;60.49071684;
Sweden;1989;57.6203368;
Sweden;1990;57.13986908;103572.4
Sweden;1991;57.63436898;102418.3
Sweden;1992;60.18643117;101264.3
Sweden;1993;60.26451516;94992.89
Sweden;1994;62.94100302;101625.5
Sweden;1995;62.64104068;104028
Sweden;1996;67.75380691;110568.7
Sweden;1997;61.79458383;104209
Sweden;1998;63.00279713;107957.7
Sweden;1999;61.68354225;106549.3
Sweden;2000;57.98224525;109634.3
Sweden;2001;58.05639016;103641.4
Sweden;2002;59.38627179;103934.3
Sweden;2003;59.65580881;108535.9
Sweden;2004;58.06404693;110090.7
Sweden;2005;54.5312255;109731.7
Sweden;2006;55.09609463;112007.3
Sweden;2007;52.84089607;114833.6
Sweden;2008;51.70991375;112998.3
Sweden;2009;46.91861274;97712.9
Sweden;2010;52.8813496;109913.1
Sweden;2011;48.46009301;110465.9
Sweden;2012;45.72669333;108664
Sweden;2013;43.96615155;107022.7
Sweden;2014;42.77647348;101859.8
Sweden;2015;42.89832326;101735
Sweden;2016;42.62987052;107933.3
Sweden;2017;41.87964844;112155.1
Sweden;2018;39.42829533;111248.7
Sweden;2019;39.13979753;103910.4
Sweden;2020;37.79395869;103645.7
Sweden;2021;39.88077402;99198.81
Sweden;2022;36.20857642;98719.11
Sweden;2023;35.39216972;
Eswatini;1970;0.224579901;
Eswatini;1971;0.224622471;
Eswatini;1972;0.230990073;
Eswatini;1973;0.243642905;
Eswatini;1974;0.250010929;
Eswatini;1975;0.28163365;
Eswatini;1976;0.275356584;
Eswatini;1977;0.27536087;
Eswatini;1978;0.560228631;
Eswatini;1979;0.561329335;
Eswatini;1980;0.617683938;
Eswatini;1981;0.581418738;
Eswatini;1982;0.587239562;
Eswatini;1983;0.439843258;
Eswatini;1984;0.49895258;
Eswatini;1985;0.573992396;
Eswatini;1986;0.633499964;
Eswatini;1987;0.66459745;
Eswatini;1988;0.708771302;
Eswatini;1989;0.74309301;
Eswatini;1990;1.104981295;
Eswatini;1991;1.089713003;
Eswatini;1992;0.912335947;
Eswatini;1993;0.819562854;
Eswatini;1994;1.458991524;
Eswatini;1995;1.417007861;
Eswatini;1996;1.13465562;
Eswatini;1997;1.155829782;
Eswatini;1998;1.17795151;
Eswatini;1999;1.264738239;
Eswatini;2000;1.09699423;
Eswatini;2001;1.111530969;
Eswatini;2002;1.081682832;
Eswatini;2003;1.003655705;
Eswatini;2004;0.993131983;
Eswatini;2005;0.989672114;
Eswatini;2006;0.998010159;
Eswatini;2007;1.031940689;
Eswatini;2008;1.012796033;
Eswatini;2009;1.049088349;
Eswatini;2010;0.855103076;
Eswatini;2011;0.818796269;
Eswatini;2012;0.810356252;
Eswatini;2013;0.962158344;
Eswatini;2014;0.982279441;
Eswatini;2015;1.020624095;
Eswatini;2016;1.12067426;
Eswatini;2017;1.110044431;
Eswatini;2018;1.110096472;
Eswatini;2019;1.173799059;
Eswatini;2020;1.15498912;
Eswatini;2021;1.245769373;
Eswatini;2022;1.352628068;
Eswatini;2023;1.390163801;
Seychelles;1970;0.106877577;
Seychelles;1971;0.106881394;
Seychelles;1972;0.106335588;
Seychelles;1973;0.110051139;
Seychelles;1974;0.118833106;
Seychelles;1975;0.123457149;
Seychelles;1976;0.12801479;
Seychelles;1977;0.132561486;
Seychelles;1978;0.134687694;
Seychelles;1979;0.155588195;
Seychelles;1980;0.15267715;
Seychelles;1981;0.116912929;
Seychelles;1982;0.099414791;
Seychelles;1983;0.187957476;
Seychelles;1984;0.190924984;
Seychelles;1985;0.199736072;
Seychelles;1986;0.197070168;
Seychelles;1987;0.294210336;
Seychelles;1988;0.400538312;
Seychelles;1989;0.383771711;
Seychelles;1990;0.265445045;626.7419
Seychelles;1991;0.377203426;615.2884
Seychelles;1992;0.317872571;603.835
Seychelles;1993;0.319262659;631.496
Seychelles;1994;0.318064889;642.2418
Seychelles;1995;0.338451082;667.1992
Seychelles;1996;0.351188412;711.0506
Seychelles;1997;0.372807411;830.2009
Seychelles;1998;0.379874906;895.5319
Seychelles;1999;0.391217913;1003.791
Seychelles;2000;0.760868417;1025.7
Seychelles;2001;0.832918235;1198.253
Seychelles;2002;0.754117545;1090.5
Seychelles;2003;0.758791491;1057.71
Seychelles;2004;1.060945227;1156.745
Seychelles;2005;0.965326757;1199.437
Seychelles;2006;1.059927176;1232.664
Seychelles;2007;0.865644335;1173.386
Seychelles;2008;0.925053705;1207.233
Seychelles;2009;1.022483585;1063.013
Seychelles;2010;0.920829401;996.366
Seychelles;2011;0.78854476;929.1108
Seychelles;2012;0.898899763;990.0371
Seychelles;2013;0.812848793;974.4214
Seychelles;2014;0.928686321;950.6216
Seychelles;2015;0.978282874;1035.898
Seychelles;2016;1.089524886;750.1812
Seychelles;2017;1.128512307;744.6029
Seychelles;2018;1.004706888;986.8755
Seychelles;2019;1.069610303;990.7782
Seychelles;2020;1.125089277;1010.525
Seychelles;2021;1.144631842;999.3584
Seychelles;2022;1.20247285;997.1907
Seychelles;2023;1.237262978;
Syria;1970;6.338566701;
Syria;1971;6.370639135;
Syria;1972;6.140981878;
Syria;1973;5.836771857;
Syria;1974;7.942537027;
Syria;1975;9.294149554;
Syria;1976;10.68294374;
Syria;1977;11.74794544;
Syria;1978;12.04540697;
Syria;1979;15.34072115;
Syria;1980;14.37083497;
Syria;1981;16.16507494;
Syria;1982;19.13968169;
Syria;1983;22.61301757;
Syria;1984;25.33449533;
Syria;1985;22.85786845;
Syria;1986;23.83786898;
Syria;1987;30.27995088;
Syria;1988;29.71048786;
Syria;1989;28.67134303;
Syria;1990;33.00342731;61855.3
Syria;1991;36.11148085;62818.14
Syria;1992;35.87886853;63780.99
Syria;1993;36.86990489;68354.53
Syria;1994;38.88218956;68288.03
Syria;1995;40.51139498;65277.82
Syria;1996;43.52666797;66058.18
Syria;1997;43.33326372;64246.79
Syria;1998;46.01323238;66005.92
Syria;1999;45.20638935;68331.5
Syria;2000;45.900503;67240.83
Syria;2001;46.01212093;63302.28
Syria;2002;45.82664326;53516.44
Syria;2003;45.98030114;61931.65
Syria;2004;48.03006096;61064.22
Syria;2005;58.80795093;59541.99
Syria;2006;61.56713454;64384.72
Syria;2007;65.0213994;77292.48
Syria;2008;66.67808612;78977.18
Syria;2009;62.40751149;76532.95
Syria;2010;62.68999014;76689.73
Syria;2011;58.66298522;73503.4
Syria;2012;46.12701955;57386.37
Syria;2013;31.19253729;46001.33
Syria;2014;26.98526516;41933.1
Syria;2015;25.60966902;41512.83
Syria;2016;24.65532317;40689.56
Syria;2017;26.81097747;38200.53
Syria;2018;28.64773871;44346.42
Syria;2019;27.07022274;44864.66
Syria;2020;25.56610892;42341.04
Syria;2021;25.36726157;42691.59
Syria;2022;25.29291114;38037.59
Syria;2023;25.59486098;
Turks and Caicos Islands;1970;0.003240038;
Turks and Caicos Islands;1971;0.003237505;
Turks and Caicos Islands;1972;0.003946192;
Turks and Caicos Islands;1973;0.003981546;
Turks and Caicos Islands;1974;0.003546227;
Turks and Caicos Islands;1975;0.004296349;
Turks and Caicos Islands;1976;0.003894009;
Turks and Caicos Islands;1977;0.004300906;
Turks and Caicos Islands;1978;0.004301938;
Turks and Caicos Islands;1979;0.004254747;
Turks and Caicos Islands;1980;0.004206373;
Turks and Caicos Islands;1981;0.004126896;
Turks and Caicos Islands;1982;0.003857676;
Turks and Caicos Islands;1983;0.003780764;
Turks and Caicos Islands;1984;0.004205577;
Turks and Caicos Islands;1985;0.004220729;
Turks and Caicos Islands;1986;0.004391392;
Turks and Caicos Islands;1987;0.004666829;
Turks and Caicos Islands;1988;0.005039404;
Turks and Caicos Islands;1989;0.005165903;
Turks and Caicos Islands;1990;0.005044765;
Turks and Caicos Islands;1991;0.005067485;
Turks and Caicos Islands;1992;0.005104126;
Turks and Caicos Islands;1993;0.004975574;
Turks and Caicos Islands;1994;0.005070177;
Turks and Caicos Islands;1995;0.004984192;
Turks and Caicos Islands;1996;0.004945397;
Turks and Caicos Islands;1997;0.005077678;
Turks and Caicos Islands;1998;0.005716531;
Turks and Caicos Islands;1999;0.005792208;
Turks and Caicos Islands;2000;0.017735035;
Turks and Caicos Islands;2001;0.018392977;
Turks and Caicos Islands;2002;0.025864585;
Turks and Caicos Islands;2003;0.027656798;
Turks and Caicos Islands;2004;0.027972122;
Turks and Caicos Islands;2005;0.033590509;
Turks and Caicos Islands;2006;0.042596986;
Turks and Caicos Islands;2007;0.052369661;
Turks and Caicos Islands;2008;0.058689992;
Turks and Caicos Islands;2009;0.065278959;
Turks and Caicos Islands;2010;0.073174432;
Turks and Caicos Islands;2011;0.055793625;
Turks and Caicos Islands;2012;0.057931512;
Turks and Caicos Islands;2013;0.066961756;
Turks and Caicos Islands;2014;0.075929699;
Turks and Caicos Islands;2015;0.079861873;
Turks and Caicos Islands;2016;0.088040657;
Turks and Caicos Islands;2017;0.088244588;
Turks and Caicos Islands;2018;0.09149658;
Turks and Caicos Islands;2019;0.108351724;
Turks and Caicos Islands;2020;0.08802565;
Turks and Caicos Islands;2021;0.09737568;
Turks and Caicos Islands;2022;0.097780536;
Turks and Caicos Islands;2023;0.103098647;
Chad;1970;0.153649402;
Chad;1971;0.153890036;
Chad;1972;0.1534526;
Chad;1973;0.158599746;
Chad;1974;0.170709312;
Chad;1975;0.177107801;
Chad;1976;0.184222845;
Chad;1977;0.193974179;
Chad;1978;0.197069001;
Chad;1979;0.224900108;
Chad;1980;0.219382164;
Chad;1981;0.198932651;
Chad;1982;0.185915021;
Chad;1983;0.199571666;
Chad;1984;0.097642855;
Chad;1985;0.116678152;
Chad;1986;0.199953286;
Chad;1987;0.25022618;
Chad;1988;0.143128798;
Chad;1989;0.145305817;
Chad;1990;0.234960227;7089.968
Chad;1991;0.285422299;8538.589
Chad;1992;0.245837578;9987.21
Chad;1993;0.127385913;10314.23
Chad;1994;0.142765012;11799.63
Chad;1995;0.147113985;13479.94
Chad;1996;0.153399322;16305.58
Chad;1997;0.159312649;17644.22
Chad;1998;0.161770555;19021.99
Chad;1999;0.165623564;21255.38
Chad;2000;0.242193419;23630.35
Chad;2001;0.24178372;21032.14
Chad;2002;0.262168771;22169.42
Chad;2003;0.395467047;23350.06
Chad;2004;0.455341368;23553.69
Chad;2005;0.481160449;23805.75
Chad;2006;0.499971702;24170.17
Chad;2007;0.567392257;25460.22
Chad;2008;0.486006794;25632.56
Chad;2009;0.498500903;26481.87
Chad;2010;0.520444513;27222.81
Chad;2011;0.688337681;28002.78
Chad;2012;1.218748613;28714.63
Chad;2013;1.324734888;30000
Chad;2014;1.403926009;30751.27
Chad;2015;1.601868997;33321.94
Chad;2016;1.660106137;39362.01
Chad;2017;2.162558874;40373.6
Chad;2018;2.261675051;41774.79
Chad;2019;2.364945417;42977.89
Chad;2020;2.140661005;44957.86
Chad;2021;2.190213245;46702.7
Chad;2022;2.506967457;49863.27
Chad;2023;2.571408074;
Togo;1970;0.348106526;
Togo;1971;0.372311237;
Togo;1972;0.417990462;
Togo;1973;0.366977837;
Togo;1974;0.339835377;
Togo;1975;0.39437301;
Togo;1976;0.349331477;
Togo;1977;0.460139396;
Togo;1978;0.500600463;
Togo;1979;0.557700309;
Togo;1980;0.514608309;
Togo;1981;0.498640198;
Togo;1982;0.563561794;
Togo;1983;0.411170974;
Togo;1984;0.456463115;
Togo;1985;0.430443426;
Togo;1986;0.639087426;
Togo;1987;0.693319459;
Togo;1988;0.67966946;
Togo;1989;0.689514272;
Togo;1990;0.754718061;6805.899
Togo;1991;0.69841229;6494.724
Togo;1992;0.532886041;6183.55
Togo;1993;0.410774762;5855.753
Togo;1994;0.74743491;6057.644
Togo;1995;0.737135539;5927.21
Togo;1996;1.129440723;6861.603
Togo;1997;0.849234594;7280.57
Togo;1998;1.046241465;6785.36
Togo;1999;1.353807946;7668.211
Togo;2000;1.250773805;6923.759
Togo;2001;1.125976013;7270.272
Togo;2002;1.198573007;7663.867
Togo;2003;1.436959232;8251.238
Togo;2004;1.377356583;8479.243
Togo;2005;1.310966484;8630.69
Togo;2006;1.22136023;8311.72
Togo;2007;1.217591678;8228.654
Togo;2008;1.588849035;8495.238
Togo;2009;2.710557819;10167.35
Togo;2010;2.524780198;10752.12
Togo;2011;2.316944851;10376.62
Togo;2012;2.212261646;11384.89
Togo;2013;1.901266807;11011.84
Togo;2014;1.733612944;11914.19
Togo;2015;1.544775982;12524.23
Togo;2016;2.094404499;11789.16
Togo;2017;1.82036847;11662.3
Togo;2018;1.99361599;12543.51
Togo;2019;1.9777651;12549.46
Togo;2020;2.215434988;13063.5
Togo;2021;2.460024898;13427.72
Togo;2022;2.530114518;13545.84
Togo;2023;2.492578392;
Thailand;1970;18.10749088;
Thailand;1971;18.18496437;
Thailand;1972;20.63204434;
Thailand;1973;23.25591906;
Thailand;1974;23.23536349;
Thailand;1975;23.84114553;
Thailand;1976;27.25584821;
Thailand;1977;30.12369009;
Thailand;1978;33.40023549;
Thailand;1979;35.52861606;
Thailand;1980;37.28648472;
Thailand;1981;36.7035748;
Thailand;1982;35.529867;
Thailand;1983;39.50412985;
Thailand;1984;44.68864076;
Thailand;1985;48.7225034;
Thailand;1986;50.37072784;
Thailand;1987;58.13426399;
Thailand;1988;66.14983193;
Thailand;1989;77.30610945;
Thailand;1990;95.36469963;157747
Thailand;1991;103.9846649;167458.5
Thailand;1992;114.0044181;177170
Thailand;1993;129.4226374;199041.8
Thailand;1994;144.3922399;220377.6
Thailand;1995;163.5215124;236407.1
Thailand;1996;183.8665964;251538.6
Thailand;1997;187.3882077;236411.3
Thailand;1998;167.007431;200916.1
Thailand;1999;174.5231515;214111.5
Thailand;2000;174.8203959;216487.4
Thailand;2001;183.4918463;228917.7
Thailand;2002;195.0264949;239025.7
Thailand;2003;202.8741891;251608.3
Thailand;2004;221.0709364;268246.3
Thailand;2005;229.1766014;262147.3
Thailand;2006;232.8037995;285495.1
Thailand;2007;237.7894519;300527.4
Thailand;2008;238.8974123;307792.2
Thailand;2009;231.9428796;304938.1
Thailand;2010;246.2836766;339362.1
Thailand;2011;246.6502732;342283.2
Thailand;2012;264.7271383;357876.3
Thailand;2013;275.9486084;374467.6
Thailand;2014;272.3266467;364778.7
Thailand;2015;279.7376417;367953.9
Thailand;2016;276.0079284;315040.8
Thailand;2017;276.9395554;312782
Thailand;2018;274.5858254;323821.5
Thailand;2019;284.439555;304124.7
Thailand;2020;274.439019;299221.2
Thailand;2021;267.4912372;291121.3
Thailand;2022;275.8688908;283279.7
Thailand;2023;274.1600465;
Tajikistan;1970;8.140032102;
Tajikistan;1971;8.173529683;
Tajikistan;1972;8.564042111;
Tajikistan;1973;8.934973833;
Tajikistan;1974;9.320432602;
Tajikistan;1975;9.976299224;
Tajikistan;1976;10.21722248;
Tajikistan;1977;10.49923894;
Tajikistan;1978;10.78110325;
Tajikistan;1979;11.0509031;
Tajikistan;1980;11.56888515;
Tajikistan;1981;11.62830611;
Tajikistan;1982;11.68297859;
Tajikistan;1983;11.86216917;
Tajikistan;1984;11.81695284;
Tajikistan;1985;12.32460145;
Tajikistan;1986;12.7783846;
Tajikistan;1987;12.99011009;
Tajikistan;1988;13.20007148;
Tajikistan;1989;13.2826983;
Tajikistan;1990;12.32235133;25312.9
Tajikistan;1991;11.63127278;23809.07
Tajikistan;1992;8.556630221;22305.23
Tajikistan;1993;5.798573755;20381.31
Tajikistan;1994;3.588595372;14511.31
Tajikistan;1995;3.045568146;12060.39
Tajikistan;1996;2.700465527;9004.242
Tajikistan;1997;2.976477288;8498.431
Tajikistan;1998;3.215215902;7846.455
Tajikistan;1999;2.995672338;7589.878
Tajikistan;2000;2.784500373;6521.361
Tajikistan;2001;2.741749257;6818.554
Tajikistan;2002;2.755254653;6784.925
Tajikistan;2003;2.816160548;7255.857
Tajikistan;2004;3.351937524;8438.787
Tajikistan;2005;3.190947299;8224.328
Tajikistan;2006;3.489549325;9628.511
Tajikistan;2007;4.050152021;9486.488
Tajikistan;2008;3.790626787;9916.682
Tajikistan;2009;3.04987176;10419.62
Tajikistan;2010;3.070868184;10796.24
Tajikistan;2011;3.082231167;11420.23
Tajikistan;2012;3.502010489;12438.49
Tajikistan;2013;3.593762104;12963.35
Tajikistan;2014;4.768057604;13347.19
Tajikistan;2015;5.091582565;14603.49
Tajikistan;2016;5.715288682;14313.77
Tajikistan;2017;6.933686844;14441.75
Tajikistan;2018;8.204020936;14987.04
Tajikistan;2019;9.039989068;16284.46
Tajikistan;2020;9.386344771;15890.12
Tajikistan;2021;9.378408579;16240.47
Tajikistan;2022;9.183833222;16769.8
Tajikistan;2023;9.308194605;
Turkmenistan;1970;18.89320831;
Turkmenistan;1971;18.91418582;
Turkmenistan;1972;19.87437954;
Turkmenistan;1973;20.75851876;
Turkmenistan;1974;21.76463729;
Turkmenistan;1975;23.74388959;
Turkmenistan;1976;24.33901841;
Turkmenistan;1977;25.20333419;
Turkmenistan;1978;27.07949797;
Turkmenistan;1979;27.98899224;
Turkmenistan;1980;29.99873289;
Turkmenistan;1981;30.9581855;
Turkmenistan;1982;31.80245363;
Turkmenistan;1983;32.75482304;
Turkmenistan;1984;33.92783838;
Turkmenistan;1985;35.11227602;
Turkmenistan;1986;36.34420878;
Turkmenistan;1987;37.47321622;
Turkmenistan;1988;38.4059511;
Turkmenistan;1989;39.23445507;
Turkmenistan;1990;45.69379928;60698.89
Turkmenistan;1991;38.73225636;54518.63
Turkmenistan;1992;28.28325679;48338.37
Turkmenistan;1993;26.84483376;48052.9
Turkmenistan;1994;33.96241197;43117.96
Turkmenistan;1995;34.40569516;41999.57
Turkmenistan;1996;31.28796161;39170.65
Turkmenistan;1997;31.50362955;30630.15
Turkmenistan;1998;32.60719333;34176.15
Turkmenistan;1999;38.56054423;46651.3
Turkmenistan;2000;39.33930939;53439.48
Turkmenistan;2001;40.28710793;56891.02
Turkmenistan;2002;43.21942645;59892.92
Turkmenistan;2003;48.15155228;69237.94
Turkmenistan;2004;51.32305364;70594.46
Turkmenistan;2005;52.89751572;70995.18
Turkmenistan;2006;54.95809234;68549.57
Turkmenistan;2007;60.78636014;71654.51
Turkmenistan;2008;61.93740663;74790.92
Turkmenistan;2009;54.62909186;66543.85
Turkmenistan;2010;61.65239831;68827.6
Turkmenistan;2011;66.13790366;76977.75
Turkmenistan;2012;68.29560689;80608.99
Turkmenistan;2013;65.27248288;89012.15
Turkmenistan;2014;63.18362184;85656.26
Turkmenistan;2015;65.53367054;87339.42
Turkmenistan;2016;65.59662598;104948.2
Turkmenistan;2017;65.59593177;99043.3
Turkmenistan;2018;64.76268167;103485.4
Turkmenistan;2019;65.47873684;87310.05
Turkmenistan;2020;66.70135718;95397.4
Turkmenistan;2021;65.28965563;93457.85
Turkmenistan;2022;66.61931259;101667.7
Turkmenistan;2023;65.98768402;
Timor-Leste;1970;0.001392416;
Timor-Leste;1971;0.001432224;
Timor-Leste;1972;0.001475237;
Timor-Leste;1973;0.001512898;
Timor-Leste;1974;0.001536437;
Timor-Leste;1975;0.001537811;
Timor-Leste;1976;0.001510134;
Timor-Leste;1977;0.001463597;
Timor-Leste;1978;0.001409289;
Timor-Leste;1979;0.001364109;
Timor-Leste;1980;0.001344171;
Timor-Leste;1981;0.001351307;
Timor-Leste;1982;0.001382637;
Timor-Leste;1983;0.001428971;
Timor-Leste;1984;0.001479529;
Timor-Leste;1985;0.00152647;
Timor-Leste;1986;0.001567979;
Timor-Leste;1987;0.001603703;
Timor-Leste;1988;0.00163921;
Timor-Leste;1989;0.001679908;
Timor-Leste;1990;0.001729428;
Timor-Leste;1991;0.001784973;
Timor-Leste;1992;0.001855099;
Timor-Leste;1993;0.001920199;
Timor-Leste;1994;0.001965007;
Timor-Leste;1995;0.001991519;
Timor-Leste;1996;0.00198962;
Timor-Leste;1997;0.001957128;
Timor-Leste;1998;0.064644889;
Timor-Leste;1999;0.163522032;
Timor-Leste;2000;0.228322467;
Timor-Leste;2001;0.124411396;
Timor-Leste;2002;0.105866425;
Timor-Leste;2003;0.263917069;
Timor-Leste;2004;0.515813209;
Timor-Leste;2005;0.349597041;
Timor-Leste;2006;0.340900233;
Timor-Leste;2007;0.313264048;
Timor-Leste;2008;0.310846937;
Timor-Leste;2009;0.337166132;
Timor-Leste;2010;0.334366144;
Timor-Leste;2011;0.370792917;
Timor-Leste;2012;0.628781723;
Timor-Leste;2013;0.758458399;
Timor-Leste;2014;0.744041484;
Timor-Leste;2015;0.69519355;
Timor-Leste;2016;0.660824445;
Timor-Leste;2017;0.688308781;
Timor-Leste;2018;0.680280946;
Timor-Leste;2019;0.65457926;
Timor-Leste;2020;0.649890381;
Timor-Leste;2021;0.665797779;
Timor-Leste;2022;0.712126109;
Timor-Leste;2023;0.702889741;
Tonga;1970;0.018936833;
Tonga;1971;0.018938693;
Tonga;1972;0.020184038;
Tonga;1973;0.024254208;
Tonga;1974;0.02973629;
Tonga;1975;0.024582175;
Tonga;1976;0.02422204;
Tonga;1977;0.025570119;
Tonga;1978;0.025376653;
Tonga;1979;0.027261157;
Tonga;1980;0.029345955;
Tonga;1981;0.043455706;
Tonga;1982;0.042805909;
Tonga;1983;0.04232417;
Tonga;1984;0.037793218;
Tonga;1985;0.041790369;
Tonga;1986;0.022513431;
Tonga;1987;0.057601969;
Tonga;1988;0.073263731;
Tonga;1989;0.08669333;
Tonga;1990;0.089721825;
Tonga;1991;0.095101183;
Tonga;1992;0.099991783;
Tonga;1993;0.101364478;
Tonga;1994;0.141169265;
Tonga;1995;0.11647291;
Tonga;1996;0.13265016;
Tonga;1997;0.143212367;
Tonga;1998;0.149795884;
Tonga;1999;0.1497459;
Tonga;2000;0.101081561;
Tonga;2001;0.095994946;
Tonga;2002;0.105944349;
Tonga;2003;0.125483184;
Tonga;2004;0.111792556;
Tonga;2005;0.121164349;
Tonga;2006;0.133057578;
Tonga;2007;0.114182728;
Tonga;2008;0.123664109;
Tonga;2009;0.130788662;
Tonga;2010;0.126198443;
Tonga;2011;0.120008226;
Tonga;2012;0.118147638;
Tonga;2013;0.119411992;
Tonga;2014;0.131830078;
Tonga;2015;0.134719152;
Tonga;2016;0.14318226;
Tonga;2017;0.176795915;
Tonga;2018;0.157340842;
Tonga;2019;0.189043391;
Tonga;2020;0.192151404;
Tonga;2021;0.201490705;
Tonga;2022;0.212699778;
Tonga;2023;0.219995944;
Trinidad and Tobago;1970;6.930452456;
Trinidad and Tobago;1971;6.871824765;
Trinidad and Tobago;1972;6.431972081;
Trinidad and Tobago;1973;6.670557588;
Trinidad and Tobago;1974;6.776844049;
Trinidad and Tobago;1975;6.071103762;
Trinidad and Tobago;1976;7.091448738;
Trinidad and Tobago;1977;7.877124515;
Trinidad and Tobago;1978;8.175051731;
Trinidad and Tobago;1979;8.029426622;
Trinidad and Tobago;1980;8.821191185;
Trinidad and Tobago;1981;9.262601786;
Trinidad and Tobago;1982;10.42746984;
Trinidad and Tobago;1983;11.13259627;
Trinidad and Tobago;1984;11.64425425;
Trinidad and Tobago;1985;11.86876259;
Trinidad and Tobago;1986;11.68215202;
Trinidad and Tobago;1987;12.00431987;
Trinidad and Tobago;1988;12.7778957;
Trinidad and Tobago;1989;12.77942938;
Trinidad and Tobago;1990;12.66849765;22620.19
Trinidad and Tobago;1991;12.93206459;21481.84
Trinidad and Tobago;1992;13.27930873;20343.49
Trinidad and Tobago;1993;12.94914244;17531.33
Trinidad and Tobago;1994;14.3147685;17533.84
Trinidad and Tobago;1995;13.81688178;17286.22
Trinidad and Tobago;1996;14.87200798;18251.54
Trinidad and Tobago;1997;14.84959141;18877.77
Trinidad and Tobago;1998;17.95326158;18124.25
Trinidad and Tobago;1999;18.451502;20226.94
Trinidad and Tobago;2000;19.13329303;17516.5
Trinidad and Tobago;2001;21.73062313;22414.13
Trinidad and Tobago;2002;23.49633542;22969.39
Trinidad and Tobago;2003;27.14244538;26493.93
Trinidad and Tobago;2004;28.81176689;27560.22
Trinidad and Tobago;2005;35.01973064;32113.4
Trinidad and Tobago;2006;38.55414975;33795.81
Trinidad and Tobago;2007;39.42310485;35483.91
Trinidad and Tobago;2008;38.5290785;36329.01
Trinidad and Tobago;2009;37.43437794;35403.8
Trinidad and Tobago;2010;41.02254727;31760.51
Trinidad and Tobago;2011;41.25598601;30146.1
Trinidad and Tobago;2012;38.05551463;31892.59
Trinidad and Tobago;2013;37.29461863;31883.26
Trinidad and Tobago;2014;37.13964749;33678.12
Trinidad and Tobago;2015;36.70394153;34400.04
Trinidad and Tobago;2016;33.67855932;41406.11
Trinidad and Tobago;2017;32.51090345;41053.69
Trinidad and Tobago;2018;32.58805061;38955.1
Trinidad and Tobago;2019;33.18597934;37548.93
Trinidad and Tobago;2020;29.77213228;31723.92
Trinidad and Tobago;2021;28.65870615;30185.72
Trinidad and Tobago;2022;27.92339805;32595.66
Trinidad and Tobago;2023;27.21617986;
Tunisia;1970;4.260243134;
Tunisia;1971;4.274713122;
Tunisia;1972;4.811961605;
Tunisia;1973;4.836394073;
Tunisia;1974;5.330807005;
Tunisia;1975;5.428287808;
Tunisia;1976;5.791348873;
Tunisia;1977;6.518821712;
Tunisia;1978;7.235168678;
Tunisia;1979;8.543424478;
Tunisia;1980;9.417253468;
Tunisia;1981;9.737632196;
Tunisia;1982;9.467608317;
Tunisia;1983;10.99917913;
Tunisia;1984;11.45962745;
Tunisia;1985;11.85792345;
Tunisia;1986;12.20731682;
Tunisia;1987;12.34487695;
Tunisia;1988;13.13627947;
Tunisia;1989;14.17555684;
Tunisia;1990;14.77254955;23005.88
Tunisia;1991;15.24824087;24348.7
Tunisia;1992;16.20995801;25691.52
Tunisia;1993;16.81218772;27004.48
Tunisia;1994;16.9219484;26509.95
Tunisia;1995;17.2852179;26974.98
Tunisia;1996;17.82946031;28442.4
Tunisia;1997;18.37209697;28096.35
Tunisia;1998;19.17949143;29664.22
Tunisia;1999;20.16309284;30895.41
Tunisia;2000;21.12941161;32207.77
Tunisia;2001;22.01079692;33288.99
Tunisia;2002;21.77601006;32754.91
Tunisia;2003;21.5638136;33399.34
Tunisia;2004;22.81379552;34846.72
Tunisia;2005;23.44566783;35249.75
Tunisia;2006;24.23658758;36143.32
Tunisia;2007;24.98123344;37813.4
Tunisia;2008;25.42571111;40127.12
Tunisia;2009;25.36356424;38950.15
Tunisia;2010;27.72855883;41856.88
Tunisia;2011;26.26159628;40684.97
Tunisia;2012;28.23957905;41829.08
Tunisia;2013;28.21889556;41452.85
Tunisia;2014;30.2016024;41534.36
Tunisia;2015;30.71796325;43003.54
Tunisia;2016;29.85839559;36562.68
Tunisia;2017;30.29331419;36026.54
Tunisia;2018;30.18459945;31782.83
Tunisia;2019;30.24118817;31005.69
Tunisia;2020;28.71475467;29585.07
Tunisia;2021;31.01412633;31461.8
Tunisia;2022;30.45786888;31104.63
Tunisia;2023;31.49745771;
Türkiye;1970;45.4491858;
Türkiye;1971;49.7621877;
Türkiye;1972;57.68783676;
Türkiye;1973;62.48534064;
Türkiye;1974;65.05203649;
Türkiye;1975;70.36506223;
Türkiye;1976;78.05790054;
Türkiye;1977;86.10174434;
Türkiye;1978;85.03269188;
Türkiye;1979;78.43875881;
Türkiye;1980;81.81763622;
Türkiye;1981;81.98059388;
Türkiye;1982;88.90575248;
Türkiye;1983;93.84532618;
Türkiye;1984;99.37439008;
Türkiye;1985;108.0153561;
Türkiye;1986;118.2791405;
Türkiye;1987;128.6547204;
Türkiye;1988;124.7066092;
Türkiye;1989;138.2262401;
Türkiye;1990;155.1576422;
Türkiye;1991;152.517771;
Türkiye;1992;158.9639234;
Türkiye;1993;164.5232584;
Türkiye;1994;163.6147184;
Türkiye;1995;178.369018;
Türkiye;1996;194.5186761;
Türkiye;1997;204.4401807;
Türkiye;1998;205.9948447;
Türkiye;1999;204.562994;
Türkiye;2000;227.0463513;
Türkiye;2001;206.7213924;
Türkiye;2002;217.3666338;
Türkiye;2003;229.6818233;
Türkiye;2004;235.8665175;
Türkiye;2005;246.0717746;
Türkiye;2006;273.9789595;
Türkiye;2007;300.3067162;
Türkiye;2008;299.5262685;
Türkiye;2009;301.3617913;
Türkiye;2010;312.1457747;
Türkiye;2011;332.7304645;
Türkiye;2012;344.1259106;
Türkiye;2013;333.8405347;
Türkiye;2014;355.3531982;
Türkiye;2015;367.8040977;
Türkiye;2016;391.2284102;
Türkiye;2017;433.1780712;
Türkiye;2018;428.9126157;
Türkiye;2019;413.637216;
Türkiye;2020;422.7944711;
Türkiye;2021;460.6554151;
Türkiye;2022;433.7457167;
Türkiye;2023;438.3155644;
Taiwan;1970;36.26712156;
Taiwan;1971;36.43983981;
Taiwan;1972;40.98367987;
Taiwan;1973;45.50603556;
Taiwan;1974;44.52342948;
Taiwan;1975;48.20828304;
Taiwan;1976;57.13108017;
Taiwan;1977;61.44151031;
Taiwan;1978;69.50261646;
Taiwan;1979;73.29284268;
Taiwan;1980;80.62328669;
Taiwan;1981;73.89678247;
Taiwan;1982;78.2594329;
Taiwan;1983;82.32219048;
Taiwan;1984;85.20263407;
Taiwan;1985;84.42918362;
Taiwan;1986;96.03850907;
Taiwan;1987;100.954957;
Taiwan;1988;117.8983101;
Taiwan;1989;128.0215986;
Taiwan;1990;130.6544587;190086.4
Taiwan;1991;140.6407891;189847.7
Taiwan;1992;148.2294241;189609.1
Taiwan;1993;158.3411057;195513.7
Taiwan;1994;167.6730662;196577.6
Taiwan;1995;176.6950411;192120.9
Taiwan;1996;185.5021427;198401
Taiwan;1997;199.741429;196825.5
Taiwan;1998;209.8406818;210905.4
Taiwan;1999;219.5934151;208661.3
Taiwan;2000;238.0162218;182897
Taiwan;2001;244.0231775;216762.9
Taiwan;2002;251.221542;218119.3
Taiwan;2003;261.8539357;216039.7
Taiwan;2004;272.3316712;200876.4
Taiwan;2005;280.5919972;198985.9
Taiwan;2006;287.8110746;194836.6
Taiwan;2007;292.6598711;190065.2
Taiwan;2008;280.1683081;176101.9
Taiwan;2009;266.5615186;170765.1
Taiwan;2010;284.2771859;174519.3
Taiwan;2011;290.9541477;173903
Taiwan;2012;287.1970325;169435.3
Taiwan;2013;292.5808429;170198.8
Taiwan;2014;296.6391466;171773.7
Taiwan;2015;296.561242;169521.4
Taiwan;2016;300.8786293;191506.1
Taiwan;2017;306.7203751;181537.9
Taiwan;2018;300.7483578;156453.4
Taiwan;2019;290.6657428;141986.9
Taiwan;2020;289.5064009;139080
Taiwan;2021;299.7942789;145728.6
Taiwan;2022;287.6054864;149466.9
Taiwan;2023;279.8473458;
Tanzania;1970;1.567955185;
Tanzania;1971;1.56842607;
Tanzania;1972;1.834286939;
Tanzania;1973;1.90499774;
Tanzania;1974;1.74737189;
Tanzania;1975;1.63271784;
Tanzania;1976;1.578547558;
Tanzania;1977;1.609308659;
Tanzania;1978;1.684397195;
Tanzania;1979;1.776297205;
Tanzania;1980;1.751874633;
Tanzania;1981;1.771776455;
Tanzania;1982;1.614363944;
Tanzania;1983;1.580929565;
Tanzania;1984;1.652713361;
Tanzania;1985;1.742681624;
Tanzania;1986;1.842545453;
Tanzania;1987;1.874589595;
Tanzania;1988;1.956213787;
Tanzania;1989;1.97150706;
Tanzania;1990;2.083709149;41402.31
Tanzania;1991;2.209482299;41970.05
Tanzania;1992;2.046700585;42537.8
Tanzania;1993;2.148538509;43773.23
Tanzania;1994;2.128497587;44470.12
Tanzania;1995;2.940013063;47772.56
Tanzania;1996;3.508199978;45740.02
Tanzania;1997;3.277309322;45639.73
Tanzania;1998;2.850797463;49515.83
Tanzania;1999;2.664845226;50956.62
Tanzania;2000;3.112044973;49133.82
Tanzania;2001;3.286992122;51041.64
Tanzania;2002;3.739379429;55349.11
Tanzania;2003;3.955297483;60288.44
Tanzania;2004;5.443454683;60124.79
Tanzania;2005;6.172853773;64108.56
Tanzania;2006;6.60340578;62447.52
Tanzania;2007;6.242416308;65322.49
Tanzania;2008;6.279401783;67112.65
Tanzania;2009;6.07715964;67439.97
Tanzania;2010;7.333260219;70770.92
Tanzania;2011;8.886415344;73534.48
Tanzania;2012;10.60212908;75839.41
Tanzania;2013;11.5935587;80015.1
Tanzania;2014;11.25698939;80804.32
Tanzania;2015;13.20336417;86285.46
Tanzania;2016;14.13667634;88301.38
Tanzania;2017;14.19762232;90896.73
Tanzania;2018;14.94112455;90983.11
Tanzania;2019;17.00352992;91685.84
Tanzania;2020;16.79738825;92126.62
Tanzania;2021;19.2959474;93577.5
Tanzania;2022;18.98145944;98392.77
Tanzania;2023;19.37346161;
Uganda;1970;0.936714415;
Uganda;1971;0.943351732;
Uganda;1972;0.927439079;
Uganda;1973;0.85481872;
Uganda;1974;0.893448002;
Uganda;1975;0.822024372;
Uganda;1976;1.02239495;
Uganda;1977;0.95206962;
Uganda;1978;0.742721974;
Uganda;1979;0.765494955;
Uganda;1980;0.717367;
Uganda;1981;0.583648775;
Uganda;1982;0.547428621;
Uganda;1983;0.523493065;
Uganda;1984;0.543969599;
Uganda;1985;0.564890253;
Uganda;1986;0.621637684;
Uganda;1987;0.694508492;
Uganda;1988;0.749017525;
Uganda;1989;0.70428825;
Uganda;1990;0.830187666;18933.9
Uganda;1991;0.844306265;19393.97
Uganda;1992;0.859380607;19854.04
Uganda;1993;0.866000292;20504.32
Uganda;1994;0.78110986;20657.62
Uganda;1995;1.011699917;21365.97
Uganda;1996;1.104560034;22414.99
Uganda;1997;1.160716968;22681.18
Uganda;1998;1.356178772;24052.27
Uganda;1999;1.395743888;23735.03
Uganda;2000;1.412120927;23918.99
Uganda;2001;1.436173119;24672.77
Uganda;2002;1.636940294;25430.85
Uganda;2003;1.729526411;27655.5
Uganda;2004;1.81049601;28324.93
Uganda;2005;2.219834893;30817.78
Uganda;2006;2.576401736;30097.89
Uganda;2007;3.107034834;33602.83
Uganda;2008;3.356394478;40338.66
Uganda;2009;3.704411977;40633.68
Uganda;2010;3.65560152;43361.09
Uganda;2011;4.091896841;43935.12
Uganda;2012;4.154098656;45770.14
Uganda;2013;4.211985966;45692.04
Uganda;2014;4.634074481;46437.7
Uganda;2015;5.374721773;48394.02
Uganda;2016;5.770662857;47044.38
Uganda;2017;6.000557549;48874.47
Uganda;2018;6.602685731;49388.59
Uganda;2019;6.79028174;49855.15
Uganda;2020;6.793254413;49281.63
Uganda;2021;7.576416336;50426.56
Uganda;2022;7.221030739;50108.1
Uganda;2023;7.217406803;
Ukraine;1970;477.2242286;
Ukraine;1971;476.8572019;
Ukraine;1972;502.4114909;
Ukraine;1973;532.1079898;
Ukraine;1974;556.1456021;
Ukraine;1975;582.1754079;
Ukraine;1976;600.1396145;
Ukraine;1977;610.5376318;
Ukraine;1978;653.217529;
Ukraine;1979;667.0468342;
Ukraine;1980;684.8723042;
Ukraine;1981;674.3338496;
Ukraine;1982;672.4168389;
Ukraine;1983;672.9621365;
Ukraine;1984;676.0755033;
Ukraine;1985;678.3837419;
Ukraine;1986;692.5807023;
Ukraine;1987;713.9626667;
Ukraine;1988;722.0810997;
Ukraine;1989;718.2875666;
Ukraine;1990;785.544685;943711.6
Ukraine;1991;741.0613622;762791.2
Ukraine;1992;648.3747821;581870.7
Ukraine;1993;565.9997289;545110.3
Ukraine;1994;468.440064;482203.2
Ukraine;1995;462.6362973;442862.3
Ukraine;1996;396.2374057;402391.7
Ukraine;1997;380.9965902;375947.4
Ukraine;1998;363.5368042;343406.1
Ukraine;1999;363.2923196;316128.7
Ukraine;2000;360.0220662;298052.6
Ukraine;2001;359.0634908;317581.4
Ukraine;2002;359.6468811;307926.1
Ukraine;2003;392.0199706;319148.4
Ukraine;2004;367.8053179;327221.3
Ukraine;2005;356.0703045;332419
Ukraine;2006;355.3086797;361413.1
Ukraine;2007;366.3141847;382322.1
Ukraine;2008;350.6329754;354427.1
Ukraine;2009;290.6597282;311284.7
Ukraine;2010;314.3312677;331231.9
Ukraine;2011;333.2225186;355417.3
Ukraine;2012;324.821836;352917.9
Ukraine;2013;315.1852122;342851.8
Ukraine;2014;269.2521948;307898.1
Ukraine;2015;226.0362344;284404.9
Ukraine;2016;227.1895543;241453.5
Ukraine;2017;205.5391838;224596.2
Ukraine;2018;218.3517552;265609.6
Ukraine;2019;207.8431225;261946
Ukraine;2020;198.6575012;255696.4
Ukraine;2021;194.0548802;257745.3
Ukraine;2022;138.3356459;252120.4
Ukraine;2023;136.197947;
Uruguay;1970;5.418729027;
Uruguay;1971;5.397934355;
Uruguay;1972;5.815479338;
Uruguay;1973;5.492818989;
Uruguay;1974;5.320277681;
Uruguay;1975;5.664213881;
Uruguay;1976;5.769745367;
Uruguay;1977;5.593456493;
Uruguay;1978;5.835222856;
Uruguay;1979;6.29370852;
Uruguay;1980;5.594279257;
Uruguay;1981;5.300864496;
Uruguay;1982;4.938817255;
Uruguay;1983;3.935935716;
Uruguay;1984;3.532601818;
Uruguay;1985;3.320157835;
Uruguay;1986;3.249732385;
Uruguay;1987;3.68253393;
Uruguay;1988;4.73822053;
Uruguay;1989;5.107930458;
Uruguay;1990;3.938297663;27223.74
Uruguay;1991;4.458477244;29040.89
Uruguay;1992;4.899564789;30858.04
Uruguay;1993;4.632478632;30972.14
Uruguay;1994;4.351797688;30745.44
Uruguay;1995;4.764325292;31136.03
Uruguay;1996;5.584806019;33525.03
Uruguay;1997;5.667757149;35524.71
Uruguay;1998;5.899654558;35312.82
Uruguay;1999;6.883441101;34874.05
Uruguay;2000;5.566624388;31530.33
Uruguay;2001;5.012636946;32526.84
Uruguay;2002;4.602750204;33147.52
Uruguay;2003;4.587046369;32193.94
Uruguay;2004;5.745147269;33365.73
Uruguay;2005;5.557668518;35260.32
Uruguay;2006;6.478483073;38793.08
Uruguay;2007;6.102145635;38262.62
Uruguay;2008;7.901809447;42540.57
Uruguay;2009;7.817859038;39690.67
Uruguay;2010;6.441508375;37901.6
Uruguay;2011;7.768126393;38870.65
Uruguay;2012;8.855646159;39338.27
Uruguay;2013;7.637955299;39341.34
Uruguay;2014;6.708129775;38964.66
Uruguay;2015;6.87966719;39236.79
Uruguay;2016;6.814589605;33693.55
Uruguay;2017;6.390944097;33386.51
Uruguay;2018;6.85288205;33055.15
Uruguay;2019;7.1380119;31890.05
Uruguay;2020;6.895680292;31396.53
Uruguay;2021;8.534119687;30984.15
Uruguay;2022;8.710404473;31574.55
Uruguay;2023;8.817278757;
United States;1970;4595.062878;
United States;1971;4459.919046;
United States;1972;4710.77716;
United States;1973;4896.845457;
United States;1974;4727.681218;
United States;1975;4515.615986;
United States;1976;4816.015256;
United States;1977;4980.20987;
United States;1978;4970.063648;
United States;1979;5006.911487;
United States;1980;4780.428041;
United States;1981;4709.234373;
United States;1982;4465.038416;
United States;1983;4449.046876;
United States;1984;4654.838841;
United States;1985;4681.058246;
United States;1986;4643.541597;
United States;1987;4800.899588;
United States;1988;5021.391987;
United States;1989;5079.049101;
United States;1990;4983.810546;
United States;1991;4939.207293;
United States;1992;5017.206251;
United States;1993;5135.752892;
United States;1994;5218.071487;
United States;1995;5271.665454;
United States;1996;5426.701657;
United States;1997;5699.750635;
United States;1998;5745.12955;
United States;1999;5762.098888;
United States;2000;5928.970985;
United States;2001;5877.85915;
United States;2002;5726.954946;
United States;2003;5793.093536;
United States;2004;5880.173682;
United States;2005;5888.308351;
United States;2006;5790.203805;
United States;2007;5872.951264;
United States;2008;5689.52262;
United States;2009;5273.317174;
United States;2010;5521.768829;
United States;2011;5307.914665;
United States;2012;5088.015137;
United States;2013;5225.018397;
United States;2014;5244.071722;
United States;2015;5133.220337;
United States;2016;5029.204092;
United States;2017;4959.764867;
United States;2018;5118.114833;
United States;2019;4966.950968;
United States;2020;4466.04282;
United States;2021;4755.183784;
United States;2022;4786.630553;
United States;2023;4682.039414;
Uzbekistan;1970;54.1374298;
Uzbekistan;1971;54.40421328;
Uzbekistan;1972;57.45405073;
Uzbekistan;1973;60.77893441;
Uzbekistan;1974;64.40460645;
Uzbekistan;1975;71.10495791;
Uzbekistan;1976;71.945366;
Uzbekistan;1977;74.68411898;
Uzbekistan;1978;78.83365902;
Uzbekistan;1979;81.62782141;
Uzbekistan;1980;87.90495547;
Uzbekistan;1981;91.1283199;
Uzbekistan;1982;94.30189978;
Uzbekistan;1983;97.73343338;
Uzbekistan;1984;101.5030705;
Uzbekistan;1985;105.4005802;
Uzbekistan;1986;109.7850792;
Uzbekistan;1987;113.9225554;
Uzbekistan;1988;116.6869282;
Uzbekistan;1989;118.1392801;
Uzbekistan;1990;127.8534195;211919.9
Uzbekistan;1991;128.120143;187143.5
Uzbekistan;1992;117.3990554;162367.2
Uzbekistan;1993;117.4188495;195768.8
Uzbekistan;1994;112.0174601;186917.6
Uzbekistan;1995;103.4613807;180102.9
Uzbekistan;1996;106.8841535;185533.9
Uzbekistan;1997;106.9750617;173028.3
Uzbekistan;1998;122.6011227;171671.8
Uzbekistan;1999;123.4208347;184249.7
Uzbekistan;2000;130.666703;191695.1
Uzbekistan;2001;131.9373197;184368.7
Uzbekistan;2002;136.118619;188277
Uzbekistan;2003;128.1478526;184795.7
Uzbekistan;2004;131.2920756;181828.9
Uzbekistan;2005;124.6327996;180350.9
Uzbekistan;2006;133.2483625;200676.7
Uzbekistan;2007;129.4675791;201752.5
Uzbekistan;2008;135.4269663;212479.2
Uzbekistan;2009;122.776048;203593.8
Uzbekistan;2010;135.5770422;194861.4
Uzbekistan;2011;138.3258482;197103.6
Uzbekistan;2012;122.6143729;200127.6
Uzbekistan;2013;120.7573706;195990.9
Uzbekistan;2014;112.7922866;183744.1
Uzbekistan;2015;107.2540235;186443.8
Uzbekistan;2016;113.7232116;191732
Uzbekistan;2017;118.0134986;181966.1
Uzbekistan;2018;121.8357921;185729.9
Uzbekistan;2019;125.2063178;185972.6
Uzbekistan;2020;123.0374004;176120.2
Uzbekistan;2021;133.69382;169689.2
Uzbekistan;2022;138.9113681;165700.9
Uzbekistan;2023;137.9001132;
Saint Vincent and the Grenadines;1970;0.011224969;
Saint Vincent and the Grenadines;1971;0.0112186;
Saint Vincent and the Grenadines;1972;0.013611817;
Saint Vincent and the Grenadines;1973;0.013733852;
Saint Vincent and the Grenadines;1974;0.012268122;
Saint Vincent and the Grenadines;1975;0.014802034;
Saint Vincent and the Grenadines;1976;0.013447706;
Saint Vincent and the Grenadines;1977;0.014822921;
Saint Vincent and the Grenadines;1978;0.014829049;
Saint Vincent and the Grenadines;1979;0.014672257;
Saint Vincent and the Grenadines;1980;0.014511035;
Saint Vincent and the Grenadines;1981;0.014244169;
Saint Vincent and the Grenadines;1982;0.013336986;
Saint Vincent and the Grenadines;1983;0.013078163;
Saint Vincent and the Grenadines;1984;0.014511586;
Saint Vincent and the Grenadines;1985;0.014563383;
Saint Vincent and the Grenadines;1986;0.012824889;
Saint Vincent and the Grenadines;1987;0.013609747;
Saint Vincent and the Grenadines;1988;0.017229316;
Saint Vincent and the Grenadines;1989;0.028452584;
Saint Vincent and the Grenadines;1990;0.029168528;
Saint Vincent and the Grenadines;1991;0.027910969;
Saint Vincent and the Grenadines;1992;0.03381014;
Saint Vincent and the Grenadines;1993;0.027400558;
Saint Vincent and the Grenadines;1994;0.050452783;
Saint Vincent and the Grenadines;1995;0.0551687;
Saint Vincent and the Grenadines;1996;0.049171094;
Saint Vincent and the Grenadines;1997;0.059359156;
Saint Vincent and the Grenadines;1998;0.066344932;
Saint Vincent and the Grenadines;1999;0.067210602;
Saint Vincent and the Grenadines;2000;0.041602038;
Saint Vincent and the Grenadines;2001;0.048267314;
Saint Vincent and the Grenadines;2002;0.055407155;
Saint Vincent and the Grenadines;2003;0.0598128;
Saint Vincent and the Grenadines;2004;0.064099159;
Saint Vincent and the Grenadines;2005;0.065936287;
Saint Vincent and the Grenadines;2006;0.072775886;
Saint Vincent and the Grenadines;2007;0.07790631;
Saint Vincent and the Grenadines;2008;0.08131162;
Saint Vincent and the Grenadines;2009;0.123925043;
Saint Vincent and the Grenadines;2010;0.09682799;
Saint Vincent and the Grenadines;2011;0.068504061;
Saint Vincent and the Grenadines;2012;0.087169999;
Saint Vincent and the Grenadines;2013;0.082068589;
Saint Vincent and the Grenadines;2014;0.092024072;
Saint Vincent and the Grenadines;2015;0.094904702;
Saint Vincent and the Grenadines;2016;0.100986804;
Saint Vincent and the Grenadines;2017;0.108991236;
Saint Vincent and the Grenadines;2018;0.101718259;
Saint Vincent and the Grenadines;2019;0.10144681;
Saint Vincent and the Grenadines;2020;0.082244632;
Saint Vincent and the Grenadines;2021;0.090966435;
Saint Vincent and the Grenadines;2022;0.0913336;
Saint Vincent and the Grenadines;2023;0.096285319;
Venezuela;1970;58.95355126;
Venezuela;1971;57.57418669;
Venezuela;1972;59.16472651;
Venezuela;1973;66.85755949;
Venezuela;1974;65.83115242;
Venezuela;1975;62.23720488;
Venezuela;1976;65.656765;
Venezuela;1977;67.47738923;
Venezuela;1978;72.64642266;
Venezuela;1979;82.23045073;
Venezuela;1980;90.24421115;
Venezuela;1981;90.73758427;
Venezuela;1982;92.59685507;
Venezuela;1983;90.4491363;
Venezuela;1984;93.87050829;
Venezuela;1985;92.07301335;
Venezuela;1986;92.56843076;
Venezuela;1987;97.16479192;
Venezuela;1988;93.52644197;
Venezuela;1989;99.59667266;
Venezuela;1990;102.5786896;154290.6
Venezuela;1991;105.3839899;152565.7
Venezuela;1992;106.2211181;150840.8
Venezuela;1993;110.1930104;161088.3
Venezuela;1994;122.5537513;158328.3
Venezuela;1995;119.9214977;169952.6
Venezuela;1996;133.4485253;162311.6
Venezuela;1997;133.8289289;185094
Venezuela;1998;135.5656243;215789.7
Venezuela;1999;131.9338864;217097.6
Venezuela;2000;137.74567;199944.3
Venezuela;2001;143.279492;221760.6
Venezuela;2002;148.0942663;226057.8
Venezuela;2003;142.9995336;210346.4
Venezuela;2004;149.7009097;189510.8
Venezuela;2005;155.9352345;203491.7
Venezuela;2006;158.9798011;208238
Venezuela;2007;155.9666306;210072.2
Venezuela;2008;164.0991479;228250.7
Venezuela;2009;165.2441386;233634.1
Venezuela;2010;176.7906453;238462.1
Venezuela;2011;172.9572097;216016.3
Venezuela;2012;193.7897842;240872.8
Venezuela;2013;192.9631067;235305.7
Venezuela;2014;191.9180306;231163.7
Venezuela;2015;175.9296054;222866.9
Venezuela;2016;162.9335253;285770.2
Venezuela;2017;151.9583125;273337.5
Venezuela;2018;140.7646926;220026.6
Venezuela;2019;119.4987852;178955.7
Venezuela;2020;72.32920074;168226.5
Venezuela;2021;71.17753746;166939.7
Venezuela;2022;77.84704667;146253.4
Venezuela;2023;84.59529148;
British Virgin Islands;1970;0.007337851;
British Virgin Islands;1971;0.007332953;
British Virgin Islands;1972;0.008927154;
British Virgin Islands;1973;0.00900697;
British Virgin Islands;1974;0.008028165;
British Virgin Islands;1975;0.009714987;
British Virgin Islands;1976;0.008810145;
British Virgin Islands;1977;0.009724958;
British Virgin Islands;1978;0.00972721;
British Virgin Islands;1979;0.009621311;
British Virgin Islands;1980;0.009513216;
British Virgin Islands;1981;0.013962458;
British Virgin Islands;1982;0.01305529;
British Virgin Islands;1983;0.012797169;
British Virgin Islands;1984;0.009518623;
British Virgin Islands;1985;0.009555504;
British Virgin Islands;1986;0.006063501;
British Virgin Islands;1987;0.016902682;
British Virgin Islands;1988;0.01824819;
British Virgin Islands;1989;0.018710053;
British Virgin Islands;1990;0.018273808;402.1556
British Virgin Islands;1991;0.018355766;374.1257
British Virgin Islands;1992;0.018484006;346.0957
British Virgin Islands;1993;0.01802076;378.0132
British Virgin Islands;1994;0.018360509;424.9793
British Virgin Islands;1995;0.01804872;452.9256
British Virgin Islands;1996;0.023438785;472.6189
British Virgin Islands;1997;0.024067121;506.6252
British Virgin Islands;1998;0.024703177;482.5531
British Virgin Islands;1999;0.024965796;543.0134
British Virgin Islands;2000;0.027695669;551.1662
British Virgin Islands;2001;0.027644702;583.1764
British Virgin Islands;2002;0.030923948;585.726
British Virgin Islands;2003;0.034395793;529.2709
British Virgin Islands;2004;0.035489691;512.2627
British Virgin Islands;2005;0.03727665;543.0156
British Virgin Islands;2006;0.044781917;539.1476
British Virgin Islands;2007;0.048618482;529.2525
British Virgin Islands;2008;0.054901181;505.5948
British Virgin Islands;2009;0.063383578;494.5851
British Virgin Islands;2010;0.070476423;513.5504
British Virgin Islands;2011;0.055198044;615.9437
British Virgin Islands;2012;0.056955893;586.217
British Virgin Islands;2013;0.065375653;565.2402
British Virgin Islands;2014;0.070029649;519.5913
British Virgin Islands;2015;0.071695661;529.6795
British Virgin Islands;2016;0.077208167;185.4137
British Virgin Islands;2017;0.067074174;176.2268
British Virgin Islands;2018;0.086422279;292.9112
British Virgin Islands;2019;0.079284672;279.1615
British Virgin Islands;2020;0.064294046999999993;266.6753
British Virgin Islands;2021;0.071122598;273.0172
British Virgin Islands;2022;0.071410573;277.6416
British Virgin Islands;2023;0.075289179;
Viet Nam;1970;17.50443294;
Viet Nam;1971;17.52044005;
Viet Nam;1972;16.98142987;
Viet Nam;1973;18.92330404;
Viet Nam;1974;15.77539388;
Viet Nam;1975;18.55623125;
Viet Nam;1976;13.55622259;
Viet Nam;1977;14.74931814;
Viet Nam;1978;14.93301108;
Viet Nam;1979;15.576231;
Viet Nam;1980;16.26779012;
Viet Nam;1981;16.73623781;
Viet Nam;1982;18.12023062;
Viet Nam;1983;19.54242331;
Viet Nam;1984;19.59315017;
Viet Nam;1985;19.75396505;
Viet Nam;1986;21.68088143;
Viet Nam;1987;24.11445897;
Viet Nam;1988;23.67100339;
Viet Nam;1989;20.32629263;
Viet Nam;1990;20.57348847;64550.46
Viet Nam;1991;20.71633392;68240.82
Viet Nam;1992;21.69327025;71931.18
Viet Nam;1993;25.40080785;79600.1
Viet Nam;1994;29.86228716;86854.29
Viet Nam;1995;34.34805086;92107.52
Viet Nam;1996;38.67756525;99523.18
Viet Nam;1997;44.61004706;102017.8
Viet Nam;1998;49.86935348;109704.4
Viet Nam;1999;51.08542171;113696.5
Viet Nam;2000;56.51746322;120274.9
Viet Nam;2001;62.07061449;130720.8
Viet Nam;2002;73.05591417;142328.9
Viet Nam;2003;77.61567464;156539.7
Viet Nam;2004;91.89190885;168015.3
Viet Nam;2005;100.5092453;177945.2
Viet Nam;2006;103.1143925;190692.4
Viet Nam;2007;114.262858;207293.2
Viet Nam;2008;125.7350782;225801.9
Viet Nam;2009;140.7632181;238183.5
Viet Nam;2010;156.7211219;254618.9
Viet Nam;2011;156.6912766;260702.1
Viet Nam;2012;156.1398334;273945.9
Viet Nam;2013;163.0681214;289075.6
Viet Nam;2014;178.8300845;273098.9
Viet Nam;2015;200.7053062;295276.7
Viet Nam;2016;224.4548294;206794.8
Viet Nam;2017;230.403723;205265.4
Viet Nam;2018;283.8603006;226455.7
Viet Nam;2019;338.9459652;240284.9
Viet Nam;2020;352.0639069;231340.2
Viet Nam;2021;341.1051354;228513.5
Viet Nam;2022;324.9006892;237387.7
Viet Nam;2023;372.9485199;
Vanuatu;1970;0.075139145;
Vanuatu;1971;0.075148419;
Vanuatu;1972;0.080135546;
Vanuatu;1973;0.09642596;
Vanuatu;1974;0.118363845;
Vanuatu;1975;0.09775142;
Vanuatu;1976;0.096312887;
Vanuatu;1977;0.101696729;
Vanuatu;1978;0.100920564;
Vanuatu;1979;0.108455157;
Vanuatu;1980;0.116793655;
Vanuatu;1981;0.10117789;
Vanuatu;1982;0.099668183;
Vanuatu;1983;0.098554988;
Vanuatu;1984;0.087991514;
Vanuatu;1985;0.111183435;
Vanuatu;1986;0.089530932;
Vanuatu;1987;0.0882965;
Vanuatu;1988;0.116525376;
Vanuatu;1989;0.098990301;
Vanuatu;1990;0.102456735;669.9238
Vanuatu;1991;0.095546286;644.318
Vanuatu;1992;0.053522138;618.7121
Vanuatu;1993;0.054251582;619.6322
Vanuatu;1994;0.055757103;667.9787
Vanuatu;1995;0.050633835;659.9282
Vanuatu;1996;0.051199567;665.1738
Vanuatu;1997;0.052748835;671.5519
Vanuatu;1998;0.054277465;602.8936
Vanuatu;1999;0.054271226;650.5945
Vanuatu;2000;0.084971459;523.5276
Vanuatu;2001;0.098933466;635.9698
Vanuatu;2002;0.097348342;645.7556
Vanuatu;2003;0.112140939;652.0891
Vanuatu;2004;0.087349658;643.5795
Vanuatu;2005;0.089145564;673.8543
Vanuatu;2006;0.080252572;670.6499
Vanuatu;2007;0.130916099;773.3726
Vanuatu;2008;0.128642562;815.4761
Vanuatu;2009;0.14421358;820.4045
Vanuatu;2010;0.154808234;840.7772
Vanuatu;2011;0.179632953;877.5062
Vanuatu;2012;0.147665312;840.8876
Vanuatu;2013;0.151026736;846.2327
Vanuatu;2014;0.175262355;844.4745
Vanuatu;2015;0.159207187;787.5525
Vanuatu;2016;0.165863495;406.524
Vanuatu;2017;0.189896592;414.0183
Vanuatu;2018;0.248288615;656.6185
Vanuatu;2019;0.246973829;653.0216
Vanuatu;2020;0.250919291;635.3848
Vanuatu;2021;0.263113669;632.51
Vanuatu;2022;0.2777603;571.2391
Vanuatu;2023;0.287301314;
Samoa;1970;0.065899774;
Samoa;1971;0.065905375;
Samoa;1972;0.070265568;
Samoa;1973;0.084517821;
Samoa;1974;0.103708365;
Samoa;1975;0.085667289;
Samoa;1976;0.084405172;
Samoa;1977;0.089117977;
Samoa;1978;0.088433192;
Samoa;1979;0.095022365;
Samoa;1980;0.102315057;
Samoa;1981;0.101256919;
Samoa;1982;0.113938706;
Samoa;1983;0.11265761;
Samoa;1984;0.125628431;
Samoa;1985;0.111240446;
Samoa;1986;0.084133689;
Samoa;1987;0.095756947;
Samoa;1988;0.096577001;
Samoa;1989;0.119455183;
Samoa;1990;0.12362694;470.3127
Samoa;1991;0.128225855;467.2035
Samoa;1992;0.125318059;464.0943
Samoa;1993;0.142787274;435.9095
Samoa;1994;0.146736337;482.5345
Samoa;1995;0.133170352;470.5705
Samoa;1996;0.134690128;480.4585
Samoa;1997;0.138726741;501.7794
Samoa;1998;0.142757424;465.8459
Samoa;1999;0.142708959;510.5494
Samoa;2000;0.188388286;468.998
Samoa;2001;0.203583669;543.6611
Samoa;2002;0.210305558;555.9885
Samoa;2003;0.21424022;551.6473
Samoa;2004;0.210574758;545.6
Samoa;2005;0.217796282;564.4275
Samoa;2006;0.218659347;555.261
Samoa;2007;0.238074346;557.5912
Samoa;2008;0.24410949;548.0538
Samoa;2009;0.248233003;566.7953
Samoa;2010;0.263069108;585.6299
Samoa;2011;0.2676855;620.8616
Samoa;2012;0.268077318;598.2459
Samoa;2013;0.278716094;604.0611
Samoa;2014;0.286449608;556.5692
Samoa;2015;0.328727513;596.95
Samoa;2016;0.354054879;456.5645
Samoa;2017;0.361318627;445.7054
Samoa;2018;0.358360297;654.5975
Samoa;2019;0.40258858;645.6141
Samoa;2020;0.409212075;658.3698
Samoa;2021;0.429106905;660.5482
Samoa;2022;0.452935358;692.5006
Samoa;2023;0.46844804;
Yemen;1970;1.627518111;
Yemen;1971;1.640702831;
Yemen;1972;1.925013117;
Yemen;1973;2.34227343;
Yemen;1974;2.331021472;
Yemen;1975;2.232294382;
Yemen;1976;2.730719823;
Yemen;1977;2.776491987;
Yemen;1978;3.045426289;
Yemen;1979;3.256301161;
Yemen;1980;4.102339258;
Yemen;1981;4.116006753;
Yemen;1982;4.591219644;
Yemen;1983;5.049953951;
Yemen;1984;5.164895467;
Yemen;1985;5.51240915;
Yemen;1986;5.820015043;
Yemen;1987;6.375111219;
Yemen;1988;6.866879797;
Yemen;1989;7.087801899;
Yemen;1990;7.107251326;22271.52
Yemen;1991;8.902190895;24508.65
Yemen;1992;9.594947878;26745.77
Yemen;1993;8.678306793;26099.55
Yemen;1994;10.02529593;23823.82
Yemen;1995;11.15573758;20833.7
Yemen;1996;11.42323323;19643.27
Yemen;1997;12.28784277;20527.64
Yemen;1998;13.08312644;21829.69
Yemen;1999;14.73951936;23581.9
Yemen;2000;15.74421449;23937.85
Yemen;2001;16.76954001;25776.33
Yemen;2002;16.81560525;24972.12
Yemen;2003;19.53489037;26932.15
Yemen;2004;20.43955426;27650.49
Yemen;2005;22.02181104;28059.19
Yemen;2006;22.94456101;30305.37
Yemen;2007;24.3228135;30895.04
Yemen;2008;25.24604172;31511.23
Yemen;2009;27.63424222;35702.14
Yemen;2010;26.34390986;33613.64
Yemen;2011;23.00010937;35313.15
Yemen;2012;22.00179925;37369.85
Yemen;2013;28.7864633;46957.71
Yemen;2014;28.35416811;46493.92
Yemen;2015;14.2508335;33448.65
Yemen;2016;10.62876441;34418.89
Yemen;2017;10.39218221;34050.52
Yemen;2018;12.15429951;40167.78
Yemen;2019;12.46461992;41468.67
Yemen;2020;11.50392836;40243.03
Yemen;2021;11.54830242;40252.88
Yemen;2022;11.19060846;45342.53
Yemen;2023;10.89883896;
South Africa;1970;185.5725486;
South Africa;1971;184.4691315;
South Africa;1972;191.1060295;
South Africa;1973;208.2694296;
South Africa;1974;215.0110762;
South Africa;1975;230.9326664;
South Africa;1976;245.3505916;
South Africa;1977;245.1086222;
South Africa;1978;223.0682449;
South Africa;1979;228.5781069;
South Africa;1980;242.8106191;
South Africa;1981;256.4962581;
South Africa;1982;262.9899179;
South Africa;1983;265.1803188;
South Africa;1984;282.7178706;
South Africa;1985;287.417052;
South Africa;1986;285.0960478;
South Africa;1987;301.1459894;
South Africa;1988;304.7400679;
South Africa;1989;301.4593759;
South Africa;1990;314.2299497;309820.8
South Africa;1991;306.1301208;301449.2
South Africa;1992;299.6452738;293077.5
South Africa;1993;301.7975606;303426.5
South Africa;1994;308.5728378;327486.7
South Africa;1995;325.1992649;343154.1
South Africa;1996;336.3682444;344240.4
South Africa;1997;351.22539;356384.8
South Africa;1998;357.2640361;354082.7
South Africa;1999;340.7725755;350301.7
South Africa;2000;347.2973001;373214.3
South Africa;2001;357.4031235;362800.1
South Africa;2002;370.7863398;371121.4
South Africa;2003;393.5907844;396006.5
South Africa;2004;425.7612475;423367.7
South Africa;2005;436.2792265;425156.9
South Africa;2006;440.6038137;435868.1
South Africa;2007;459.9636692;453927.1
South Africa;2008;487.9087241;441853.7
South Africa;2009;456.9358955;430103.5
South Africa;2010;464.3343291;448500.6
South Africa;2011;444.6378366;462293.6
South Africa;2012;460.8900762;451464.9
South Africa;2013;472.7453549;449244.7
South Africa;2014;484.0482417;192405.6
South Africa;2015;460.0514519;452911.8
South Africa;2016;460.4962272;451179.9
South Africa;2017;469.8114991;443564.5
South Africa;2018;473.6997703;447683
South Africa;2019;478.5883731;454883.7
South Africa;2020;418.7732389;441251.9
South Africa;2021;428.5331653;438056
South Africa;2022;409.4074246;442396.3
South Africa;2023;397.3729581;
Zambia;1970;3.700015775;
Zambia;1971;3.857058714;
Zambia;1972;4.26534121;
Zambia;1973;4.569402729;
Zambia;1974;4.61391713;
Zambia;1975;4.77866292;
Zambia;1976;4.782364402;
Zambia;1977;4.335801001;
Zambia;1978;4.126719353;
Zambia;1979;3.751200886;
Zambia;1980;3.746415936;
Zambia;1981;3.446275736;
Zambia;1982;3.337521703;
Zambia;1983;3.245520956;
Zambia;1984;3.186080219;
Zambia;1985;3.190590146;
Zambia;1986;3.285565496;
Zambia;1987;3.251730464;
Zambia;1988;3.528558747;
Zambia;1989;3.650881636;
Zambia;1990;3.027951573;26741.24
Zambia;1991;3.135445615;27068.79
Zambia;1992;3.137042228;27396.34
Zambia;1993;2.844565367;27168.04
Zambia;1994;2.386367377;26589.42
Zambia;1995;2.356459696;25547.2
Zambia;1996;1.982671464;24731.28
Zambia;1997;2.498461259;25727.95
Zambia;1998;2.342296431;27055.33
Zambia;1999;1.927030397;26138.01
Zambia;2000;1.950121446;24294.25
Zambia;2001;1.965263041;24584.09
Zambia;2002;2.065880168;26541.91
Zambia;2003;2.237808164;29444.99
Zambia;2004;2.300439526;29764.71
Zambia;2005;2.470409179;31406.8
Zambia;2006;2.405658499;29618.78
Zambia;2007;2.208646178;28817.66
Zambia;2008;2.361132104;30627.18
Zambia;2009;2.649241864;29301.33
Zambia;2010;2.921306365;29538.57
Zambia;2011;3.287324746;28967.67
Zambia;2012;4.350320709;31868.35
Zambia;2013;4.578001794;32808.76
Zambia;2014;5.009751407;29939.04
Zambia;2015;5.319987771;33213.23
Zambia;2016;5.803027583;37900.8
Zambia;2017;7.077198888;36346.77
Zambia;2018;8.056239782;36735.96
Zambia;2019;7.026690461;38708.51
Zambia;2020;7.477243028;37567.64
Zambia;2021;7.764645845;37748.21
Zambia;2022;7.806998322;39168.51
Zambia;2023;8.058979391;
Zimbabwe;1970;9.529529706;
Zimbabwe;1971;9.476805147;
Zimbabwe;1972;9.090939565;
Zimbabwe;1973;10.55153737;
Zimbabwe;1974;10.40068906;
Zimbabwe;1975;9.167706471;
Zimbabwe;1976;10.04779846;
Zimbabwe;1977;9.019109524;
Zimbabwe;1978;8.901894753;
Zimbabwe;1979;9.187533611;
Zimbabwe;1980;9.793698023;
Zimbabwe;1981;9.392527994;
Zimbabwe;1982;9.030607187;
Zimbabwe;1983;8.940521117;
Zimbabwe;1984;9.386154188;
Zimbabwe;1985;10.86503978;
Zimbabwe;1986;12.41268463;
Zimbabwe;1987;15.80926269;
Zimbabwe;1988;15.32591808;
Zimbabwe;1989;15.51776914;
Zimbabwe;1990;17.40870534;26096.6
Zimbabwe;1991;19.15097774;26182.88
Zimbabwe;1992;19.20132669;26269.16
Zimbabwe;1993;17.67218152;23281.07
Zimbabwe;1994;16.54845296;24956.62
Zimbabwe;1995;16.26602068;29519.97
Zimbabwe;1996;15.71731319;37692.58
Zimbabwe;1997;14.75645117;43051.43
Zimbabwe;1998;14.9696717;44592.82
Zimbabwe;1999;16.85154369;54775.74
Zimbabwe;2000;14.5954371;50975.3
Zimbabwe;2001;14.52413509;47935.71
Zimbabwe;2002;13.25600081;39382.35
Zimbabwe;2003;10.8569146;32895.51
Zimbabwe;2004;10.29207815;26762.07
Zimbabwe;2005;11.43637198;22555.41
Zimbabwe;2006;10.641134;16773.45
Zimbabwe;2007;10.4832301;15491.5
Zimbabwe;2008;8.223488537;13412.56
Zimbabwe;2009;7.940381345;13430.04
Zimbabwe;2010;10.06495619;16511.14
Zimbabwe;2011;15.84573376;2658.048
Zimbabwe;2012;12.74002202;2854.885
Zimbabwe;2013;12.71594887;2934.539
Zimbabwe;2014;12.59772252;1742.88
Zimbabwe;2015;12.68949314;2921.383
Zimbabwe;2016;11.26627526;23715.02
Zimbabwe;2017;10.58543366;23598.23
Zimbabwe;2018;12.27003914;25432.94
Zimbabwe;2019;11.1691502;25194.52
Zimbabwe;2020;9.072132782;23826.82
Zimbabwe;2021;10.62329012;24289.41
Zimbabwe;2022;10.96300391;22446.73
Zimbabwe;2023;11.74405128;
;;;902.9511
;;;892.9243
;;;882.8974
;;;841.0418
;;;886.9779
;;;927.0552
;;;960.152
;;;1017.45
;;;982.0551
;;;1052.971
;;;1051.821
;;;1096.074
;;;1125.393
;;;1139.935
;;;1198.446
;;;1240.071
;;;1241.635
;;;1263.826
;;;1238.382
;;;1125.283
;;;1136.523
;;;1127.9
;;;1076.968
;;;1042.32
;;;963.7124
;;;970.7759
;;;523.2692
;;;521.8818
;;;728.8847
;;;706.4383
;;;642.8306
;;;681.8299
;;;705.2279
;;;868.0681
;;;854.3479
;;;840.6277
;;;839.3304
;;;894.9599
;;;889.6597
;;;908.5663
;;;822.3697
;;;862.1711
;;;933.0006
;;;874.5098
;;;926.05
;;;953.07
;;;951.9723
;;;951.2792
;;;990.7471
;;;1039.699
;;;1087.617
;;;1069.42
;;;1008.559
;;;980.1438
;;;950.9044
;;;921.3098
;;;931.1392
;;;891.0694
;;;894.4577
;;;552.013
;;;613.6121
;;;777.0396
;;;767.5369
;;;735.4246
;;;745.128
;;;772.8832
;;;668.3362
;;;676.8055
;;;685.2747
;;;669.451
;;;709.2921
;;;756.2617
;;;729.1166
;;;775.795
;;;752.7434
;;;849.4134
;;;818.3634
;;;887.5159
;;;985.5784
;;;956.3883
;;;1007.36
;;;1111.748
;;;1161.523
;;;1231.737
;;;1216.567
;;;1267.636
;;;1293.761
;;;1406.247
;;;1238.698
;;;1200.658
;;;1126.399
;;;1141.479
;;;635.3858
;;;672.0862
;;;1037.943
;;;1074.079
;;;1081.779
;;;1095.393
;;;1088.799
;;;125592.7
;;;118520.2
;;;111447.6
;;;118329.9
;;;117564.4
;;;118407.3
;;;124441.9
;;;116676
;;;117081.4
;;;111756.7
;;;115683.4
;;;116081.6
;;;119969.1
;;;122540.1
;;;121923.9
;;;121423.6
;;;121051.5
;;;122466
;;;124464.8
;;;119253.8
;;;119141
;;;116309.9
;;;114731.9
;;;108308.1
;;;104800.1
;;;107973.2
;;;94344.3
;;;91540.96
;;;111581.5
;;;71029.14
;;;70280.75
;;;72282.71
;;;72750.83
;;;16011.53
;;;15239.16
;;;14466.8
;;;15167.77
;;;13623.8
;;;15991.98
;;;17283.77
;;;17218.47
;;;17116.65
;;;16774.36
;;;17147.97
;;;18283.71
;;;18599.58
;;;17350.21
;;;18130.08
;;;19460.05
;;;17974.7
;;;18486.34
;;;18153.51
;;;17351.85
;;;17771.31
;;;18183
;;;20404.34
;;;22172.58
;;;21747.41
;;;21978.23
;;;31893.38
;;;31738.8
;;;33049.31
;;;33111.71
;;;32823.57
;;;32718.86
;;;33695.89
;;;59564.98
;;;59183.2
;;;58801.42
;;;58926.9
;;;58694.69
;;;60928.8
;;;53639.71
;;;55256.06
;;;61481.62
;;;60672.86
;;;60239.85
;;;58982.41
;;;58178.79
;;;58507.61
;;;61973.95
;;;62069.3
;;;62861.14
;;;58691.4
;;;62498.17
;;;62808.35
;;;65587.1
;;;64569.83
;;;71073.37
;;;76902.52
;;;77378.75
;;;78196.2
;;;80366.98
;;;82699.93
;;;82703.41
;;;83546.25
;;;83684.09
;;;83611.97
;;;84769.86
;;;702654.6
;;;712569.2
;;;722483.8
;;;699317.6
;;;708573.9
;;;724052.5
;;;741750.9
;;;721290.8
;;;746641.2
;;;743957.1
;;;744067
;;;737071.1
;;;738769.5
;;;765960
;;;774295.7
;;;781877.9
;;;774457.4
;;;771165.9
;;;766832.4
;;;723150.4
;;;711625.8
;;;683254.4
;;;676742.4
;;;675433.8
;;;631834.6
;;;644458.5
;;;586125.3
;;;612924.6
;;;618477.3
;;;587811.1
;;;582543.7
;;;575957.9
;;;561805.7
;;;1621.465
;;;1597.469
;;;1573.474
;;;1578.165
;;;1636.923
;;;1655.129
;;;1719.093
;;;1630.409
;;;1693.423
;;;1718.313
;;;1775.699
;;;1688.228
;;;1587.49
;;;1679.734
;;;1805.586
;;;1872.724
;;;1934.116
;;;1956.022
;;;2076.368
;;;2328.275
;;;2450.664
;;;2283.483
;;;2293.121
;;;2331.258
;;;2396.87
;;;2549.739
;;;2131.528
;;;2216.363
;;;2320.585
;;;2507.973
;;;2484.989
;;;2498.329
;;;2508.158
;;;53471.72
;;;58588.46
;;;63705.21
;;;67211.43
;;;73361.96
;;;76981.46
;;;78727.18
;;;85757.29
;;;82234.62
;;;82416.49
;;;85605.32
;;;92287.98
;;;88028.58
;;;87609.16
;;;82635.5
;;;82924.57
;;;84198.11
;;;89491.44
;;;93236.43
;;;89153.41
;;;94221.19
;;;98963.9
;;;102594.5
;;;100970.6
;;;93870.57
;;;96903.07
;;;97850.71
;;;114353.3
;;;102566.6
;;;101451.9
;;;98971.73
;;;96487.06
;;;96335.76
;;;645154.7
;;;652141.7
;;;659128.8
;;;611004.7
;;;616471.8
;;;634302.3
;;;648630.6
;;;660065.9
;;;682526.1
;;;692685.4
;;;695180.3
;;;692826.7
;;;704639.5
;;;746133.4
;;;753797.7
;;;754006
;;;750600.5
;;;741578.9
;;;727337.2
;;;664516.4
;;;662113.2
;;;623010
;;;599853.3
;;;564376.9
;;;538125.5
;;;544932
;;;468372.3
;;;487179.6
;;;513520.6
;;;490090.5
;;;489566.3
;;;489110.2
;;;480372.4
;;;545.5463
;;;515.7073
;;;485.8684
;;;469.0627
;;;492.9599
;;;493.0511
;;;494.0957
;;;545.2686
;;;511.2783
;;;555.6157
;;;535.1037
;;;561.7789
;;;576.3282
;;;533.6494
;;;509.7466
;;;516.7524
;;;501.3447
;;;468.4922
;;;476.7774
;;;454.6956
;;;460.6537
;;;483.3818
;;;453.9528
;;;463.6413
;;;375.3548
;;;366.8375
;;;390.0456
;;;352.1079
;;;1395.07
;;;1339.921
;;;1299.02
;;;1316.711
;;;1370.673
;;;3205.447
;;;3304.366
;;;3403.284
;;;3746.083
;;;4468.043
;;;4378.407
;;;4225.203
;;;4237.655
;;;4090.956
;;;4118.148
;;;4335.442
;;;4336.517
;;;4484.197
;;;5025.527
;;;5827.459
;;;6224.748
;;;7114.022
;;;7895.98
;;;7825.554
;;;7323.516
;;;7891.521
;;;9078.622
;;;8775.653
;;;8688.54
;;;8383.097
;;;8035.893
;;;7947.768
;;;7599.241
;;;7300.326
;;;7168.238
;;;7208.244
;;;7137.761
;;;7363.263
;;;454.0753
;;;424.995
;;;395.9147
;;;365.9563
;;;404.3927
;;;396.9182
;;;399.8679
;;;475.1441
;;;386.3826
;;;431.5266
;;;411.3992
;;;444.1844
;;;454.4986
;;;408.8567
;;;385.9498
;;;388.7319
;;;372.4729
;;;384.1606
;;;383.3509
;;;354.3039
;;;358.8918
;;;387.1773
;;;357.8608
;;;375.8413
;;;308.1455
;;;301.5113
;;;436.1272
;;;423.3931
;;;1171.211
;;;1056.728
;;;1017.044
;;;1021.876
;;;1083.42
;;;5642.685
;;;4988.831
;;;4334.977
;;;3076.862
;;;2613.112
;;;2346.864
;;;3862.248
;;;4305.408
;;;4284.825
;;;4501.868
;;;4822.236
;;;4756.86
;;;5306.214
;;;5079.557
;;;4874.911
;;;4595.025
;;;4888.499
;;;5733.662
;;;5172.559
;;;5053.297
;;;5945.363
;;;6099.047
;;;5476.308
;;;5223.682
;;;5097.649
;;;5011.296
;;;3406.737
;;;3546.464
;;;5189.447
;;;5047.826
;;;4964.23
;;;4451.925
;;;4889.849
;;;29547.43
;;;29499.66
;;;29451.88
;;;30744.77
;;;32292.92
;;;33911.41
;;;33461.15
;;;30379.36
;;;30001.75
;;;32043.66
;;;29461.51
;;;31636.06
;;;33106.53
;;;38217.74
;;;39742.34
;;;40684.74
;;;42825.02
;;;44633.05
;;;43835.61
;;;45788.07
;;;48257.03
;;;49091.23
;;;46838.59
;;;48443.28
;;;51269.57
;;;56151.76
;;;66786
;;;68634.23
;;;73041.58
;;;72002.66
;;;71482.86
;;;69857.11
;;;76010.56
;;;6724.115
;;;5630.653
;;;4537.19
;;;5554.182
;;;5572.063
;;;5486.923
;;;5103.288
;;;5084.114
;;;1430.716
;;;2774.386
;;;5133.87
;;;5213.015
;;;5081.283
;;;5129.451
;;;5362.465
;;;5276.039
;;;5251.533
;;;5548.781
;;;5426.891
;;;5505.755
;;;4254.164
;;;4774.421
;;;5461.905
;;;4852.562
;;;5183.052
;;;5503.463
;;;6898.288
;;;7317.533
;;;7264.264
;;;7200.616
;;;6286.033
;;;7026.018
;;;6975.561
;;;0
;;;0
;;;0
;;;0
;;;0
;;;0
;;;0
;;;0
;;;0
;;;0
;;;0
;;;0
;;;0
;;;0
;;;0
;;;0
;;;0
;;;0
;;;0
;;;0
;;;0
;;;0
;;;0
;;;0
;;;0
;;;0
;;;0
;;;0
;;;0
;;;0
;;;0
;;;0
;;;0
;;;636.021
;;;633.2781
;;;630.5353
;;;575.5649
;;;627.2193
;;;625.1749
;;;646.4159
;;;653.4568
;;;577.5701
;;;630.7984
;;;596.763
;;;610.7413
;;;629.7808
;;;620.357
;;;609.4789
;;;622.224
;;;616.8822
;;;635.3828
;;;666.8774
;;;695.2622
;;;1012.345
;;;1440.983
;;;1323.856
;;;1313.42
;;;1149.809
;;;1197.459
;;;236.1094
;;;227.1358
;;;579.1722
;;;574.8926
;;;569.8078
;;;556.1126
;;;566.147
;;;332.3562
;;;308.9128
;;;285.4694
;;;291.962
;;;308.4317
;;;291.6282
;;;315.076
;;;287.714
;;;227.3063
;;;272.9633
;;;262.0331
;;;266.8746
;;;281.1272
;;;266.1613
;;;260.3907
;;;262.282
;;;286.4576
;;;284.7484
;;;310.058
;;;319.2281
;;;328.5536
;;;350.3574
;;;334.2017
;;;348.7954
;;;296.8157
;;;309.3611
;;;130.1016
;;;117.376
;;;296.666
;;;298.8842
;;;299.8558
;;;297.3942
;;;299.8609
;;;82995.12
;;;74843.13
;;;66691.13
;;;59056.87
;;;54860.91
;;;58150.98
;;;65090.65
;;;68164.72
;;;70540.04
;;;52514.43
;;;61594.1
;;;66961.62
;;;66693.07
;;;73890.97
;;;80318.97
;;;71440.69
;;;81308.74
;;;81280.9
;;;81287.22
;;;77160.97
;;;83141.25
;;;92002.72
;;;85977.91
;;;87774.03
;;;76000.92
;;;85788.03
;;;70168.85
;;;68865.75
;;;79716.92
;;;79827.04
;;;78678.4
;;;68624.56
;;;73734.61
;;;0
;;;0
;;;0
;;;0
;;;0
;;;0
;;;0
;;;0
;;;0
;;;0
;;;0
;;;0
;;;0
;;;0
;;;0
;;;0
;;;0
;;;0
;;;0
;;;0
;;;0
;;;0
;;;0
;;;0
;;;0
;;;0
;;;0
;;;0
;;;0
;;;0
;;;0
;;;0
;;;0
;;;364098.1
;;;375359.5
;;;386621
;;;353485.1
;;;372996.5
;;;404087.2
;;;409531.8
;;;417439.3
;;;453529.7
;;;490802.3
;;;521533.5
;;;517641.5
;;;531185.2
;;;559258.3
;;;587450.1
;;;608403.3
;;;613909
;;;632033
;;;603004.6
;;;519993.7
;;;516700
;;;499349.3
;;;475773.6
;;;444229.8
;;;438966.5
;;;449794.1
;;;372452.6
;;;393611.1
;;;398473
;;;368287
;;;356722.7
;;;354623.5
;;;347020.3
;;;0
;;;0
;;;0
;;;0
;;;0
;;;0
;;;0
;;;0
;;;0
;;;0
;;;0
;;;0
;;;0
;;;0
;;;0
;;;0
;;;0
;;;0
;;;0
;;;0
;;;0
;;;0
;;;0
;;;0
;;;0
;;;0
;;;0
;;;0
;;;0
;;;0
;;;0
;;;0
;;;0
;;;3920.763
;;;4227.068
;;;4533.373
;;;4658.035
;;;4885.611
;;;5150.245
;;;5066.91
;;;5298.823
;;;5269.268
;;;5275.9
;;;5325.208
;;;5460.631
;;;5362.492
;;;6121.686
;;;6187.216
;;;6174.918
;;;6005.494
;;;6123.479
;;;5936.591
;;;6358.048
;;;6152.864
;;;6111.908
;;;6137.167
;;;6251.831
;;;3618.398
;;;5632.606
;;;4453.658
;;;4051.913
;;;4603.946
;;;4543.19
;;;4292.999
;;;4322.158
;;;4368.806
;;;143252.3
;;;125309.9
;;;107367.5
;;;103993.6
;;;107959.7
;;;112195.8
;;;109816
;;;103240.1
;;;104371.3
;;;104801.1
;;;107499.6
;;;111962.4
;;;108667
;;;113383.7
;;;119462.6
;;;122243.3
;;;126578.5
;;;128107
;;;131011.2
;;;121823.1
;;;128884.3
;;;128451.9
;;;128784.2
;;;131383.7
;;;123324.6
;;;124745.8
;;;111129.4
;;;114888.2
;;;108251.1
;;;102304.1
;;;101928.9
;;;100584.6
;;;98659.93
;;;13054.81
;;;12083.97
;;;11113.13
;;;11894.48
;;;11950.12
;;;12117.1
;;;11569.08
;;;11225.75
;;;12588.09
;;;12322.36
;;;12352.19
;;;11896.84
;;;12098.87
;;;11945.08
;;;12129.91
;;;12702.6
;;;12305.71
;;;13178.91
;;;13741.34
;;;13362.53
;;;13360.61
;;;13769.24
;;;13744.36
;;;13110.67
;;;12728.13
;;;12597.13
;;;10140.96
;;;10217.1
;;;10682.03
;;;11202.79
;;;10248.78
;;;10587.9
;;;10734.94
;;;235921.3
;;;244368.7
;;;252816
;;;269493.1
;;;247595.6
;;;273033
;;;298699.3
;;;311364.2
;;;321069.2
;;;311519.9
;;;340921.3
;;;303164.4
;;;315714.9
;;;343083
;;;365278.5
;;;390796.9
;;;422558.4
;;;461520.1
;;;463292
;;;444932.4
;;;472240.5
;;;517305.8
;;;527715.7
;;;524658.4
;;;530223.3
;;;549537.3
;;;489497.2
;;;505545.7
;;;479434.3
;;;469600
;;;487793.7
;;;504556.3
;;;485273.8
;;;0
;;;0
;;;0
;;;0
;;;0
;;;0
;;;0
;;;0
;;;0
;;;0
;;;0
;;;0
;;;0
;;;0
;;;0
;;;0
;;;0
;;;0
;;;0
;;;0
;;;0
;;;0
;;;0
;;;0
;;;0
;;;0
;;;0
;;;0
;;;0
;;;0
;;;0
;;;0
;;;0
;;;52021.72
;;;60166.71
;;;68311.71
;;;82311.13
;;;92172.96
;;;92133.13
;;;103847.7
;;;108792.1
;;;112852.7
;;;117612.1
;;;144357.9
;;;132366.7
;;;127518.8
;;;155053.2
;;;175024.4
;;;187844.7
;;;199098.2
;;;221051.1
;;;245027.4
;;;240385.1
;;;233106.4
;;;245422.1
;;;275129.5
;;;281001.1
;;;273953.3
;;;289338
;;;194548.5
;;;182858.3
;;;186282.2
;;;182253.1
;;;175397.5
;;;177733.9
;;;186356.7
;;;904836
;;;895095.2
;;;885354.4
;;;862757.1
;;;877796.1
;;;882604
;;;925907.2
;;;952420
;;;963399.6
;;;949638.9
;;;958325.1
;;;953413
;;;941605.3
;;;969043.8
;;;1002887
;;;1014574
;;;1046511
;;;1046446
;;;1003791
;;;877214.1
;;;913241.6
;;;871459.4
;;;886715.4
;;;870902.1
;;;801330.5
;;;794567.3
;;;699364.2
;;;693704.4
;;;660971.1
;;;627454.6
;;;610689.7
;;;608891.1
;;;610279.1
;;;6630991
;;;6655240
;;;6679489
;;;6817758
;;;7012227
;;;7107749
;;;7400096
;;;7607694
;;;8063166
;;;8210933
;;;8514666
;;;8445655
;;;8494960
;;;8602554
;;;8870748
;;;9007229
;;;9048281
;;;9053511
;;;8725014
;;;7881532
;;;8216232
;;;8092711
;;;7871503
;;;7991559
;;;7902756
;;;7713015
;;;7705731
;;;7784480
;;;7810700
;;;7335654
;;;6966506
;;;6953330
;;;6698194
;;;0
;;;0
;;;0
;;;0
;;;0
;;;0
;;;0
;;;0
;;;0
;;;0
;;;0
;;;0
;;;0
;;;0
;;;0
;;;0
;;;0
;;;0
;;;0
;;;0
;;;0
;;;0
;;;0
;;;0
;;;0
;;;0
;;;0
;;;0
;;;0
;;;0
;;;0
;;;0
;;;0
